// NUNITO_BOLD_18 — auto-generated by tools/atlas_gen.py.
// Source: Nunito-Bold.ttf @ 18px
// Edit the generator, not this file.

#include "../atlas.h"

static const uint8_t NUNITO_BOLD_18_DATA[] = {
    0x13, 0xda, 0xde, 0x16, 0x3e, 0xff, 0xff, 0x42, 0x2e, 0xff, 0xff, 0x31, 0x1a, 0xff, 0xff, 0x1d,
    0x05, 0xff, 0xff, 0x08, 0x00, 0xf0, 0xf3, 0x00, 0x00, 0xdb, 0xde, 0x00, 0x00, 0xc6, 0xc9, 0x00,
    0x00, 0x8e, 0x96, 0x00, 0x00, 0x00, 0x00, 0x00, 0x00, 0x86, 0xb7, 0x09, 0x00, 0xf7, 0xff, 0x3b,
    0x00, 0xa9, 0xde, 0x10, 0x00, 0xa9, 0xe2, 0x1e, 0x18, 0xdf, 0xb3, 0x00, 0x00, 0xf6, 0xff, 0x54,
    0x46, 0xff, 0xff, 0x08, 0x00, 0xe3, 0xff, 0x42, 0x32, 0xff, 0xf5, 0x00, 0x00, 0xcc, 0xff, 0x2b,
    0x1a, 0xff, 0xdd, 0x00, 0x00, 0xb5, 0xff, 0x14, 0x03, 0xfd, 0xc5, 0x00, 0x00, 0x6d, 0xc8, 0x00,
    0x00, 0xb8, 0x7e, 0x00, 0x00, 0x00, 0x00, 0x00, 0x00, 0x00, 0x00, 0x00, 0x00, 0x00, 0x00, 0x00,
    0x00, 0x00, 0x00, 0x00, 0x00, 0x00, 0x00, 0x00, 0x00, 0x00, 0x00, 0x00, 0x00, 0x00, 0x00, 0x00,
    0x00, 0x00, 0x00, 0x00, 0x00, 0x00, 0x00, 0x00, 0x00, 0x00, 0x00, 0x00, 0x00, 0x00, 0x00, 0x00,
    0x00, 0x00, 0x00, 0x00, 0x00, 0x00, 0x00, 0x00, 0x00, 0x00, 0x00, 0x00, 0x00, 0x00, 0x00, 0x1a,
    0xe6, 0x42, 0x00, 0x3c, 0xe9, 0x1d, 0x00, 0x00, 0x00, 0x00, 0x60, 0xff, 0x30, 0x00, 0x8c, 0xfb,
    0x09, 0x00, 0x00, 0x09, 0x20, 0xad, 0xf9, 0x23, 0x20, 0xc8, 0xe0, 0x12, 0x00, 0x00, 0xd3, 0xff,
    0xff, 0xff, 0xff, 0xff, 0xff, 0xff, 0xf8, 0x07, 0x00, 0x2c, 0x51, 0xff, 0xb5, 0x50, 0x6e, 0xff,
    0xa3, 0x37, 0x00, 0x00, 0x00, 0x26, 0xff, 0x6b, 0x00, 0x54, 0xff, 0x3e, 0x00, 0x00, 0x00, 0x00,
    0x56, 0xff, 0x3c, 0x00, 0x84, 0xff, 0x0f, 0x00, 0x00, 0x00, 0x00, 0x86, 0xfe, 0x0d, 0x00, 0xb3,
    0xde, 0x00, 0x00, 0x00, 0x15, 0xaa, 0xf8, 0xfb, 0xb8, 0xb8, 0xf2, 0xfc, 0xb7, 0x5b, 0x00, 0x2d,
    0xf7, 0xff, 0xff, 0xff, 0xff, 0xff, 0xff, 0xff, 0x86, 0x00, 0x00, 0x0d, 0xfd, 0x88, 0x00, 0x35,
    0xff, 0x5a, 0x00, 0x00, 0x00, 0x00, 0x3f, 0xff, 0x53, 0x00, 0x6d, 0xff, 0x23, 0x00, 0x00, 0x00,
    0x00, 0x47, 0xe5, 0x13, 0x00, 0x73, 0xc9, 0x00, 0x00, 0x00, 0x00, 0x00, 0x00, 0x00, 0x00, 0x22,
    0xe1, 0xbe, 0x00, 0x00, 0x00, 0x00, 0x00, 0x00, 0x00, 0x00, 0x44, 0xff, 0xff, 0x00, 0x00, 0x00,
    0x00, 0x00, 0x00, 0x1c, 0x98, 0xee, 0xff, 0xff, 0xe3, 0xa1, 0x33, 0x00, 0x00, 0x25, 0xec, 0xff,
    0xf3, 0xc6, 0xbf, 0xe7, 0xff, 0xfa, 0x1e, 0x00, 0xb1, 0xff, 0xbe, 0x10, 0x00, 0x00, 0x02, 0x4b,
    0x7f, 0x05, 0x00, 0xf1, 0xff, 0x52, 0x00, 0x00, 0x00, 0x00, 0x00, 0x00, 0x00, 0x00, 0xeb, 0xff,
    0x9b, 0x03, 0x00, 0x00, 0x00, 0x00, 0x00, 0x00, 0x00, 0xa2, 0xff, 0xff, 0xe8, 0xa5, 0x69, 0x20,
    0x00, 0x00, 0x00, 0x00, 0x15, 0xc1, 0xff, 0xff, 0xff, 0xff, 0xff, 0xba, 0x1d, 0x00, 0x00, 0x00,
    0x01, 0x3e, 0x8e, 0xc6, 0xf8, 0xff, 0xff, 0xce, 0x02, 0x00, 0x00, 0x00, 0x00, 0x00, 0x00, 0x0d,
    0x95, 0xff, 0xff, 0x29, 0x00, 0x00, 0x00, 0x00, 0x00, 0x00, 0x00, 0x0e, 0xff, 0xff, 0x37, 0x01,
    0x90, 0x67, 0x0a, 0x00, 0x00, 0x00, 0x5f, 0xff, 0xf3, 0x0c, 0x0e, 0xf6, 0xff, 0xf6, 0xcb, 0xbb,
    0xd4, 0xff, 0xff, 0x6c, 0x00, 0x00, 0x2a, 0x93, 0xd5, 0xff, 0xff, 0xff, 0xc4, 0x4f, 0x00, 0x00,
    0x00, 0x00, 0x00, 0x00, 0x44, 0xff, 0xff, 0x00, 0x00, 0x00, 0x00, 0x00, 0x00, 0x00, 0x00, 0x22,
    0xe1, 0xc0, 0x00, 0x00, 0x00, 0x00, 0x00, 0x00, 0x00, 0x00, 0x00, 0x00, 0x00, 0x00, 0x00, 0x00,
    0x00, 0x00, 0x00, 0x00, 0x00, 0x00, 0x00, 0x00, 0x00, 0x04, 0x8e, 0xed, 0xf0, 0x91, 0x03, 0x00,
    0x00, 0x00, 0x0a, 0xd8, 0x89, 0x00, 0x00, 0x00, 0x00, 0x00, 0x00, 0x7a, 0xff, 0xef, 0xed, 0xff,
    0x6e, 0x00, 0x00, 0x00, 0x83, 0xff, 0x6e, 0x00, 0x00, 0x00, 0x00, 0x00, 0x00, 0xd7, 0xff, 0x66,
    0x6c, 0xff, 0xd1, 0x00, 0x00, 0x1e, 0xf6, 0xd9, 0x05, 0x00, 0x00, 0x00, 0x00, 0x00, 0x00, 0xf8,
    0xff, 0x47, 0x49, 0xff, 0xf3, 0x00, 0x00, 0xa9, 0xff, 0x4b, 0x00, 0x00, 0x00, 0x00, 0x00, 0x00,
    0x00, 0xec, 0xff, 0x4c, 0x4c, 0xff, 0xf2, 0x00, 0x3d, 0xff, 0xb8, 0x00, 0x00, 0x00, 0x00, 0x00,
    0x00, 0x00, 0x00, 0xbf, 0xff, 0x86, 0x8d, 0xff, 0xc1, 0x02, 0xcd, 0xfb, 0x2d, 0x7b, 0xdd, 0xf9,
    0xe0, 0x7e, 0x03, 0x00, 0x00, 0x49, 0xff, 0xff, 0xff, 0xfe, 0x4a, 0x64, 0xff, 0x92, 0x93, 0xff,
    0xf9, 0xc9, 0xf7, 0xff, 0x83, 0x00, 0x00, 0x00, 0x4c, 0xa9, 0xa6, 0x46, 0x0e, 0xe8, 0xed, 0x22,
    0xfa, 0xff, 0x4e, 0x00, 0x53, 0xff, 0xf8, 0x0b, 0x00, 0x00, 0x00, 0x00, 0x00, 0x00, 0x8b, 0xff,
    0x6c, 0x38, 0xff, 0xff, 0x08, 0x00, 0x0c, 0xff, 0xff, 0x30, 0x00, 0x00, 0x00, 0x00, 0x00, 0x24,
    0xf9, 0xd5, 0x04, 0x31, 0xff, 0xff, 0x0c, 0x00, 0x0b, 0xff, 0xff, 0x37, 0x00, 0x00, 0x00, 0x00,
    0x00, 0xb1, 0xff, 0x46, 0x00, 0x0b, 0xf8, 0xff, 0x52, 0x00, 0x59, 0xff, 0xf9, 0x0f, 0x00, 0x00,
    0x00, 0x00, 0x44, 0xff, 0xb3, 0x00, 0x00, 0x00, 0x86, 0xff, 0xf7, 0xc8, 0xf9, 0xff, 0x93, 0x00,
    0x00, 0x00, 0x00, 0x00, 0x9e, 0xf9, 0x26, 0x00, 0x00, 0x00, 0x04, 0x80, 0xe1, 0xfa, 0xde, 0x7c,
    0x03, 0x00, 0x00, 0x00, 0x00, 0x00, 0x19, 0x2e, 0x00, 0x00, 0x00, 0x00, 0x00, 0x00, 0x00, 0x00,
    0x00, 0x00, 0x00, 0x00, 0x00, 0x00, 0x02, 0x71, 0xd4, 0xf8, 0xe8, 0xa9, 0x22, 0x00, 0x00, 0x00,
    0x00, 0x00, 0x00, 0x87, 0xff, 0xfc, 0xc3, 0xe9, 0xff, 0xdd, 0x07, 0x00, 0x00, 0x00, 0x00, 0x00,
    0xed, 0xff, 0x6a, 0x00, 0x1c, 0xff, 0xff, 0x34, 0x00, 0x00, 0x00, 0x00, 0x00, 0xea, 0xff, 0x64,
    0x00, 0x39, 0xff, 0xff, 0x20, 0x00, 0x00, 0x00, 0x00, 0x00, 0x81, 0xff, 0xe8, 0x72, 0xea, 0xff,
    0x98, 0x00, 0x00, 0x00, 0x00, 0x00, 0x00, 0x03, 0xd4, 0xff, 0xff, 0xff, 0x7e, 0x02, 0x00, 0xac,
    0xcb, 0x00, 0x00, 0x00, 0x80, 0xfe, 0xff, 0xff, 0xf0, 0x23, 0x00, 0x0a, 0xfd, 0xda, 0x00, 0x00,
    0x5f, 0xff, 0xf2, 0x4a, 0xb7, 0xff, 0xe5, 0x27, 0x44, 0xff, 0xaa, 0x00, 0x00, 0xd4, 0xff, 0x77,
    0x00, 0x08, 0xba, 0xff, 0xe8, 0xcf, 0xff, 0x59, 0x00, 0x00, 0xf7, 0xff, 0x4f, 0x00, 0x00, 0x09,
    0xbc, 0xff, 0xff, 0xe9, 0x09, 0x00, 0x00, 0xd4, 0xff, 0xa7, 0x04, 0x00, 0x00, 0x5e, 0xff, 0xff,
    0xf8, 0x30, 0x00, 0x00, 0x50, 0xfd, 0xff, 0xe5, 0xbf, 0xdd, 0xff, 0xfc, 0xd3, 0xff, 0xed, 0x29,
    0x00, 0x00, 0x3a, 0xaf, 0xea, 0xfa, 0xe4, 0xa1, 0x2d, 0x01, 0x8f, 0xf0, 0x57, 0x00, 0xa9, 0xe2,
    0x1e, 0x00, 0xf6, 0xff, 0x54, 0x00, 0xe3, 0xff, 0x42, 0x00, 0xcc, 0xff, 0x2b, 0x00, 0xb5, 0xff,
    0x14, 0x00, 0x6d, 0xc8, 0x00, 0x00, 0x00, 0x00, 0x00, 0x00, 0x00, 0x00, 0x00, 0x00, 0x00, 0x00,
    0x00, 0x00, 0x00, 0x00, 0x00, 0x00, 0x00, 0x00, 0x00, 0x00, 0x00, 0x00, 0x00, 0x00, 0x00, 0x00,
    0x00, 0x00, 0x00, 0x00, 0x0e, 0xb9, 0x55, 0x00, 0x00, 0x00, 0x74, 0xff, 0x81, 0x00, 0x00, 0x05,
    0xe3, 0xff, 0x35, 0x00, 0x00, 0x45, 0xff, 0xe5, 0x01, 0x00, 0x00, 0x86, 0xff, 0xac, 0x00, 0x00,
    0x00, 0xc1, 0xff, 0x7b, 0x00, 0x00, 0x00, 0xde, 0xff, 0x5c, 0x00, 0x00, 0x00, 0xf1, 0xff, 0x4e,
    0x00, 0x00, 0x00, 0xfb, 0xff, 0x48, 0x00, 0x00, 0x00, 0xed, 0xff, 0x57, 0x00, 0x00, 0x00, 0xd5,
    0xff, 0x6a, 0x00, 0x00, 0x00, 0xa9, 0xff, 0x96, 0x00, 0x00, 0x00, 0x70, 0xff, 0xc9, 0x00, 0x00,
    0x00, 0x20, 0xff, 0xfc, 0x12, 0x00, 0x00, 0x00, 0xbc, 0xff, 0x5d, 0x00, 0x00, 0x00, 0x3e, 0xff,
    0x8e, 0x00, 0x00, 0x00, 0x00, 0x3e, 0x13, 0x25, 0xc6, 0x31, 0x00, 0x00, 0x00, 0x41, 0xff, 0xbd,
    0x00, 0x00, 0x00, 0x06, 0xf2, 0xff, 0x34, 0x00, 0x00, 0x00, 0xab, 0xff, 0x8a, 0x00, 0x00, 0x00,
    0x71, 0xff, 0xd3, 0x00, 0x00, 0x00, 0x40, 0xff, 0xfb, 0x07, 0x00, 0x00, 0x1f, 0xff, 0xff, 0x28,
    0x00, 0x00, 0x0e, 0xff, 0xff, 0x38, 0x00, 0x00, 0x05, 0xff, 0xff, 0x3d, 0x00, 0x00, 0x14, 0xff,
    0xff, 0x29, 0x00, 0x00, 0x27, 0xff, 0xff, 0x14, 0x00, 0x00, 0x52, 0xff, 0xe5, 0x00, 0x00, 0x00,
    0x82, 0xff, 0xa6, 0x00, 0x00, 0x00, 0xca, 0xff, 0x63, 0x00, 0x00, 0x1c, 0xfe, 0xf3, 0x0d, 0x00,
    0x00, 0x4f, 0xff, 0x82, 0x00, 0x00, 0x00, 0x03, 0x4b, 0x04, 0x00, 0x00, 0x00, 0x00, 0x00, 0x61,
    0x83, 0x00, 0x81, 0x6a, 0x00, 0x00, 0x00, 0x66, 0xfe, 0x58, 0xfe, 0x6b, 0x00, 0x00, 0x8c, 0xb8,
    0xff, 0xff, 0xff, 0xb8, 0x8c, 0x00, 0xc9, 0xff, 0xff, 0xff, 0xff, 0xff, 0xca, 0x00, 0x00, 0x28,
    0xf8, 0xcd, 0xf6, 0x25, 0x00, 0x00, 0x00, 0x9b, 0xe0, 0x0e, 0xe3, 0x9a, 0x00, 0x00, 0x00, 0x1b,
    0x20, 0x00, 0x20, 0x1a, 0x00, 0x00, 0x00, 0x00, 0x00, 0x00, 0x00, 0x00, 0x00, 0x00, 0x00, 0x00,
    0x00, 0x00, 0x00, 0x00, 0x00, 0x00, 0x00, 0x00, 0x00, 0x00, 0x00, 0x00, 0x00, 0x00, 0x00, 0x00,
    0x00, 0x00, 0x00, 0x00, 0x00, 0x00, 0x00, 0x00, 0x00, 0x00, 0x00, 0x00, 0x00, 0x00, 0x00, 0x00,
    0x00, 0x00, 0x00, 0x00, 0x00, 0x00, 0x00, 0x00, 0x00, 0x00, 0xd5, 0xe8, 0x28, 0x00, 0x00, 0x00,
    0x00, 0x00, 0x00, 0x00, 0x00, 0xff, 0xff, 0x44, 0x00, 0x00, 0x00, 0x00, 0x00, 0x00, 0x00, 0x00,
    0xff, 0xff, 0x44, 0x00, 0x00, 0x00, 0x00, 0x85, 0xb8, 0xb8, 0xb8, 0xff, 0xff, 0xcb, 0xb8, 0x95,
    0x00, 0x00, 0xcc, 0xff, 0xff, 0xff, 0xff, 0xff, 0xff, 0xff, 0xdd, 0x00, 0x00, 0x00, 0x00, 0x00,
    0x00, 0xff, 0xff, 0x44, 0x00, 0x00, 0x00, 0x00, 0x00, 0x00, 0x00, 0x00, 0xff, 0xff, 0x44, 0x00,
    0x00, 0x00, 0x00, 0x00, 0x00, 0x00, 0x00, 0xff, 0xff, 0x44, 0x00, 0x00, 0x00, 0x00, 0x00, 0x00,
    0x00, 0x00, 0xc6, 0xec, 0x23, 0x00, 0x00, 0x00, 0x00, 0x00, 0x00, 0x00, 0x00, 0x00, 0x00, 0x00,
    0x00, 0x00, 0x00, 0x00, 0x88, 0xb0, 0x04, 0x00, 0xf7, 0xff, 0x38, 0x00, 0xa7, 0xff, 0x36, 0x00,
    0x35, 0xf7, 0x09, 0x00, 0xa5, 0x83, 0x00, 0x00, 0x0b, 0x00, 0x00, 0x00, 0x80, 0xb8, 0xb8, 0xb8,
    0xb8, 0x81, 0x00, 0x00, 0xc7, 0xff, 0xff, 0xff, 0xff, 0xc7, 0x00, 0x00, 0x00, 0x00, 0x00, 0x00,
    0x00, 0x00, 0x00, 0x00, 0x00, 0x00, 0x00, 0x00, 0x00, 0x00, 0x00, 0x00, 0x00, 0x00, 0x00, 0x00,
    0x00, 0x00, 0x00, 0x00, 0x00, 0x00, 0x00, 0x00, 0x00, 0x00, 0x00, 0x00, 0x86, 0xb7, 0x09, 0x00,
    0xf7, 0xff, 0x3b, 0x00, 0xa9, 0xde, 0x10, 0x00, 0x00, 0x00, 0x00, 0x01, 0xc5, 0x97, 0x00, 0x00,
    0x00, 0x00, 0x36, 0xff, 0xa0, 0x00, 0x00, 0x00, 0x00, 0x87, 0xff, 0x50, 0x00, 0x00, 0x00, 0x00,
    0xd8, 0xf5, 0x0a, 0x00, 0x00, 0x00, 0x29, 0xff, 0xae, 0x00, 0x00, 0x00, 0x00, 0x7a, 0xff, 0x5d,
    0x00, 0x00, 0x00, 0x00, 0xcb, 0xfb, 0x11, 0x00, 0x00, 0x00, 0x1d, 0xff, 0xbb, 0x00, 0x00, 0x00,
    0x00, 0x6d, 0xff, 0x6a, 0x00, 0x00, 0x00, 0x00, 0xbe, 0xfe, 0x1b, 0x00, 0x00, 0x00, 0x13, 0xfc,
    0xc9, 0x00, 0x00, 0x00, 0x00, 0x61, 0xff, 0x78, 0x00, 0x00, 0x00, 0x00, 0xb2, 0xff, 0x27, 0x00,
    0x00, 0x00, 0x0a, 0xf7, 0xd6, 0x00, 0x00, 0x00, 0x00, 0x10, 0xe4, 0x6c, 0x00, 0x00, 0x00, 0x00,
    0x00, 0x00, 0x03, 0x74, 0xd6, 0xf7, 0xe7, 0x9b, 0x16, 0x00, 0x00, 0x00, 0x00, 0xa3, 0xff, 0xf6,
    0xc0, 0xe7, 0xff, 0xda, 0x10, 0x00, 0x00, 0x41, 0xff, 0xf3, 0x28, 0x00, 0x0b, 0xcc, 0xff, 0x88,
    0x00, 0x00, 0x9e, 0xff, 0x9b, 0x00, 0x00, 0x00, 0x58, 0xff, 0xe5, 0x00, 0x00, 0xd7, 0xff, 0x64,
    0x00, 0x00, 0x00, 0x21, 0xff, 0xff, 0x1c, 0x00, 0xef, 0xff, 0x4c, 0x00, 0x00, 0x00, 0x09, 0xff,
    0xff, 0x37, 0x00, 0xfc, 0xff, 0x45, 0x00, 0x00, 0x00, 0x02, 0xff, 0xff, 0x3f, 0x00, 0xf3, 0xff,
    0x4d, 0x00, 0x00, 0x00, 0x0a, 0xff, 0xff, 0x31, 0x00, 0xd5, 0xff, 0x67, 0x00, 0x00, 0x00, 0x24,
    0xff, 0xff, 0x17, 0x00, 0x9c, 0xff, 0x9f, 0x00, 0x00, 0x00, 0x5c, 0xff, 0xdb, 0x00, 0x00, 0x3d,
    0xff, 0xf5, 0x2a, 0x00, 0x0b, 0xcf, 0xff, 0x7c, 0x00, 0x00, 0x00, 0x9e, 0xff, 0xf6, 0xc0, 0xe7,
    0xff, 0xcf, 0x0c, 0x00, 0x00, 0x00, 0x03, 0x75, 0xd8, 0xf8, 0xe2, 0x92, 0x12, 0x00, 0x00, 0x00,
    0x00, 0x00, 0x00, 0x29, 0xb4, 0xea, 0x26, 0x00, 0x00, 0x00, 0x00, 0x00, 0x0b, 0x89, 0xfa, 0xff,
    0xff, 0x44, 0x00, 0x00, 0x00, 0x00, 0x00, 0xce, 0xff, 0xf6, 0xff, 0xff, 0x44, 0x00, 0x00, 0x00,
    0x00, 0x00, 0xaa, 0xab, 0x21, 0xff, 0xff, 0x44, 0x00, 0x00, 0x00, 0x00, 0x00, 0x00, 0x00, 0x00,
    0xff, 0xff, 0x44, 0x00, 0x00, 0x00, 0x00, 0x00, 0x00, 0x00, 0x00, 0xff, 0xff, 0x44, 0x00, 0x00,
    0x00, 0x00, 0x00, 0x00, 0x00, 0x00, 0xff, 0xff, 0x44, 0x00, 0x00, 0x00, 0x00, 0x00, 0x00, 0x00,
    0x00, 0xff, 0xff, 0x44, 0x00, 0x00, 0x00, 0x00, 0x00, 0x00, 0x00, 0x00, 0xff, 0xff, 0x44, 0x00,
    0x00, 0x00, 0x00, 0x00, 0x00, 0x00, 0x00, 0xff, 0xff, 0x44, 0x00, 0x00, 0x00, 0x00, 0x00, 0x00,
    0x00, 0x00, 0xff, 0xff, 0x44, 0x00, 0x00, 0x00, 0x00, 0x00, 0xb1, 0xe8, 0xe8, 0xff, 0xff, 0xee,
    0xe8, 0xad, 0x00, 0x00, 0x00, 0xc1, 0xff, 0xff, 0xff, 0xff, 0xff, 0xff, 0xc2, 0x00, 0x00, 0x1b,
    0x7f, 0xcb, 0xec, 0xf6, 0xd4, 0x77, 0x05, 0x00, 0x00, 0x07, 0xf0, 0xff, 0xec, 0xc4, 0xd3, 0xff,
    0xff, 0x9f, 0x00, 0x00, 0x00, 0x7e, 0x5a, 0x03, 0x00, 0x00, 0x65, 0xff, 0xfd, 0x19, 0x00, 0x00,
    0x00, 0x00, 0x00, 0x00, 0x00, 0x0b, 0xff, 0xff, 0x3b, 0x00, 0x00, 0x00, 0x00, 0x00, 0x00, 0x00,
    0x29, 0xff, 0xff, 0x1e, 0x00, 0x00, 0x00, 0x00, 0x00, 0x00, 0x00, 0x9c, 0xff, 0xdc, 0x00, 0x00,
    0x00, 0x00, 0x00, 0x00, 0x00, 0x5e, 0xff, 0xff, 0x57, 0x00, 0x00, 0x00, 0x00, 0x00, 0x00, 0x47,
    0xfa, 0xff, 0x9e, 0x00, 0x00, 0x00, 0x00, 0x00, 0x00, 0x36, 0xf4, 0xff, 0xb6, 0x05, 0x00, 0x00,
    0x00, 0x00, 0x00, 0x27, 0xeb, 0xff, 0xc3, 0x09, 0x00, 0x00, 0x00, 0x00, 0x00, 0x19, 0xe1, 0xff,
    0xce, 0x0f, 0x00, 0x00, 0x00, 0x00, 0x00, 0x00, 0xa8, 0xff, 0xff, 0xcd, 0xb8, 0xb8, 0xb8, 0xb7,
    0x86, 0x00, 0x00, 0x98, 0xfe, 0xff, 0xff, 0xff, 0xff, 0xff, 0xff, 0xcc, 0x00, 0x00, 0x1f, 0x84,
    0xcf, 0xee, 0xf6, 0xd4, 0x7e, 0x0a, 0x00, 0x00, 0x07, 0xf2, 0xff, 0xeb, 0xc4, 0xce, 0xfe, 0xff,
    0xb6, 0x00, 0x00, 0x00, 0x70, 0x55, 0x02, 0x00, 0x00, 0x52, 0xff, 0xff, 0x28, 0x00, 0x00, 0x00,
    0x00, 0x00, 0x00, 0x00, 0x09, 0xff, 0xff, 0x3a, 0x00, 0x00, 0x00, 0x00, 0x00, 0x00, 0x00, 0x6a,
    0xff, 0xe3, 0x08, 0x00, 0x00, 0x00, 0x00, 0x7f, 0xb8, 0xd6, 0xff, 0xd1, 0x31, 0x00, 0x00, 0x00,
    0x00, 0x00, 0xcd, 0xff, 0xff, 0xff, 0xdc, 0x32, 0x00, 0x00, 0x00, 0x00, 0x00, 0x00, 0x00, 0x17,
    0xa2, 0xff, 0xdc, 0x03, 0x00, 0x00, 0x00, 0x00, 0x00, 0x00, 0x00, 0x17, 0xff, 0xff, 0x2c, 0x00,
    0x00, 0x00, 0x00, 0x00, 0x00, 0x00, 0x0e, 0xff, 0xff, 0x38, 0x00, 0x43, 0x80, 0x28, 0x00, 0x00,
    0x00, 0x7e, 0xff, 0xf4, 0x0e, 0x00, 0xa0, 0xff, 0xff, 0xda, 0xbf, 0xda, 0xff, 0xff, 0x70, 0x00,
    0x00, 0x08, 0x5d, 0xb7, 0xe1, 0xf9, 0xed, 0xba, 0x4b, 0x00, 0x00, 0x00, 0x00, 0x00, 0x00, 0x00,
    0x00, 0x07, 0xb2, 0xe7, 0x1b, 0x00, 0x00, 0x00, 0x00, 0x00, 0x00, 0x00, 0x93, 0xff, 0xff, 0x43,
    0x00, 0x00, 0x00, 0x00, 0x00, 0x00, 0x4b, 0xff, 0xff, 0xff, 0x44, 0x00, 0x00, 0x00, 0x00, 0x00,
    0x18, 0xea, 0xee, 0xff, 0xff, 0x44, 0x00, 0x00, 0x00, 0x00, 0x01, 0xb9, 0xff, 0x55, 0xff, 0xff,
    0x44, 0x00, 0x00, 0x00, 0x00, 0x74, 0xff, 0xa0, 0x00, 0xff, 0xff, 0x44, 0x00, 0x00, 0x00, 0x31,
    0xf9, 0xde, 0x0d, 0x00, 0xff, 0xff, 0x44, 0x00, 0x00, 0x09, 0xd8, 0xfc, 0x3b, 0x00, 0x00, 0xff,
    0xff, 0x44, 0x00, 0x00, 0x7b, 0xff, 0xff, 0xb8, 0xb8, 0xb8, 0xff, 0xff, 0xcb, 0x83, 0x00, 0x76,
    0xf6, 0xff, 0xff, 0xff, 0xff, 0xff, 0xff, 0xff, 0xc9, 0x00, 0x00, 0x00, 0x00, 0x00, 0x00, 0x00,
    0xff, 0xff, 0x44, 0x00, 0x00, 0x00, 0x00, 0x00, 0x00, 0x00, 0x00, 0xfe, 0xff, 0x41, 0x00, 0x00,
    0x00, 0x00, 0x00, 0x00, 0x00, 0x00, 0xb5, 0xe2, 0x14, 0x00, 0x00, 0x00, 0x00, 0xc3, 0xff, 0xff,
    0xff, 0xff, 0xff, 0xff, 0xbf, 0x00, 0x00, 0x00, 0xff, 0xff, 0xcb, 0xb8, 0xb8, 0xb8, 0xb7, 0x7b,
    0x00, 0x00, 0x00, 0xff, 0xff, 0x44, 0x00, 0x00, 0x00, 0x00, 0x00, 0x00, 0x00, 0x00, 0xff, 0xff,
    0x44, 0x00, 0x00, 0x00, 0x00, 0x00, 0x00, 0x00, 0x00, 0xff, 0xff, 0x44, 0x00, 0x00, 0x00, 0x00,
    0x00, 0x00, 0x00, 0x00, 0xff, 0xff, 0xbd, 0xdd, 0xf8, 0xd9, 0x6e, 0x01, 0x00, 0x00, 0x00, 0xff,
    0xff, 0xff, 0xc9, 0xdb, 0xff, 0xff, 0x85, 0x00, 0x00, 0x00, 0xd2, 0xc2, 0x1c, 0x00, 0x01, 0x91,
    0xff, 0xf7, 0x0e, 0x00, 0x00, 0x00, 0x00, 0x00, 0x00, 0x00, 0x17, 0xff, 0xff, 0x37, 0x00, 0x00,
    0x00, 0x00, 0x00, 0x00, 0x00, 0x11, 0xff, 0xff, 0x31, 0x00, 0x3d, 0x8d, 0x2d, 0x00, 0x00, 0x01,
    0x8e, 0xff, 0xe8, 0x06, 0x00, 0x8e, 0xff, 0xff, 0xdc, 0xbf, 0xdf, 0xff, 0xfc, 0x53, 0x00, 0x00,
    0x05, 0x56, 0xb3, 0xe0, 0xf9, 0xea, 0xb0, 0x38, 0x00, 0x00, 0x00, 0x00, 0x00, 0x24, 0x9f, 0xe4,
    0xf8, 0xdd, 0xa0, 0x33, 0x00, 0x00, 0x00, 0x43, 0xf5, 0xff, 0xe4, 0xc0, 0xe0, 0xff, 0xfa, 0x0b,
    0x00, 0x14, 0xeb, 0xff, 0x7e, 0x03, 0x00, 0x00, 0x41, 0x5e, 0x00, 0x00, 0x79, 0xff, 0xca, 0x00,
    0x00, 0x00, 0x00, 0x00, 0x00, 0x00, 0x00, 0xc3, 0xff, 0x77, 0x00, 0x00, 0x00, 0x00, 0x00, 0x00,
    0x00, 0x00, 0xec, 0xff, 0x52, 0x6e, 0xdb, 0xf8, 0xd6, 0x67, 0x00, 0x00, 0x00, 0xfb, 0xff, 0xb3,
    0xfd, 0xc6, 0xd8, 0xff, 0xff, 0x79, 0x00, 0x00, 0xf1, 0xff, 0xff, 0x4a, 0x00, 0x00, 0x93, 0xff,
    0xf4, 0x0c, 0x00, 0xd7, 0xff, 0xc5, 0x00, 0x00, 0x00, 0x11, 0xff, 0xff, 0x37, 0x00, 0x99, 0xff,
    0xc5, 0x00, 0x00, 0x00, 0x11, 0xff, 0xff, 0x31, 0x00, 0x34, 0xfe, 0xfc, 0x47, 0x00, 0x00, 0x90,
    0xff, 0xe8, 0x06, 0x00, 0x00, 0x83, 0xff, 0xfc, 0xc5, 0xd6, 0xff, 0xfe, 0x57, 0x00, 0x00, 0x00,
    0x00, 0x58, 0xc4, 0xf0, 0xf2, 0xbe, 0x42, 0x00, 0x00, 0x00, 0xca, 0xff, 0xff, 0xff, 0xff, 0xff,
    0xff, 0xff, 0xd3, 0x04, 0x00, 0x86, 0xb7, 0xb8, 0xb8, 0xb8, 0xb8, 0xff, 0xff, 0xf6, 0x04, 0x00,
    0x00, 0x00, 0x00, 0x00, 0x00, 0x08, 0xe4, 0xff, 0x96, 0x00, 0x00, 0x00, 0x00, 0x00, 0x00, 0x00,
    0x72, 0xff, 0xf7, 0x1b, 0x00, 0x00, 0x00, 0x00, 0x00, 0x00, 0x0c, 0xea, 0xff, 0x8e, 0x00, 0x00,
    0x00, 0x00, 0x00, 0x00, 0x00, 0x7c, 0xff, 0xf4, 0x16, 0x00, 0x00, 0x00, 0x00, 0x00, 0x00, 0x10,
    0xef, 0xff, 0x86, 0x00, 0x00, 0x00, 0x00, 0x00, 0x00, 0x00, 0x85, 0xff, 0xf0, 0x11, 0x00, 0x00,
    0x00, 0x00, 0x00, 0x00, 0x15, 0xf3, 0xff, 0x7d, 0x00, 0x00, 0x00, 0x00, 0x00, 0x00, 0x00, 0x8f,
    0xff, 0xec, 0x0d, 0x00, 0x00, 0x00, 0x00, 0x00, 0x00, 0x1b, 0xf7, 0xff, 0x75, 0x00, 0x00, 0x00,
    0x00, 0x00, 0x00, 0x00, 0x93, 0xff, 0xe7, 0x09, 0x00, 0x00, 0x00, 0x00, 0x00, 0x00, 0x00, 0x8c,
    0xee, 0x53, 0x00, 0x00, 0x00, 0x00, 0x00, 0x00, 0x00, 0x00, 0x40, 0xb0, 0xe8, 0xfa, 0xee, 0xc2,
    0x63, 0x02, 0x00, 0x00, 0x5d, 0xfe, 0xff, 0xe8, 0xc0, 0xda, 0xff, 0xff, 0x9c, 0x00, 0x00, 0xde,
    0xff, 0xa8, 0x05, 0x00, 0x00, 0x6d, 0xff, 0xff, 0x21, 0x00, 0xf2, 0xff, 0x51, 0x00, 0x00, 0x00,
    0x0b, 0xff, 0xff, 0x3a, 0x00, 0xb0, 0xff, 0xa7, 0x04, 0x00, 0x00, 0x74, 0xff, 0xee, 0x0a, 0x00,
    0x1b, 0xc9, 0xff, 0xe7, 0xc0, 0xdf, 0xff, 0xea, 0x45, 0x00, 0x00, 0x08, 0xa1, 0xff, 0xff, 0xff,
    0xff, 0xff, 0xce, 0x20, 0x00, 0x00, 0x8e, 0xff, 0xda, 0x38, 0x09, 0x22, 0xb1, 0xff, 0xcd, 0x01,
    0x00, 0xe7, 0xff, 0x5f, 0x00, 0x00, 0x00, 0x1c, 0xff, 0xff, 0x26, 0x00, 0xf6, 0xff, 0x53, 0x00,
    0x00, 0x00, 0x10, 0xff, 0xff, 0x39, 0x00, 0xc8, 0xff, 0xb4, 0x07, 0x00, 0x00, 0x77, 0xff, 0xf7,
    0x11, 0x00, 0x41, 0xf9, 0xff, 0xe9, 0xc0, 0xd9, 0xff, 0xff, 0x7b, 0x00, 0x00, 0x00, 0x31, 0xa9,
    0xe6, 0xfa, 0xee, 0xbe, 0x54, 0x00, 0x00, 0x00, 0x00, 0x21, 0xa4, 0xe9, 0xf6, 0xd6, 0x7b, 0x08,
    0x00, 0x00, 0x00, 0x26, 0xef, 0xff, 0xe7, 0xbf, 0xf0, 0xff, 0xc2, 0x07, 0x00, 0x00, 0xaf, 0xff,
    0xca, 0x0b, 0x00, 0x1b, 0xe0, 0xff, 0x77, 0x00, 0x00, 0xef, 0xff, 0x56, 0x00, 0x00, 0x00, 0x7d,
    0xff, 0xdc, 0x00, 0x00, 0xf3, 0xff, 0x56, 0x00, 0x00, 0x00, 0x7e, 0xff, 0xff, 0x1b, 0x00, 0xbe,
    0xff, 0xcb, 0x0c, 0x00, 0x1b, 0xe2, 0xff, 0xff, 0x34, 0x00, 0x3c, 0xfb, 0xff, 0xe7, 0xbf, 0xf0,
    0xb6, 0xff, 0xff, 0x3e, 0x00, 0x00, 0x3e, 0xc2, 0xf5, 0xeb, 0x97, 0x1c, 0xff, 0xff, 0x2f, 0x00,
    0x00, 0x00, 0x00, 0x00, 0x00, 0x00, 0x34, 0xff, 0xfa, 0x08, 0x00, 0x00, 0x00, 0x00, 0x00, 0x00,
    0x00, 0x86, 0xff, 0xb9, 0x00, 0x00, 0x3f, 0x5c, 0x08, 0x00, 0x00, 0x46, 0xf5, 0xfe, 0x41, 0x00,
    0x00, 0xc2, 0xff, 0xed, 0xc2, 0xd3, 0xff, 0xff, 0x7a, 0x00, 0x00, 0x00, 0x1a, 0x85, 0xd4, 0xf6,
    0xed, 0xb7, 0x45, 0x00, 0x00, 0x00, 0x00, 0xab, 0xdf, 0x11, 0x00, 0xf6, 0xff, 0x3b, 0x00, 0x84,
    0xb6, 0x08, 0x00, 0x00, 0x00, 0x00, 0x00, 0x00, 0x00, 0x00, 0x00, 0x00, 0x00, 0x00, 0x00, 0x86,
    0xb7, 0x09, 0x00, 0xf7, 0xff, 0x3b, 0x00, 0xa9, 0xde, 0x10, 0x00, 0xab, 0xdf, 0x11, 0x00, 0xf6,
    0xff, 0x3b, 0x00, 0x84, 0xb6, 0x08, 0x00, 0x00, 0x00, 0x00, 0x00, 0x00, 0x00, 0x00, 0x00, 0x00,
    0x00, 0x00, 0x00, 0x88, 0xb0, 0x04, 0x00, 0xf7, 0xff, 0x38, 0x00, 0xa7, 0xff, 0x36, 0x00, 0x35,
    0xf7, 0x09, 0x00, 0xa5, 0x83, 0x00, 0x00, 0x0b, 0x00, 0x00, 0x00, 0x00, 0x00, 0x00, 0x00, 0x00,
    0x00, 0x00, 0x18, 0x65, 0x0e, 0x00, 0x00, 0x00, 0x00, 0x00, 0x00, 0x38, 0xa5, 0xfa, 0xff, 0x44,
    0x00, 0x00, 0x00, 0x07, 0x5f, 0xcc, 0xff, 0xfa, 0xa7, 0x3a, 0x00, 0x00, 0x14, 0x85, 0xea, 0xff,
    0xe5, 0x7f, 0x18, 0x00, 0x00, 0x00, 0x00, 0xe4, 0xff, 0xe1, 0x57, 0x04, 0x00, 0x00, 0x00, 0x00,
    0x00, 0x00, 0xa6, 0xff, 0xfc, 0xaf, 0x43, 0x00, 0x00, 0x00, 0x00, 0x00, 0x00, 0x00, 0x2e, 0x9a,
    0xf5, 0xff, 0xd7, 0x6d, 0x0e, 0x00, 0x00, 0x00, 0x00, 0x00, 0x00, 0x11, 0x73, 0xdc, 0xff, 0xf3,
    0x95, 0x0d, 0x00, 0x00, 0x00, 0x00, 0x00, 0x00, 0x02, 0x4b, 0xb8, 0xfe, 0x45, 0x00, 0x00, 0x00,
    0x00, 0x00, 0x00, 0x00, 0x00, 0x00, 0x0d, 0x00, 0x00, 0xd0, 0xff, 0xff, 0xff, 0xff, 0xff, 0xff,
    0xff, 0xd0, 0x00, 0x00, 0x89, 0xb8, 0xb8, 0xb8, 0xb8, 0xb8, 0xb8, 0xb8, 0x89, 0x00, 0x00, 0x00,
    0x00, 0x00, 0x00, 0x00, 0x00, 0x00, 0x00, 0x00, 0x00, 0x00, 0x8a, 0xb8, 0xb8, 0xb8, 0xb8, 0xb8,
    0xb8, 0xb8, 0x8a, 0x00, 0x00, 0xd0, 0xff, 0xff, 0xff, 0xff, 0xff, 0xff, 0xff, 0xd0, 0x00, 0x00,
    0x00, 0x00, 0x00, 0x00, 0x00, 0x00, 0x00, 0x00, 0x00, 0x00, 0x00, 0x00, 0x00, 0x00, 0x00, 0x00,
    0x00, 0x00, 0x00, 0x00, 0x00, 0x00, 0x00, 0x00, 0x00, 0x00, 0x00, 0x00, 0x00, 0x00, 0x00, 0x00,
    0x0f, 0x66, 0x19, 0x00, 0x00, 0x00, 0x00, 0x00, 0x00, 0x00, 0x00, 0x44, 0xff, 0xfa, 0xa6, 0x39,
    0x00, 0x00, 0x00, 0x00, 0x00, 0x00, 0x00, 0x38, 0xa6, 0xf9, 0xff, 0xcc, 0x5f, 0x07, 0x00, 0x00,
    0x00, 0x00, 0x00, 0x00, 0x17, 0x7e, 0xe5, 0xff, 0xea, 0x85, 0x19, 0x00, 0x00, 0x00, 0x00, 0x00,
    0x00, 0x04, 0x56, 0xe0, 0xff, 0xe3, 0x00, 0x00, 0x00, 0x00, 0x00, 0x00, 0x43, 0xae, 0xfc, 0xff,
    0xa1, 0x00, 0x00, 0x00, 0x0d, 0x6b, 0xd6, 0xff, 0xf5, 0x9b, 0x2e, 0x00, 0x00, 0x0d, 0x93, 0xf2,
    0xff, 0xdd, 0x74, 0x11, 0x00, 0x00, 0x00, 0x00, 0x45, 0xfe, 0xb9, 0x4d, 0x02, 0x00, 0x00, 0x00,
    0x00, 0x00, 0x00, 0x00, 0x0d, 0x00, 0x00, 0x00, 0x00, 0x00, 0x00, 0x00, 0x00, 0x00, 0x01, 0x4d,
    0xad, 0xde, 0xf8, 0xe3, 0x93, 0x12, 0x00, 0x7b, 0xff, 0xfe, 0xd7, 0xc1, 0xf3, 0xff, 0xc9, 0x01,
    0x3a, 0x8d, 0x27, 0x00, 0x00, 0x2b, 0xff, 0xff, 0x32, 0x00, 0x00, 0x00, 0x00, 0x00, 0x18, 0xff,
    0xff, 0x2e, 0x00, 0x00, 0x00, 0x00, 0x00, 0x9a, 0xff, 0xd3, 0x02, 0x00, 0x00, 0x00, 0x00, 0x5e,
    0xff, 0xeb, 0x2c, 0x00, 0x00, 0x00, 0x00, 0x11, 0xf3, 0xeb, 0x2d, 0x00, 0x00, 0x00, 0x00, 0x00,
    0x5a, 0xff, 0x55, 0x00, 0x00, 0x00, 0x00, 0x00, 0x00, 0x50, 0xe9, 0x07, 0x00, 0x00, 0x00, 0x00,
    0x00, 0x00, 0x00, 0x01, 0x00, 0x00, 0x00, 0x00, 0x00, 0x00, 0x00, 0x86, 0xb7, 0x09, 0x00, 0x00,
    0x00, 0x00, 0x00, 0x00, 0xf7, 0xff, 0x3b, 0x00, 0x00, 0x00, 0x00, 0x00, 0x00, 0xa9, 0xde, 0x10,
    0x00, 0x00, 0x00, 0x00, 0x00, 0x00, 0x00, 0x00, 0x46, 0xa0, 0xdc, 0xf5, 0xf1, 0xd4, 0x91, 0x2c,
    0x00, 0x00, 0x00, 0x00, 0x00, 0x00, 0x00, 0x18, 0xbf, 0xff, 0xff, 0xed, 0xcd, 0xc0, 0xd9, 0xfe,
    0xfd, 0x80, 0x02, 0x00, 0x00, 0x00, 0x00, 0x19, 0xe2, 0xff, 0xc7, 0x47, 0x02, 0x00, 0x00, 0x00,
    0x1f, 0x95, 0xff, 0x81, 0x00, 0x00, 0x00, 0x00, 0xc0, 0xff, 0x9d, 0x04, 0x00, 0x00, 0x00, 0x00,
    0x00, 0x00, 0x00, 0x6b, 0xfd, 0x2d, 0x00, 0x00, 0x46, 0xff, 0xce, 0x06, 0x00, 0x44, 0xc9, 0xf5,
    0xcc, 0x32, 0xd1, 0x98, 0x00, 0xc2, 0x92, 0x00, 0x00, 0x9f, 0xff, 0x58, 0x00, 0x44, 0xfb, 0xff,
    0xd4, 0xe3, 0xff, 0xff, 0xa2, 0x00, 0x64, 0xd2, 0x00, 0x00, 0xda, 0xfe, 0x09, 0x00, 0xd3, 0xff,
    0xa5, 0x01, 0x13, 0xff, 0xff, 0x78, 0x00, 0x3e, 0xee, 0x00, 0x00, 0xf3, 0xe9, 0x00, 0x20, 0xff,
    0xff, 0x35, 0x00, 0x00, 0xdf, 0xff, 0x4e, 0x00, 0x32, 0xf1, 0x00, 0x00, 0xf6, 0xe2, 0x00, 0x3c,
    0xff, 0xff, 0x0f, 0x00, 0x02, 0xf8, 0xff, 0x24, 0x00, 0x4c, 0xd9, 0x00, 0x00, 0xdd, 0xfb, 0x02,
    0x29, 0xff, 0xff, 0x0f, 0x00, 0x2f, 0xff, 0xff, 0x04, 0x00, 0x90, 0x9c, 0x00, 0x00, 0x9f, 0xff,
    0x42, 0x05, 0xe0, 0xff, 0x7d, 0x22, 0xc0, 0xff, 0xff, 0x40, 0x47, 0xf3, 0x2f, 0x00, 0x00, 0x3f,
    0xff, 0xb3, 0x00, 0x41, 0xeb, 0xff, 0xfe, 0x99, 0x53, 0xf8, 0xff, 0xf5, 0x62, 0x00, 0x00, 0x00,
    0x00, 0xad, 0xff, 0x76, 0x00, 0x08, 0x31, 0x1c, 0x00, 0x00, 0x14, 0x36, 0x11, 0x00, 0x00, 0x00,
    0x00, 0x00, 0x0f, 0xd5, 0xff, 0xa8, 0x30, 0x00, 0x00, 0x00, 0x00, 0x1e, 0x91, 0xe7, 0x05, 0x00,
    0x00, 0x00, 0x00, 0x00, 0x11, 0xb3, 0xff, 0xff, 0xe4, 0xc6, 0xbe, 0xdb, 0xfe, 0xfc, 0x7e, 0x00,
    0x00, 0x00, 0x00, 0x00, 0x00, 0x00, 0x00, 0x40, 0x9f, 0xdb, 0xf4, 0xf7, 0xda, 0x96, 0x2a, 0x00,
    0x00, 0x00, 0x00, 0x00, 0x00, 0x00, 0x00, 0x00, 0x4c, 0xe8, 0xa2, 0x00, 0x00, 0x00, 0x00, 0x00,
    0x00, 0x00, 0x00, 0x00, 0x01, 0xd9, 0xff, 0xff, 0x43, 0x00, 0x00, 0x00, 0x00, 0x00, 0x00, 0x00,
    0x00, 0x4f, 0xff, 0xe7, 0xff, 0xb7, 0x00, 0x00, 0x00, 0x00, 0x00, 0x00, 0x00, 0x00, 0xc2, 0xff,
    0x4b, 0xe1, 0xff, 0x2b, 0x00, 0x00, 0x00, 0x00, 0x00, 0x00, 0x35, 0xff, 0xdc, 0x01, 0x79, 0xff,
    0x9e, 0x00, 0x00, 0x00, 0x00, 0x00, 0x00, 0xa9, 0xff, 0x72, 0x00, 0x14, 0xf8, 0xf9, 0x18, 0x00,
    0x00, 0x00, 0x00, 0x1f, 0xfc, 0xf5, 0x10, 0x00, 0x00, 0xa1, 0xff, 0x85, 0x00, 0x00, 0x00, 0x00,
    0x8f, 0xff, 0x9b, 0x00, 0x00, 0x00, 0x34, 0xff, 0xed, 0x0b, 0x00, 0x00, 0x0f, 0xf2, 0xff, 0xff,
    0xff, 0xff, 0xff, 0xff, 0xff, 0xff, 0x6d, 0x00, 0x00, 0x76, 0xff, 0xff, 0xd8, 0xd8, 0xd8, 0xd8,
    0xd8, 0xff, 0xff, 0xdd, 0x02, 0x05, 0xe4, 0xff, 0x57, 0x00, 0x00, 0x00, 0x00, 0x00, 0x07, 0xea,
    0xff, 0x54, 0x54, 0xff, 0xe7, 0x05, 0x00, 0x00, 0x00, 0x00, 0x00, 0x00, 0x86, 0xff, 0xc5, 0x52,
    0xed, 0x64, 0x00, 0x00, 0x00, 0x00, 0x00, 0x00, 0x00, 0x13, 0xd4, 0xbd, 0x00, 0xb4, 0xfe, 0xff,
    0xff, 0xff, 0xfe, 0xee, 0xb8, 0x43, 0x00, 0x00, 0x00, 0xfe, 0xff, 0xcb, 0xb8, 0xb8, 0xc0, 0xeb,
    0xff, 0xfe, 0x4e, 0x00, 0x00, 0xff, 0xff, 0x44, 0x00, 0x00, 0x00, 0x09, 0xb8, 0xff, 0xce, 0x00,
    0x00, 0xff, 0xff, 0x44, 0x00, 0x00, 0x00, 0x00, 0x54, 0xff, 0xf6, 0x00, 0x00, 0xff, 0xff, 0x44,
    0x00, 0x00, 0x00, 0x00, 0x61, 0xff, 0xdc, 0x00, 0x00, 0xff, 0xff, 0x44, 0x00, 0x00, 0x07, 0x3a,
    0xdc, 0xff, 0x6d, 0x00, 0x00, 0xff, 0xff, 0xff, 0xff, 0xff, 0xff, 0xff, 0xff, 0x79, 0x00, 0x00,
    0x00, 0xff, 0xff, 0xcb, 0xb8, 0xb8, 0xbc, 0xe1, 0xff, 0xeb, 0x36, 0x00, 0x00, 0xff, 0xff, 0x44,
    0x00, 0x00, 0x00, 0x01, 0x9a, 0xff, 0xc7, 0x00, 0x00, 0xff, 0xff, 0x44, 0x00, 0x00, 0x00, 0x00,
    0x4f, 0xff, 0xf6, 0x00, 0x00, 0xff, 0xff, 0x44, 0x00, 0x00, 0x00, 0x01, 0x9a, 0xff, 0xdf, 0x00,
    0x00, 0xfe, 0xff, 0xcb, 0xb8, 0xb8, 0xbc, 0xe0, 0xff, 0xff, 0x69, 0x00, 0x00, 0xb7, 0xff, 0xff,
    0xff, 0xff, 0xfe, 0xe7, 0xbc, 0x4b, 0x00, 0x00, 0x00, 0x00, 0x00, 0x14, 0x83, 0xcf, 0xf2, 0xf5,
    0xd8, 0xa1, 0x42, 0x00, 0x00, 0x00, 0x36, 0xeb, 0xff, 0xfa, 0xcd, 0xc3, 0xe9, 0xff, 0xff, 0x38,
    0x00, 0x0f, 0xe5, 0xff, 0xba, 0x1a, 0x00, 0x00, 0x02, 0x50, 0x8e, 0x0b, 0x00, 0x74, 0xff, 0xe4,
    0x0b, 0x00, 0x00, 0x00, 0x00, 0x00, 0x00, 0x00, 0x00, 0xc3, 0xff, 0x88, 0x00, 0x00, 0x00, 0x00,
    0x00, 0x00, 0x00, 0x00, 0x00, 0xee, 0xff, 0x57, 0x00, 0x00, 0x00, 0x00, 0x00, 0x00, 0x00, 0x00,
    0x00, 0xfa, 0xff, 0x48, 0x00, 0x00, 0x00, 0x00, 0x00, 0x00, 0x00, 0x00, 0x00, 0xe8, 0xff, 0x57,
    0x00, 0x00, 0x00, 0x00, 0x00, 0x00, 0x00, 0x00, 0x00, 0xc3, 0xff, 0x89, 0x00, 0x00, 0x00, 0x00,
    0x00, 0x00, 0x00, 0x00, 0x00, 0x72, 0xff, 0xe5, 0x0b, 0x00, 0x00, 0x00, 0x00, 0x00, 0x00, 0x00,
    0x00, 0x0d, 0xe0, 0xff, 0xb8, 0x17, 0x00, 0x00, 0x01, 0x4a, 0x8e, 0x12, 0x00, 0x00, 0x32, 0xe3,
    0xff, 0xfa, 0xcc, 0xc2, 0xe8, 0xff, 0xff, 0x42, 0x00, 0x00, 0x00, 0x14, 0x7c, 0xcf, 0xef, 0xf5,
    0xd8, 0xa8, 0x45, 0x00, 0x00, 0xb5, 0xff, 0xff, 0xff, 0xff, 0xf0, 0xce, 0x88, 0x1c, 0x00, 0x00,
    0x00, 0x00, 0x00, 0xfe, 0xff, 0xcb, 0xb8, 0xb9, 0xcd, 0xfa, 0xff, 0xf3, 0x50, 0x00, 0x00, 0x00,
    0x00, 0xff, 0xff, 0x44, 0x00, 0x00, 0x00, 0x11, 0x98, 0xff, 0xf8, 0x32, 0x00, 0x00, 0x00, 0xff,
    0xff, 0x44, 0x00, 0x00, 0x00, 0x00, 0x00, 0xb5, 0xff, 0xb5, 0x00, 0x00, 0x00, 0xff, 0xff, 0x44,
    0x00, 0x00, 0x00, 0x00, 0x00, 0x45, 0xff, 0xfa, 0x0b, 0x00, 0x00, 0xff, 0xff, 0x44, 0x00, 0x00,
    0x00, 0x00, 0x00, 0x12, 0xff, 0xff, 0x30, 0x00, 0x00, 0xff, 0xff, 0x44, 0x00, 0x00, 0x00, 0x00,
    0x00, 0x04, 0xff, 0xff, 0x3f, 0x00, 0x00, 0xff, 0xff, 0x44, 0x00, 0x00, 0x00, 0x00, 0x00, 0x12,
    0xff, 0xff, 0x30, 0x00, 0x00, 0xff, 0xff, 0x44, 0x00, 0x00, 0x00, 0x00, 0x00, 0x43, 0xff, 0xfa,
    0x0b, 0x00, 0x00, 0xff, 0xff, 0x44, 0x00, 0x00, 0x00, 0x00, 0x00, 0xb0, 0xff, 0xb6, 0x00, 0x00,
    0x00, 0xff, 0xff, 0x44, 0x00, 0x00, 0x00, 0x0f, 0x95, 0xff, 0xf9, 0x33, 0x00, 0x00, 0x00, 0xfe,
    0xff, 0xcb, 0xb8, 0xb9, 0xcb, 0xf9, 0xff, 0xf4, 0x53, 0x00, 0x00, 0x00, 0x00, 0xb7, 0xff, 0xff,
    0xff, 0xff, 0xf1, 0xcf, 0x8a, 0x1d, 0x00, 0x00, 0x00, 0x00, 0x00, 0xb4, 0xfe, 0xff, 0xff, 0xff,
    0xff, 0xff, 0xfc, 0x70, 0x00, 0x00, 0xfe, 0xff, 0xcb, 0xb8, 0xb8, 0xb8, 0xb8, 0xb4, 0x44, 0x00,
    0x00, 0xff, 0xff, 0x44, 0x00, 0x00, 0x00, 0x00, 0x00, 0x00, 0x00, 0x00, 0xff, 0xff, 0x44, 0x00,
    0x00, 0x00, 0x00, 0x00, 0x00, 0x00, 0x00, 0xff, 0xff, 0x44, 0x00, 0x00, 0x00, 0x00, 0x00, 0x00,
    0x00, 0x00, 0xff, 0xff, 0x44, 0x00, 0x00, 0x00, 0x00, 0x00, 0x00, 0x00, 0x00, 0xff, 0xff, 0xff,
    0xff, 0xff, 0xff, 0xff, 0xec, 0x1d, 0x00, 0x00, 0xff, 0xff, 0xcb, 0xb8, 0xb8, 0xb8, 0xb8, 0xa5,
    0x0d, 0x00, 0x00, 0xff, 0xff, 0x44, 0x00, 0x00, 0x00, 0x00, 0x00, 0x00, 0x00, 0x00, 0xff, 0xff,
    0x44, 0x00, 0x00, 0x00, 0x00, 0x00, 0x00, 0x00, 0x00, 0xff, 0xff, 0x44, 0x00, 0x00, 0x00, 0x00,
    0x00, 0x00, 0x00, 0x00, 0xfe, 0xff, 0xcb, 0xb8, 0xb8, 0xb8, 0xb8, 0xb4, 0x44, 0x00, 0x00, 0xb6,
    0xfe, 0xff, 0xff, 0xff, 0xff, 0xff, 0xfc, 0x70, 0x00, 0x00, 0xb7, 0xff, 0xff, 0xff, 0xff, 0xff,
    0xff, 0xf4, 0x3e, 0x00, 0xff, 0xff, 0xcb, 0xb8, 0xb8, 0xb8, 0xb8, 0xac, 0x22, 0x00, 0xff, 0xff,
    0x44, 0x00, 0x00, 0x00, 0x00, 0x00, 0x00, 0x00, 0xff, 0xff, 0x44, 0x00, 0x00, 0x00, 0x00, 0x00,
    0x00, 0x00, 0xff, 0xff, 0x44, 0x00, 0x00, 0x00, 0x00, 0x00, 0x00, 0x00, 0xff, 0xff, 0x44, 0x00,
    0x00, 0x00, 0x00, 0x00, 0x00, 0x00, 0xff, 0xff, 0xff, 0xff, 0xff, 0xff, 0xff, 0xd0, 0x00, 0x00,
    0xff, 0xff, 0xcb, 0xb8, 0xb8, 0xb8, 0xb8, 0x88, 0x00, 0x00, 0xff, 0xff, 0x44, 0x00, 0x00, 0x00,
    0x00, 0x00, 0x00, 0x00, 0xff, 0xff, 0x44, 0x00, 0x00, 0x00, 0x00, 0x00, 0x00, 0x00, 0xff, 0xff,
    0x44, 0x00, 0x00, 0x00, 0x00, 0x00, 0x00, 0x00, 0xff, 0xff, 0x43, 0x00, 0x00, 0x00, 0x00, 0x00,
    0x00, 0x00, 0xba, 0xea, 0x1c, 0x00, 0x00, 0x00, 0x00, 0x00, 0x00, 0x00, 0x00, 0x00, 0x0d, 0x75,
    0xc5, 0xee, 0xf9, 0xe2, 0xbf, 0x71, 0x0c, 0x00, 0x00, 0x00, 0x2c, 0xe1, 0xff, 0xfd, 0xd1, 0xc0,
    0xdc, 0xff, 0xff, 0xa4, 0x00, 0x00, 0x0c, 0xdf, 0xff, 0xc3, 0x20, 0x00, 0x00, 0x00, 0x28, 0x84,
    0x3e, 0x00, 0x00, 0x72, 0xff, 0xe8, 0x0f, 0x00, 0x00, 0x00, 0x00, 0x00, 0x00, 0x00, 0x00, 0x00,
    0xc2, 0xff, 0x8c, 0x00, 0x00, 0x00, 0x00, 0x00, 0x00, 0x00, 0x00, 0x00, 0x00, 0xed, 0xff, 0x58,
    0x00, 0x00, 0x00, 0x00, 0x00, 0x00, 0x00, 0x00, 0x00, 0x00, 0xfa, 0xff, 0x48, 0x00, 0x00, 0x00,
    0xb6, 0xff, 0xff, 0xff, 0xe3, 0x21, 0x00, 0xe6, 0xff, 0x55, 0x00, 0x00, 0x00, 0x74, 0xb7, 0xb8,
    0xff, 0xff, 0x44, 0x00, 0xbf, 0xff, 0x89, 0x00, 0x00, 0x00, 0x00, 0x00, 0x00, 0xff, 0xff, 0x44,
    0x00, 0x67, 0xff, 0xe8, 0x10, 0x00, 0x00, 0x00, 0x00, 0x00, 0xff, 0xff, 0x44, 0x00, 0x07, 0xcf,
    0xff, 0xc4, 0x23, 0x00, 0x00, 0x00, 0x09, 0xff, 0xff, 0x44, 0x00, 0x00, 0x20, 0xcd, 0xff, 0xfe,
    0xd3, 0xbd, 0xd0, 0xf7, 0xff, 0xff, 0x33, 0x00, 0x00, 0x00, 0x06, 0x62, 0xba, 0xe3, 0xf9, 0xed,
    0xd4, 0x9e, 0x51, 0x00, 0x00, 0xbe, 0xe7, 0x1a, 0x00, 0x00, 0x00, 0x00, 0x00, 0x1b, 0xe8, 0xbc,
    0x00, 0x00, 0x00, 0xff, 0xff, 0x43, 0x00, 0x00, 0x00, 0x00, 0x00, 0x43, 0xff, 0xff, 0x00, 0x00,
    0x00, 0xff, 0xff, 0x44, 0x00, 0x00, 0x00, 0x00, 0x00, 0x44, 0xff, 0xff, 0x00, 0x00, 0x00, 0xff,
    0xff, 0x44, 0x00, 0x00, 0x00, 0x00, 0x00, 0x44, 0xff, 0xff, 0x00, 0x00, 0x00, 0xff, 0xff, 0x44,
    0x00, 0x00, 0x00, 0x00, 0x00, 0x44, 0xff, 0xff, 0x00, 0x00, 0x00, 0xff, 0xff, 0xcb, 0xb8, 0xb8,
    0xb8, 0xb8, 0xb8, 0xcb, 0xff, 0xff, 0x00, 0x00, 0x00, 0xff, 0xff, 0xff, 0xff, 0xff, 0xff, 0xff,
    0xff, 0xff, 0xff, 0xff, 0x00, 0x00, 0x00, 0xff, 0xff, 0x44, 0x00, 0x00, 0x00, 0x00, 0x00, 0x44,
    0xff, 0xff, 0x00, 0x00, 0x00, 0xff, 0xff, 0x44, 0x00, 0x00, 0x00, 0x00, 0x00, 0x44, 0xff, 0xff,
    0x00, 0x00, 0x00, 0xff, 0xff, 0x44, 0x00, 0x00, 0x00, 0x00, 0x00, 0x44, 0xff, 0xff, 0x00, 0x00,
    0x00, 0xff, 0xff, 0x44, 0x00, 0x00, 0x00, 0x00, 0x00, 0x44, 0xff, 0xff, 0x00, 0x00, 0x00, 0xff,
    0xff, 0x42, 0x00, 0x00, 0x00, 0x00, 0x00, 0x42, 0xff, 0xff, 0x00, 0x00, 0x00, 0xbe, 0xe6, 0x17,
    0x00, 0x00, 0x00, 0x00, 0x00, 0x18, 0xe6, 0xbc, 0x00, 0x00, 0x00, 0xbe, 0xe6, 0x19, 0x00, 0x00,
    0xff, 0xff, 0x43, 0x00, 0x00, 0xff, 0xff, 0x44, 0x00, 0x00, 0xff, 0xff, 0x44, 0x00, 0x00, 0xff,
    0xff, 0x44, 0x00, 0x00, 0xff, 0xff, 0x44, 0x00, 0x00, 0xff, 0xff, 0x44, 0x00, 0x00, 0xff, 0xff,
    0x44, 0x00, 0x00, 0xff, 0xff, 0x44, 0x00, 0x00, 0xff, 0xff, 0x44, 0x00, 0x00, 0xff, 0xff, 0x44,
    0x00, 0x00, 0xff, 0xff, 0x43, 0x00, 0x00, 0xbe, 0xe7, 0x1a, 0x00, 0x00, 0x00, 0x00, 0xbe, 0xe7,
    0x1a, 0x00, 0x00, 0x00, 0xff, 0xff, 0x43, 0x00, 0x00, 0x00, 0xff, 0xff, 0x44, 0x00, 0x00, 0x00,
    0xff, 0xff, 0x44, 0x00, 0x00, 0x00, 0xff, 0xff, 0x44, 0x00, 0x00, 0x00, 0xff, 0xff, 0x44, 0x00,
    0x00, 0x00, 0xff, 0xff, 0x44, 0x00, 0x00, 0x00, 0xff, 0xff, 0x44, 0x00, 0x00, 0x00, 0xff, 0xff,
    0x44, 0x00, 0x00, 0x03, 0xff, 0xff, 0x3e, 0x00, 0x00, 0x41, 0xff, 0xff, 0x1d, 0x89, 0xc0, 0xf6,
    0xff, 0xb5, 0x00, 0xc9, 0xfe, 0xe9, 0x99, 0x0e, 0x00, 0x00, 0xc0, 0xe7, 0x1a, 0x00, 0x00, 0x00,
    0x00, 0x6d, 0xef, 0x75, 0x00, 0x00, 0xff, 0xff, 0x43, 0x00, 0x00, 0x00, 0x76, 0xff, 0xfc, 0x49,
    0x00, 0x00, 0xff, 0xff, 0x44, 0x00, 0x00, 0x75, 0xff, 0xfb, 0x56, 0x00, 0x00, 0x00, 0xff, 0xff,
    0x44, 0x00, 0x73, 0xff, 0xfb, 0x54, 0x00, 0x00, 0x00, 0x00, 0xff, 0xff, 0x44, 0x72, 0xff, 0xfa,
    0x52, 0x00, 0x00, 0x00, 0x00, 0x00, 0xff, 0xff, 0xaf, 0xff, 0xff, 0x50, 0x00, 0x00, 0x00, 0x00,
    0x00, 0x00, 0xff, 0xff, 0xff, 0xff, 0xff, 0x07, 0x00, 0x00, 0x00, 0x00, 0x00, 0x00, 0xff, 0xff,
    0x86, 0xf6, 0xff, 0xb4, 0x06, 0x00, 0x00, 0x00, 0x00, 0x00, 0xff, 0xff, 0x44, 0x42, 0xf6, 0xff,
    0xb0, 0x05, 0x00, 0x00, 0x00, 0x00, 0xff, 0xff, 0x44, 0x00, 0x42, 0xf6, 0xff, 0xac, 0x04, 0x00,
    0x00, 0x00, 0xff, 0xff, 0x44, 0x00, 0x00, 0x42, 0xf6, 0xff, 0xa8, 0x03, 0x00, 0x00, 0xff, 0xff,
    0x43, 0x00, 0x00, 0x00, 0x42, 0xf6, 0xff, 0x96, 0x00, 0x00, 0xbe, 0xe7, 0x1a, 0x00, 0x00, 0x00,
    0x00, 0x3f, 0xe4, 0xad, 0x00, 0x00, 0xbe, 0xe6, 0x18, 0x00, 0x00, 0x00, 0x00, 0x00, 0x00, 0x00,
    0xff, 0xff, 0x43, 0x00, 0x00, 0x00, 0x00, 0x00, 0x00, 0x00, 0xff, 0xff, 0x44, 0x00, 0x00, 0x00,
    0x00, 0x00, 0x00, 0x00, 0xff, 0xff, 0x44, 0x00, 0x00, 0x00, 0x00, 0x00, 0x00, 0x00, 0xff, 0xff,
    0x44, 0x00, 0x00, 0x00, 0x00, 0x00, 0x00, 0x00, 0xff, 0xff, 0x44, 0x00, 0x00, 0x00, 0x00, 0x00,
    0x00, 0x00, 0xff, 0xff, 0x44, 0x00, 0x00, 0x00, 0x00, 0x00, 0x00, 0x00, 0xff, 0xff, 0x44, 0x00,
    0x00, 0x00, 0x00, 0x00, 0x00, 0x00, 0xff, 0xff, 0x44, 0x00, 0x00, 0x00, 0x00, 0x00, 0x00, 0x00,
    0xff, 0xff, 0x44, 0x00, 0x00, 0x00, 0x00, 0x00, 0x00, 0x00, 0xff, 0xff, 0x44, 0x00, 0x00, 0x00,
    0x00, 0x00, 0x00, 0x00, 0xff, 0xff, 0xfa, 0xf8, 0xf8, 0xf8, 0xf8, 0xf2, 0x4d, 0x00, 0xbb, 0xff,
    0xff, 0xff, 0xff, 0xff, 0xff, 0xf4, 0x51, 0x00, 0xc2, 0xe2, 0x23, 0x00, 0x00, 0x00, 0x00, 0x00,
    0x00, 0x00, 0x1c, 0xde, 0xc7, 0x00, 0x00, 0x00, 0xff, 0xff, 0xb2, 0x00, 0x00, 0x00, 0x00, 0x00,
    0x00, 0x00, 0xa7, 0xff, 0xff, 0x00, 0x00, 0x00, 0xff, 0xff, 0xff, 0x3f, 0x00, 0x00, 0x00, 0x00,
    0x00, 0x33, 0xfe, 0xff, 0xff, 0x00, 0x00, 0x00, 0xff, 0xff, 0xff, 0xca, 0x01, 0x00, 0x00, 0x00,
    0x00, 0xbe, 0xff, 0xff, 0xff, 0x00, 0x00, 0x00, 0xff, 0xff, 0xf7, 0xff, 0x58, 0x00, 0x00, 0x00,
    0x4b, 0xff, 0xef, 0xff, 0xff, 0x00, 0x00, 0x00, 0xff, 0xff, 0x6e, 0xfc, 0xdd, 0x06, 0x00, 0x02,
    0xd3, 0xfb, 0x69, 0xff, 0xff, 0x00, 0x00, 0x00, 0xff, 0xff, 0x44, 0x9b, 0xff, 0x70, 0x00, 0x63,
    0xff, 0x95, 0x44, 0xff, 0xff, 0x00, 0x00, 0x00, 0xff, 0xff, 0x44, 0x19, 0xf5, 0xed, 0x19, 0xe4,
    0xf3, 0x17, 0x44, 0xff, 0xff, 0x00, 0x00, 0x00, 0xff, 0xff, 0x44, 0x00, 0x83, 0xff, 0xff, 0xff,
    0x7f, 0x00, 0x44, 0xff, 0xff, 0x00, 0x00, 0x00, 0xff, 0xff, 0x44, 0x00, 0x0d, 0xe9, 0xff, 0xe8,
    0x0c, 0x00, 0x44, 0xff, 0xff, 0x00, 0x00, 0x00, 0xff, 0xff, 0x44, 0x00, 0x00, 0x5f, 0xfc, 0x5e,
    0x00, 0x00, 0x44, 0xff, 0xff, 0x00, 0x00, 0x00, 0xff, 0xff, 0x43, 0x00, 0x00, 0x00, 0x05, 0x00,
    0x00, 0x00, 0x43, 0xff, 0xff, 0x00, 0x00, 0x00, 0xc1, 0xe9, 0x1c, 0x00, 0x00, 0x00, 0x00, 0x00,
    0x00, 0x00, 0x1c, 0xe8, 0xc4, 0x00, 0x00, 0x00, 0xc2, 0xd6, 0x1c, 0x00, 0x00, 0x00, 0x00, 0x00,
    0x1b, 0xe7, 0xc0, 0x00, 0x00, 0xff, 0xff, 0xcb, 0x07, 0x00, 0x00, 0x00, 0x00, 0x43, 0xff, 0xff,
    0x00, 0x00, 0xff, 0xff, 0xff, 0x9c, 0x00, 0x00, 0x00, 0x00, 0x44, 0xff, 0xff, 0x00, 0x00, 0xff,
    0xff, 0xff, 0xff, 0x67, 0x00, 0x00, 0x00, 0x44, 0xff, 0xff, 0x00, 0x00, 0xff, 0xff, 0x94, 0xfe,
    0xf9, 0x37, 0x00, 0x00, 0x44, 0xff, 0xff, 0x00, 0x00, 0xff, 0xff, 0x44, 0x86, 0xff, 0xe4, 0x16,
    0x00, 0x44, 0xff, 0xff, 0x00, 0x00, 0xff, 0xff, 0x44, 0x02, 0xba, 0xff, 0xc0, 0x04, 0x44, 0xff,
    0xff, 0x00, 0x00, 0xff, 0xff, 0x44, 0x00, 0x13, 0xe0, 0xff, 0x8e, 0x44, 0xff, 0xff, 0x00, 0x00,
    0xff, 0xff, 0x44, 0x00, 0x00, 0x33, 0xf7, 0xff, 0x9c, 0xff, 0xff, 0x00, 0x00, 0xff, 0xff, 0x44,
    0x00, 0x00, 0x00, 0x61, 0xff, 0xff, 0xff, 0xff, 0x00, 0x00, 0xff, 0xff, 0x44, 0x00, 0x00, 0x00,
    0x00, 0x98, 0xff, 0xff, 0xff, 0x00, 0x00, 0xff, 0xff, 0x43, 0x00, 0x00, 0x00, 0x00, 0x06, 0xc8,
    0xff, 0xff, 0x00, 0x00, 0xc3, 0xe9, 0x1b, 0x00, 0x00, 0x00, 0x00, 0x00, 0x1b, 0xd3, 0xc9, 0x00,
    0x00, 0x00, 0x00, 0x0a, 0x74, 0xc9, 0xf1, 0xf4, 0xd7, 0x8d, 0x21, 0x00, 0x00, 0x00, 0x00, 0x00,
    0x24, 0xdb, 0xff, 0xfa, 0xcc, 0xc1, 0xee, 0xff, 0xf2, 0x4d, 0x00, 0x00, 0x00, 0x08, 0xd6, 0xff,
    0xbe, 0x1a, 0x00, 0x00, 0x06, 0x87, 0xff, 0xf5, 0x27, 0x00, 0x00, 0x69, 0xff, 0xe8, 0x0e, 0x00,
    0x00, 0x00, 0x00, 0x00, 0xb0, 0xff, 0xa9, 0x00, 0x00, 0xbe, 0xff, 0x8c, 0x00, 0x00, 0x00, 0x00,
    0x00, 0x00, 0x45, 0xff, 0xf7, 0x0a, 0x00, 0xec, 0xff, 0x58, 0x00, 0x00, 0x00, 0x00, 0x00, 0x00,
    0x12, 0xff, 0xff, 0x29, 0x00, 0xfa, 0xff, 0x48, 0x00, 0x00, 0x00, 0x00, 0x00, 0x00, 0x05, 0xff,
    0xff, 0x3e, 0x00, 0xe6, 0xff, 0x56, 0x00, 0x00, 0x00, 0x00, 0x00, 0x00, 0x16, 0xff, 0xff, 0x2f,
    0x00, 0xbe, 0xff, 0x8b, 0x00, 0x00, 0x00, 0x00, 0x00, 0x00, 0x4e, 0xff, 0xf7, 0x07, 0x00, 0x67,
    0xff, 0xe8, 0x0e, 0x00, 0x00, 0x00, 0x00, 0x00, 0xba, 0xff, 0xaa, 0x00, 0x00, 0x07, 0xd2, 0xff,
    0xbc, 0x17, 0x00, 0x00, 0x0a, 0x90, 0xff, 0xf6, 0x2a, 0x00, 0x00, 0x00, 0x23, 0xd7, 0xff, 0xf9,
    0xc7, 0xc3, 0xef, 0xff, 0xf4, 0x4c, 0x00, 0x00, 0x00, 0x00, 0x00, 0x0d, 0x72, 0xca, 0xed, 0xf7,
    0xda, 0x92, 0x1e, 0x00, 0x00, 0x00, 0x00, 0xb9, 0xff, 0xff, 0xff, 0xff, 0xfe, 0xec, 0xb1, 0x34,
    0x00, 0x00, 0x00, 0xff, 0xff, 0xcb, 0xb8, 0xb8, 0xc3, 0xef, 0xff, 0xf9, 0x3a, 0x00, 0x00, 0xff,
    0xff, 0x44, 0x00, 0x00, 0x00, 0x0e, 0xc3, 0xff, 0xbf, 0x00, 0x00, 0xff, 0xff, 0x44, 0x00, 0x00,
    0x00, 0x00, 0x58, 0xff, 0xf5, 0x00, 0x00, 0xff, 0xff, 0x44, 0x00, 0x00, 0x00, 0x00, 0x59, 0xff,
    0xf4, 0x00, 0x00, 0xff, 0xff, 0x44, 0x00, 0x00, 0x00, 0x0e, 0xc4, 0xff, 0xbd, 0x00, 0x00, 0xff,
    0xff, 0xcb, 0xb8, 0xb8, 0xc2, 0xef, 0xff, 0xf9, 0x3a, 0x00, 0x00, 0xff, 0xff, 0xff, 0xff, 0xff,
    0xfe, 0xec, 0xb0, 0x33, 0x00, 0x00, 0x00, 0xff, 0xff, 0x44, 0x00, 0x00, 0x00, 0x00, 0x00, 0x00,
    0x00, 0x00, 0x00, 0xff, 0xff, 0x44, 0x00, 0x00, 0x00, 0x00, 0x00, 0x00, 0x00, 0x00, 0x00, 0xff,
    0xff, 0x44, 0x00, 0x00, 0x00, 0x00, 0x00, 0x00, 0x00, 0x00, 0x00, 0xff, 0xff, 0x43, 0x00, 0x00,
    0x00, 0x00, 0x00, 0x00, 0x00, 0x00, 0x00, 0xbe, 0xe7, 0x19, 0x00, 0x00, 0x00, 0x00, 0x00, 0x00,
    0x00, 0x00, 0x00, 0x00, 0x00, 0x0a, 0x74, 0xc9, 0xf1, 0xf4, 0xd7, 0x8d, 0x21, 0x00, 0x00, 0x00,
    0x00, 0x00, 0x24, 0xdb, 0xff, 0xfa, 0xcc, 0xc1, 0xee, 0xff, 0xf2, 0x4d, 0x00, 0x00, 0x00, 0x08,
    0xd6, 0xff, 0xbe, 0x1a, 0x00, 0x00, 0x06, 0x87, 0xff, 0xf5, 0x27, 0x00, 0x00, 0x69, 0xff, 0xe8,
    0x0e, 0x00, 0x00, 0x00, 0x00, 0x00, 0xb0, 0xff, 0xa9, 0x00, 0x00, 0xbe, 0xff, 0x8c, 0x00, 0x00,
    0x00, 0x00, 0x00, 0x00, 0x45, 0xff, 0xf7, 0x0a, 0x00, 0xec, 0xff, 0x58, 0x00, 0x00, 0x00, 0x00,
    0x00, 0x00, 0x12, 0xff, 0xff, 0x29, 0x00, 0xfa, 0xff, 0x48, 0x00, 0x00, 0x00, 0x00, 0x00, 0x00,
    0x05, 0xff, 0xff, 0x3e, 0x00, 0xe6, 0xff, 0x56, 0x00, 0x00, 0x00, 0x00, 0x00, 0x00, 0x16, 0xff,
    0xff, 0x2f, 0x00, 0xbe, 0xff, 0x8b, 0x00, 0x00, 0x00, 0x00, 0x00, 0x00, 0x4e, 0xff, 0xf7, 0x07,
    0x00, 0x67, 0xff, 0xe8, 0x0e, 0x00, 0x00, 0x00, 0x00, 0x00, 0xba, 0xff, 0xaa, 0x00, 0x00, 0x07,
    0xd2, 0xff, 0xbc, 0x17, 0x00, 0x00, 0x0a, 0x90, 0xff, 0xf6, 0x2a, 0x00, 0x00, 0x00, 0x23, 0xd7,
    0xff, 0xf9, 0xc7, 0xc3, 0xef, 0xff, 0xf4, 0x4c, 0x00, 0x00, 0x00, 0x00, 0x00, 0x0d, 0x72, 0xca,
    0xed, 0xff, 0xff, 0xff, 0x53, 0x00, 0x00, 0x00, 0x00, 0x00, 0x00, 0x00, 0x00, 0x00, 0x00, 0x13,
    0x7d, 0xff, 0xf9, 0x36, 0x00, 0x00, 0x00, 0x00, 0x00, 0x00, 0x00, 0x00, 0x00, 0x00, 0x00, 0xad,
    0xff, 0xd5, 0x05, 0x00, 0x00, 0x00, 0x00, 0x00, 0x00, 0x00, 0x00, 0x00, 0x00, 0x1b, 0xf0, 0xff,
    0x33, 0x00, 0x00, 0x00, 0x00, 0x00, 0x00, 0x00, 0x00, 0x00, 0x00, 0x00, 0x2a, 0x50, 0x00, 0x00,
    0x00, 0xb9, 0xff, 0xff, 0xff, 0xff, 0xfe, 0xec, 0xb1, 0x34, 0x00, 0x00, 0x00, 0xff, 0xff, 0xcb,
    0xb8, 0xb8, 0xc4, 0xf1, 0xff, 0xf9, 0x39, 0x00, 0x00, 0xff, 0xff, 0x44, 0x00, 0x00, 0x00, 0x0f,
    0xc5, 0xff, 0xbd, 0x00, 0x00, 0xff, 0xff, 0x44, 0x00, 0x00, 0x00, 0x00, 0x58, 0xff, 0xf4, 0x00,
    0x00, 0xff, 0xff, 0x44, 0x00, 0x00, 0x00, 0x00, 0x59, 0xff, 0xf1, 0x00, 0x00, 0xff, 0xff, 0x44,
    0x00, 0x00, 0x00, 0x0f, 0xc6, 0xff, 0xbb, 0x00, 0x00, 0xff, 0xff, 0xcb, 0xb8, 0xb8, 0xc3, 0xf0,
    0xff, 0xf8, 0x36, 0x00, 0x00, 0xff, 0xff, 0xff, 0xff, 0xff, 0xff, 0xff, 0xff, 0x35, 0x00, 0x00,
    0x00, 0xff, 0xff, 0x44, 0x00, 0x15, 0x7c, 0xff, 0xff, 0x79, 0x00, 0x00, 0x00, 0xff, 0xff, 0x44,
    0x00, 0x00, 0x00, 0xbf, 0xff, 0xef, 0x0f, 0x00, 0x00, 0xff, 0xff, 0x44, 0x00, 0x00, 0x00, 0x31,
    0xfd, 0xff, 0x7e, 0x00, 0x00, 0xff, 0xff, 0x43, 0x00, 0x00, 0x00, 0x00, 0xa0, 0xff, 0xec, 0x02,
    0x00, 0xbe, 0xe8, 0x1b, 0x00, 0x00, 0x00, 0x00, 0x16, 0xd1, 0xd6, 0x06, 0x00, 0x00, 0x0c, 0x7b,
    0xd5, 0xf7, 0xee, 0xce, 0x8b, 0x26, 0x00, 0x00, 0x1f, 0xe2, 0xff, 0xf4, 0xca, 0xc8, 0xec, 0xff,
    0xf9, 0x16, 0x00, 0xac, 0xff, 0xb8, 0x0b, 0x00, 0x00, 0x04, 0x51, 0x7c, 0x02, 0x00, 0xf2, 0xff,
    0x4e, 0x00, 0x00, 0x00, 0x00, 0x00, 0x00, 0x00, 0x00, 0xea, 0xff, 0x9f, 0x05, 0x00, 0x00, 0x00,
    0x00, 0x00, 0x00, 0x00, 0x9d, 0xff, 0xff, 0xe9, 0xa8, 0x72, 0x37, 0x02, 0x00, 0x00, 0x00, 0x10,
    0xb3, 0xff, 0xff, 0xff, 0xff, 0xff, 0xe9, 0x70, 0x02, 0x00, 0x00, 0x00, 0x2f, 0x7d, 0xb6, 0xeb,
    0xff, 0xff, 0xff, 0x7d, 0x00, 0x00, 0x00, 0x00, 0x00, 0x00, 0x01, 0x34, 0xc8, 0xff, 0xe2, 0x00,
    0x00, 0x00, 0x00, 0x00, 0x00, 0x00, 0x00, 0x52, 0xff, 0xf4, 0x00, 0x7a, 0x9d, 0x34, 0x00, 0x00,
    0x00, 0x08, 0xac, 0xff, 0xb3, 0x00, 0xb7, 0xff, 0xff, 0xe6, 0xc7, 0xc3, 0xed, 0xff, 0xe9, 0x25,
    0x00, 0x08, 0x63, 0xb4, 0xe5, 0xf8, 0xf8, 0xda, 0x90, 0x18, 0x00, 0xc9, 0xff, 0xff, 0xff, 0xff,
    0xff, 0xff, 0xff, 0xff, 0xff, 0xc8, 0x83, 0xb7, 0xb8, 0xb8, 0xcb, 0xff, 0xff, 0xb8, 0xb8, 0xb8,
    0x84, 0x00, 0x00, 0x00, 0x00, 0x44, 0xff, 0xff, 0x00, 0x00, 0x00, 0x00, 0x00, 0x00, 0x00, 0x00,
    0x44, 0xff, 0xff, 0x00, 0x00, 0x00, 0x00, 0x00, 0x00, 0x00, 0x00, 0x44, 0xff, 0xff, 0x00, 0x00,
    0x00, 0x00, 0x00, 0x00, 0x00, 0x00, 0x44, 0xff, 0xff, 0x00, 0x00, 0x00, 0x00, 0x00, 0x00, 0x00,
    0x00, 0x44, 0xff, 0xff, 0x00, 0x00, 0x00, 0x00, 0x00, 0x00, 0x00, 0x00, 0x44, 0xff, 0xff, 0x00,
    0x00, 0x00, 0x00, 0x00, 0x00, 0x00, 0x00, 0x44, 0xff, 0xff, 0x00, 0x00, 0x00, 0x00, 0x00, 0x00,
    0x00, 0x00, 0x44, 0xff, 0xff, 0x00, 0x00, 0x00, 0x00, 0x00, 0x00, 0x00, 0x00, 0x44, 0xff, 0xff,
    0x00, 0x00, 0x00, 0x00, 0x00, 0x00, 0x00, 0x00, 0x43, 0xff, 0xfe, 0x00, 0x00, 0x00, 0x00, 0x00,
    0x00, 0x00, 0x00, 0x19, 0xe7, 0xbd, 0x00, 0x00, 0x00, 0x00, 0x00, 0xc0, 0xe7, 0x1a, 0x00, 0x00,
    0x00, 0x00, 0x00, 0x1a, 0xe7, 0xbe, 0x00, 0x00, 0xff, 0xff, 0x43, 0x00, 0x00, 0x00, 0x00, 0x00,
    0x43, 0xff, 0xff, 0x00, 0x00, 0xff, 0xff, 0x44, 0x00, 0x00, 0x00, 0x00, 0x00, 0x44, 0xff, 0xff,
    0x00, 0x00, 0xff, 0xff, 0x44, 0x00, 0x00, 0x00, 0x00, 0x00, 0x44, 0xff, 0xff, 0x00, 0x00, 0xff,
    0xff, 0x44, 0x00, 0x00, 0x00, 0x00, 0x00, 0x44, 0xff, 0xff, 0x00, 0x00, 0xff, 0xff, 0x44, 0x00,
    0x00, 0x00, 0x00, 0x00, 0x44, 0xff, 0xff, 0x00, 0x00, 0xff, 0xff, 0x44, 0x00, 0x00, 0x00, 0x00,
    0x00, 0x44, 0xff, 0xff, 0x00, 0x00, 0xfe, 0xff, 0x44, 0x00, 0x00, 0x00, 0x00, 0x00, 0x44, 0xff,
    0xfe, 0x00, 0x00, 0xf0, 0xff, 0x5c, 0x00, 0x00, 0x00, 0x00, 0x00, 0x5d, 0xff, 0xea, 0x00, 0x00,
    0xc3, 0xff, 0x99, 0x00, 0x00, 0x00, 0x00, 0x00, 0x99, 0xff, 0xbf, 0x00, 0x00, 0x64, 0xff, 0xfb,
    0x56, 0x00, 0x00, 0x00, 0x55, 0xfb, 0xff, 0x5f, 0x00, 0x00, 0x01, 0xaa, 0xff, 0xff, 0xe1, 0xc1,
    0xe0, 0xff, 0xff, 0xa8, 0x01, 0x00, 0x00, 0x00, 0x01, 0x5d, 0xbd, 0xed, 0xfb, 0xe9, 0xbb, 0x5c,
    0x00, 0x00, 0x00, 0x79, 0xf2, 0x4f, 0x00, 0x00, 0x00, 0x00, 0x00, 0x00, 0x00, 0x5e, 0xeb, 0x59,
    0x95, 0xff, 0xd7, 0x01, 0x00, 0x00, 0x00, 0x00, 0x00, 0x06, 0xe8, 0xff, 0x6a, 0x2a, 0xff, 0xff,
    0x47, 0x00, 0x00, 0x00, 0x00, 0x00, 0x5d, 0xff, 0xf0, 0x0c, 0x00, 0xb8, 0xff, 0xb6, 0x00, 0x00,
    0x00, 0x00, 0x00, 0xca, 0xff, 0x8b, 0x00, 0x00, 0x47, 0xff, 0xfe, 0x25, 0x00, 0x00, 0x00, 0x39,
    0xff, 0xfb, 0x1e, 0x00, 0x00, 0x00, 0xd3, 0xff, 0x92, 0x00, 0x00, 0x00, 0xa7, 0xff, 0xa8, 0x00,
    0x00, 0x00, 0x00, 0x63, 0xff, 0xf2, 0x0e, 0x00, 0x19, 0xfa, 0xff, 0x36, 0x00, 0x00, 0x00, 0x00,
    0x07, 0xe9, 0xff, 0x6f, 0x00, 0x82, 0xff, 0xc4, 0x00, 0x00, 0x00, 0x00, 0x00, 0x00, 0x7f, 0xff,
    0xdc, 0x08, 0xe8, 0xff, 0x52, 0x00, 0x00, 0x00, 0x00, 0x00, 0x00, 0x15, 0xf7, 0xff, 0xaa, 0xff,
    0xde, 0x02, 0x00, 0x00, 0x00, 0x00, 0x00, 0x00, 0x00, 0x9c, 0xff, 0xff, 0xff, 0x6f, 0x00, 0x00,
    0x00, 0x00, 0x00, 0x00, 0x00, 0x00, 0x2a, 0xff, 0xff, 0xf0, 0x0c, 0x00, 0x00, 0x00, 0x00, 0x00,
    0x00, 0x00, 0x00, 0x00, 0x8b, 0xee, 0x68, 0x00, 0x00, 0x00, 0x00, 0x00, 0x1e, 0xe7, 0xb8, 0x01,
    0x00, 0x00, 0x00, 0x00, 0x01, 0xb3, 0xd5, 0x0e, 0x00, 0x00, 0x00, 0x00, 0x00, 0x86, 0xed, 0x2b,
    0x1e, 0xff, 0xff, 0x3c, 0x00, 0x00, 0x00, 0x00, 0x3e, 0xff, 0xff, 0x64, 0x00, 0x00, 0x00, 0x00,
    0x10, 0xf9, 0xff, 0x2d, 0x00, 0xc6, 0xff, 0x92, 0x00, 0x00, 0x00, 0x00, 0x98, 0xff, 0xff, 0xbb,
    0x00, 0x00, 0x00, 0x00, 0x61, 0xff, 0xd5, 0x00, 0x00, 0x6c, 0xff, 0xe5, 0x02, 0x00, 0x00, 0x05,
    0xec, 0xff, 0xff, 0xfc, 0x16, 0x00, 0x00, 0x00, 0xb9, 0xff, 0x79, 0x00, 0x00, 0x15, 0xfb, 0xff,
    0x3e, 0x00, 0x00, 0x4d, 0xff, 0xbc, 0xae, 0xff, 0x6a, 0x00, 0x00, 0x14, 0xfb, 0xfe, 0x20, 0x00,
    0x00, 0x00, 0xb7, 0xff, 0x94, 0x00, 0x00, 0xa7, 0xff, 0x62, 0x55, 0xff, 0xc1, 0x00, 0x00, 0x68,
    0xff, 0xc3, 0x00, 0x00, 0x00, 0x00, 0x5d, 0xff, 0xe7, 0x02, 0x0b, 0xf5, 0xf8, 0x0f, 0x08, 0xf2,
    0xfd, 0x1b, 0x00, 0xc0, 0xff, 0x68, 0x00, 0x00, 0x00, 0x00, 0x0c, 0xf5, 0xff, 0x40, 0x5c, 0xff,
    0xae, 0x00, 0x00, 0xa2, 0xff, 0x70, 0x1a, 0xfd, 0xfa, 0x13, 0x00, 0x00, 0x00, 0x00, 0x00, 0xa8,
    0xff, 0x96, 0xb6, 0xff, 0x53, 0x00, 0x00, 0x48, 0xff, 0xc7, 0x6f, 0xff, 0xb2, 0x00, 0x00, 0x00,
    0x00, 0x00, 0x00, 0x4d, 0xff, 0xfe, 0xfe, 0xf1, 0x08, 0x00, 0x00, 0x04, 0xea, 0xff, 0xe6, 0xff,
    0x57, 0x00, 0x00, 0x00, 0x00, 0x00, 0x00, 0x05, 0xed, 0xff, 0xff, 0x9f, 0x00, 0x00, 0x00, 0x00,
    0x95, 0xff, 0xff, 0xf2, 0x09, 0x00, 0x00, 0x00, 0x00, 0x00, 0x00, 0x00, 0x98, 0xff, 0xff, 0x45,
    0x00, 0x00, 0x00, 0x00, 0x3c, 0xff, 0xff, 0xa1, 0x00, 0x00, 0x00, 0x00, 0x00, 0x00, 0x00, 0x00,
    0x2b, 0xe3, 0xb4, 0x02, 0x00, 0x00, 0x00, 0x00, 0x01, 0xb3, 0xe5, 0x2a, 0x00, 0x00, 0x00, 0x00,
    0x0d, 0xda, 0xbc, 0x0b, 0x00, 0x00, 0x00, 0x00, 0x0d, 0xbf, 0xde, 0x14, 0x0c, 0xe9, 0xff, 0xa1,
    0x00, 0x00, 0x00, 0x00, 0xa5, 0xff, 0xe9, 0x0d, 0x00, 0x47, 0xfe, 0xff, 0x5f, 0x00, 0x00, 0x63,
    0xff, 0xfe, 0x46, 0x00, 0x00, 0x00, 0x87, 0xff, 0xf4, 0x28, 0x29, 0xf5, 0xff, 0x86, 0x00, 0x00,
    0x00, 0x00, 0x04, 0xc4, 0xff, 0xdb, 0xdb, 0xff, 0xc3, 0x04, 0x00, 0x00, 0x00, 0x00, 0x00, 0x1c,
    0xed, 0xff, 0xff, 0xed, 0x1c, 0x00, 0x00, 0x00, 0x00, 0x00, 0x00, 0x00, 0xbf, 0xff, 0xff, 0xbc,
    0x00, 0x00, 0x00, 0x00, 0x00, 0x00, 0x00, 0x37, 0xfa, 0xff, 0xff, 0xfa, 0x36, 0x00, 0x00, 0x00,
    0x00, 0x00, 0x11, 0xe0, 0xff, 0xb6, 0xb8, 0xff, 0xdf, 0x10, 0x00, 0x00, 0x00, 0x00, 0xb1, 0xff,
    0xe4, 0x14, 0x15, 0xe5, 0xff, 0xae, 0x00, 0x00, 0x00, 0x73, 0xff, 0xfc, 0x3e, 0x00, 0x00, 0x3e,
    0xfc, 0xff, 0x6e, 0x00, 0x2b, 0xfa, 0xff, 0x7d, 0x00, 0x00, 0x00, 0x00, 0x7b, 0xff, 0xf9, 0x28,
    0x2c, 0xe8, 0xa2, 0x02, 0x00, 0x00, 0x00, 0x00, 0x02, 0xa0, 0xe8, 0x32, 0x02, 0xce, 0xd0, 0x19,
    0x00, 0x00, 0x00, 0x00, 0x00, 0x7d, 0xec, 0x53, 0x00, 0xd7, 0xff, 0xbc, 0x01, 0x00, 0x00, 0x00,
    0x4c, 0xff, 0xff, 0x44, 0x00, 0x38, 0xfb, 0xff, 0x71, 0x00, 0x00, 0x1a, 0xeb, 0xff, 0x96, 0x00,
    0x00, 0x00, 0x7e, 0xff, 0xf8, 0x2c, 0x02, 0xbd, 0xff, 0xd3, 0x08, 0x00, 0x00, 0x00, 0x03, 0xc5,
    0xff, 0xd0, 0x80, 0xff, 0xf7, 0x2b, 0x00, 0x00, 0x00, 0x00, 0x00, 0x21, 0xf2, 0xff, 0xff, 0xff,
    0x69, 0x00, 0x00, 0x00, 0x00, 0x00, 0x00, 0x00, 0x5e, 0xff, 0xff, 0xc3, 0x00, 0x00, 0x00, 0x00,
    0x00, 0x00, 0x00, 0x00, 0x00, 0xff, 0xff, 0x55, 0x00, 0x00, 0x00, 0x00, 0x00, 0x00, 0x00, 0x00,
    0x00, 0xff, 0xff, 0x44, 0x00, 0x00, 0x00, 0x00, 0x00, 0x00, 0x00, 0x00, 0x00, 0xff, 0xff, 0x44,
    0x00, 0x00, 0x00, 0x00, 0x00, 0x00, 0x00, 0x00, 0x00, 0xff, 0xff, 0x44, 0x00, 0x00, 0x00, 0x00,
    0x00, 0x00, 0x00, 0x00, 0x00, 0xff, 0xff, 0x43, 0x00, 0x00, 0x00, 0x00, 0x00, 0x00, 0x00, 0x00,
    0x00, 0xbd, 0xe8, 0x1a, 0x00, 0x00, 0x00, 0x00, 0x00, 0xc6, 0xff, 0xff, 0xff, 0xff, 0xff, 0xff,
    0xff, 0xf6, 0x62, 0x00, 0x80, 0xb7, 0xb8, 0xb8, 0xb8, 0xb8, 0xc2, 0xff, 0xff, 0x84, 0x00, 0x00,
    0x00, 0x00, 0x00, 0x00, 0x00, 0x9a, 0xff, 0xeb, 0x17, 0x00, 0x00, 0x00, 0x00, 0x00, 0x00, 0x4f,
    0xff, 0xff, 0x4f, 0x00, 0x00, 0x00, 0x00, 0x00, 0x00, 0x19, 0xeb, 0xff, 0x98, 0x00, 0x00, 0x00,
    0x00, 0x00, 0x00, 0x01, 0xba, 0xff, 0xd8, 0x0a, 0x00, 0x00, 0x00, 0x00, 0x00, 0x00, 0x72, 0xff,
    0xfa, 0x32, 0x00, 0x00, 0x00, 0x00, 0x00, 0x00, 0x2e, 0xf8, 0xff, 0x75, 0x00, 0x00, 0x00, 0x00,
    0x00, 0x00, 0x08, 0xd4, 0xff, 0xbd, 0x01, 0x00, 0x00, 0x00, 0x00, 0x00, 0x00, 0x94, 0xff, 0xed,
    0x1b, 0x00, 0x00, 0x00, 0x00, 0x00, 0x00, 0x48, 0xff, 0xff, 0x53, 0x00, 0x00, 0x00, 0x00, 0x00,
    0x00, 0x00, 0xc7, 0xff, 0xff, 0xb8, 0xb8, 0xb8, 0xb8, 0xb8, 0xb7, 0x8c, 0x00, 0xa2, 0xfe, 0xff,
    0xff, 0xff, 0xff, 0xff, 0xff, 0xff, 0xd3, 0x00, 0x00, 0xcb, 0xff, 0xff, 0xf5, 0x3b, 0x00, 0x00,
    0xff, 0xff, 0xcb, 0xae, 0x22, 0x00, 0x00, 0xff, 0xff, 0x44, 0x00, 0x00, 0x00, 0x00, 0xff, 0xff,
    0x44, 0x00, 0x00, 0x00, 0x00, 0xff, 0xff, 0x44, 0x00, 0x00, 0x00, 0x00, 0xff, 0xff, 0x44, 0x00,
    0x00, 0x00, 0x00, 0xff, 0xff, 0x44, 0x00, 0x00, 0x00, 0x00, 0xff, 0xff, 0x44, 0x00, 0x00, 0x00,
    0x00, 0xff, 0xff, 0x44, 0x00, 0x00, 0x00, 0x00, 0xff, 0xff, 0x44, 0x00, 0x00, 0x00, 0x00, 0xff,
    0xff, 0x44, 0x00, 0x00, 0x00, 0x00, 0xff, 0xff, 0x44, 0x00, 0x00, 0x00, 0x00, 0xff, 0xff, 0x44,
    0x00, 0x00, 0x00, 0x00, 0xff, 0xff, 0x44, 0x00, 0x00, 0x00, 0x00, 0xff, 0xff, 0xcb, 0xad, 0x21,
    0x00, 0x00, 0xcb, 0xff, 0xff, 0xf6, 0x3d, 0x0e, 0xe2, 0x68, 0x00, 0x00, 0x00, 0x00, 0x09, 0xf6,
    0xd5, 0x00, 0x00, 0x00, 0x00, 0x00, 0xb1, 0xff, 0x26, 0x00, 0x00, 0x00, 0x00, 0x60, 0xff, 0x77,
    0x00, 0x00, 0x00, 0x00, 0x13, 0xfc, 0xc8, 0x00, 0x00, 0x00, 0x00, 0x00, 0xbe, 0xfe, 0x1b, 0x00,
    0x00, 0x00, 0x00, 0x6d, 0xff, 0x6a, 0x00, 0x00, 0x00, 0x00, 0x1d, 0xff, 0xbb, 0x00, 0x00, 0x00,
    0x00, 0x00, 0xcb, 0xfb, 0x11, 0x00, 0x00, 0x00, 0x00, 0x7b, 0xff, 0x5d, 0x00, 0x00, 0x00, 0x00,
    0x2a, 0xff, 0xae, 0x00, 0x00, 0x00, 0x00, 0x00, 0xd9, 0xf5, 0x0a, 0x00, 0x00, 0x00, 0x00, 0x88,
    0xff, 0x51, 0x00, 0x00, 0x00, 0x00, 0x37, 0xff, 0xa1, 0x00, 0x00, 0x00, 0x00, 0x01, 0xc8, 0x99,
    0x0a, 0xe3, 0xff, 0xff, 0xee, 0x21, 0x00, 0x02, 0x9c, 0xb8, 0xff, 0xff, 0x44, 0x00, 0x00, 0x00,
    0x00, 0xff, 0xff, 0x44, 0x00, 0x00, 0x00, 0x00, 0xff, 0xff, 0x44, 0x00, 0x00, 0x00, 0x00, 0xff,
    0xff, 0x44, 0x00, 0x00, 0x00, 0x00, 0xff, 0xff, 0x44, 0x00, 0x00, 0x00, 0x00, 0xff, 0xff, 0x44,
    0x00, 0x00, 0x00, 0x00, 0xff, 0xff, 0x44, 0x00, 0x00, 0x00, 0x00, 0xff, 0xff, 0x44, 0x00, 0x00,
    0x00, 0x00, 0xff, 0xff, 0x44, 0x00, 0x00, 0x00, 0x00, 0xff, 0xff, 0x44, 0x00, 0x00, 0x00, 0x00,
    0xff, 0xff, 0x44, 0x00, 0x00, 0x00, 0x00, 0xff, 0xff, 0x44, 0x00, 0x00, 0x00, 0x00, 0xff, 0xff,
    0x44, 0x00, 0x02, 0x9b, 0xb8, 0xff, 0xff, 0x44, 0x00, 0x0a, 0xe4, 0xff, 0xff, 0xee, 0x20, 0x00,
    0x00, 0x00, 0x00, 0x00, 0x82, 0xff, 0x4d, 0x00, 0x00, 0x00, 0x00, 0x00, 0x00, 0x00, 0x12, 0xf6,
    0xff, 0xd3, 0x00, 0x00, 0x00, 0x00, 0x00, 0x00, 0x00, 0x76, 0xfe, 0x78, 0xff, 0x41, 0x00, 0x00,
    0x00, 0x00, 0x00, 0x03, 0xe0, 0xb9, 0x04, 0xe6, 0xaf, 0x00, 0x00, 0x00, 0x00, 0x00, 0x52, 0xff,
    0x51, 0x00, 0x84, 0xfd, 0x20, 0x00, 0x00, 0x00, 0x00, 0xc0, 0xe4, 0x04, 0x00, 0x1e, 0xfd, 0x8b,
    0x00, 0x00, 0x00, 0x2d, 0xff, 0x7f, 0x00, 0x00, 0x00, 0xb4, 0xee, 0x0a, 0x00, 0x00, 0x9b, 0xfc,
    0x1b, 0x00, 0x00, 0x00, 0x4b, 0xff, 0x66, 0x00, 0x00, 0xbd, 0x99, 0x00, 0x00, 0x00, 0x00, 0x02,
    0xc8, 0x8f, 0x00, 0x00, 0x00, 0x00, 0x00, 0x00, 0x00, 0x00, 0x00, 0x00, 0x00, 0x00, 0x00, 0x00,
    0x00, 0x00, 0x00, 0x00, 0x00, 0x00, 0x00, 0x00, 0x00, 0x63, 0xb8, 0xb8, 0xb8, 0xb8, 0xb8, 0xb8,
    0xb8, 0x63, 0x9a, 0xff, 0xff, 0xff, 0xff, 0xff, 0xff, 0xff, 0x9a, 0x00, 0x00, 0x00, 0x00, 0x00,
    0x00, 0x00, 0x00, 0x10, 0xd7, 0x74, 0x00, 0x00, 0x00, 0x00, 0x08, 0xe2, 0xf3, 0x13, 0x00, 0x00,
    0x00, 0x00, 0x44, 0xfe, 0x87, 0x00, 0x00, 0x00, 0x00, 0x00, 0x92, 0xe1, 0x00, 0x00, 0x00, 0x00,
    0x00, 0x02, 0x1a, 0x00, 0x00, 0x00, 0x00, 0x00, 0x00, 0x00, 0x00, 0x00, 0x00, 0x00, 0x00, 0x00,
    0x00, 0x00, 0x00, 0x00, 0x00, 0x00, 0x00, 0x00, 0x00, 0x00, 0x00, 0x00, 0x00, 0x00, 0x00, 0x00,
    0x00, 0x00, 0x00, 0x00, 0x00, 0x00, 0x00, 0x00, 0x00, 0x00, 0x00, 0x00, 0x00, 0x00, 0x00, 0x00,
    0x00, 0x00, 0x00, 0x00, 0x00, 0x00, 0x00, 0x00, 0x00, 0x00, 0x00, 0x00, 0x00, 0x00, 0x00, 0x00,
    0x00, 0x00, 0x00, 0x00, 0x00, 0x07, 0x73, 0xc1, 0xec, 0xf8, 0xd8, 0x79, 0x03, 0x00, 0x00, 0x62,
    0xff, 0xf3, 0xc7, 0xc8, 0xfe, 0xff, 0x7c, 0x00, 0x00, 0x0f, 0x49, 0x09, 0x00, 0x00, 0x75, 0xff,
    0xdd, 0x00, 0x00, 0x00, 0x36, 0x7f, 0xa3, 0xb1, 0xfd, 0xff, 0xfb, 0x00, 0x00, 0x7c, 0xff, 0xff,
    0xff, 0xff, 0xff, 0xff, 0xff, 0x00, 0x00, 0xed, 0xff, 0x95, 0x1a, 0x04, 0x4d, 0xff, 0xff, 0x00,
    0x00, 0xf0, 0xff, 0x67, 0x00, 0x05, 0xb8, 0xff, 0xff, 0x00, 0x00, 0x92, 0xff, 0xfb, 0xc4, 0xe6,
    0xe2, 0xff, 0xff, 0x00, 0x00, 0x06, 0x8a, 0xe8, 0xf0, 0xae, 0x30, 0xe7, 0xc1, 0x00, 0x00, 0xc1,
    0xe7, 0x1a, 0x00, 0x00, 0x00, 0x00, 0x00, 0x00, 0x00, 0x00, 0xff, 0xff, 0x43, 0x00, 0x00, 0x00,
    0x00, 0x00, 0x00, 0x00, 0x00, 0xff, 0xff, 0x44, 0x00, 0x00, 0x00, 0x00, 0x00, 0x00, 0x00, 0x00,
    0xff, 0xff, 0x44, 0x00, 0x00, 0x00, 0x00, 0x00, 0x00, 0x00, 0x00, 0xff, 0xff, 0x50, 0x99, 0xea,
    0xf2, 0xba, 0x31, 0x00, 0x00, 0x00, 0xff, 0xff, 0xef, 0xec, 0xc2, 0xee, 0xff, 0xf4, 0x26, 0x00,
    0x00, 0xff, 0xff, 0xce, 0x0d, 0x00, 0x11, 0xd3, 0xff, 0xa4, 0x00, 0x00, 0xff, 0xff, 0x62, 0x00,
    0x00, 0x00, 0x67, 0xff, 0xe6, 0x00, 0x00, 0xff, 0xff, 0x4a, 0x00, 0x00, 0x00, 0x4a, 0xff, 0xf9,
    0x00, 0x00, 0xff, 0xff, 0x69, 0x00, 0x00, 0x00, 0x66, 0xff, 0xe5, 0x00, 0x00, 0xff, 0xff, 0xe3,
    0x12, 0x00, 0x0e, 0xd2, 0xff, 0xa2, 0x00, 0x00, 0xff, 0xff, 0xee, 0xee, 0xc1, 0xec, 0xff, 0xf4,
    0x25, 0x00, 0x00, 0xbe, 0xe7, 0x27, 0x9a, 0xeb, 0xf3, 0xbb, 0x31, 0x00, 0x00, 0x00, 0x00, 0x1d,
    0x9c, 0xe5, 0xf9, 0xdc, 0x8c, 0x13, 0x00, 0x1f, 0xe9, 0xff, 0xf3, 0xc5, 0xdf, 0xff, 0x76, 0x00,
    0xa2, 0xff, 0xd9, 0x18, 0x00, 0x00, 0x36, 0x0c, 0x00, 0xe8, 0xff, 0x68, 0x00, 0x00, 0x00, 0x00,
    0x00, 0x00, 0xfa, 0xff, 0x4c, 0x00, 0x00, 0x00, 0x00, 0x00, 0x00, 0xe1, 0xff, 0x6e, 0x00, 0x00,
    0x00, 0x00, 0x00, 0x00, 0x94, 0xff, 0xde, 0x1b, 0x00, 0x00, 0x30, 0x07, 0x00, 0x15, 0xe1, 0xff,
    0xf4, 0xc5, 0xdc, 0xff, 0x67, 0x00, 0x00, 0x15, 0x95, 0xe2, 0xf8, 0xde, 0x8c, 0x10, 0x00, 0x00,
    0x00, 0x00, 0x00, 0x00, 0x00, 0x1b, 0xe8, 0xbe, 0x00, 0x00, 0x00, 0x00, 0x00, 0x00, 0x00, 0x00,
    0x43, 0xff, 0xff, 0x00, 0x00, 0x00, 0x00, 0x00, 0x00, 0x00, 0x00, 0x44, 0xff, 0xff, 0x00, 0x00,
    0x00, 0x00, 0x00, 0x00, 0x00, 0x00, 0x44, 0xff, 0xff, 0x00, 0x00, 0x00, 0x2f, 0xb8, 0xf2, 0xeb,
    0x9b, 0x51, 0xff, 0xff, 0x00, 0x00, 0x26, 0xf3, 0xff, 0xec, 0xc2, 0xee, 0xf3, 0xff, 0xff, 0x00,
    0x00, 0xa5, 0xff, 0xd1, 0x0e, 0x00, 0x12, 0xd5, 0xff, 0xff, 0x00, 0x00, 0xe7, 0xff, 0x64, 0x00,
    0x00, 0x00, 0x68, 0xff, 0xff, 0x00, 0x00, 0xfa, 0xff, 0x4a, 0x00, 0x00, 0x00, 0x4a, 0xff, 0xff,
    0x00, 0x00, 0xe6, 0xff, 0x69, 0x00, 0x00, 0x00, 0x66, 0xff, 0xff, 0x00, 0x00, 0xa3, 0xff, 0xd5,
    0x12, 0x00, 0x10, 0xe3, 0xff, 0xff, 0x00, 0x00, 0x25, 0xf4, 0xff, 0xee, 0xc2, 0xed, 0xed, 0xff,
    0xff, 0x00, 0x00, 0x00, 0x31, 0xbb, 0xf3, 0xeb, 0x98, 0x26, 0xe7, 0xbe, 0x00, 0x00, 0x00, 0x06,
    0x77, 0xd2, 0xf5, 0xf1, 0xbc, 0x43, 0x00, 0x00, 0x00, 0x0a, 0xca, 0xff, 0xf5, 0xc2, 0xdc, 0xff,
    0xfd, 0x58, 0x00, 0x00, 0x87, 0xff, 0xd7, 0x16, 0x00, 0x00, 0x6f, 0xff, 0xe8, 0x03, 0x00, 0xde,
    0xff, 0xff, 0xb8, 0xb8, 0xb8, 0xbe, 0xff, 0xff, 0x2f, 0x00, 0xf8, 0xff, 0xff, 0xff, 0xff, 0xff,
    0xff, 0xff, 0xf1, 0x27, 0x00, 0xdf, 0xff, 0x6b, 0x00, 0x00, 0x00, 0x00, 0x00, 0x00, 0x00, 0x00,
    0x89, 0xff, 0xdd, 0x1e, 0x00, 0x00, 0x0c, 0x53, 0x16, 0x00, 0x00, 0x0c, 0xcd, 0xff, 0xf7, 0xc9,
    0xc5, 0xf4, 0xff, 0x64, 0x00, 0x00, 0x00, 0x08, 0x7a, 0xd1, 0xf4, 0xf0, 0xc5, 0x65, 0x02, 0x00,
    0x00, 0x00, 0x00, 0x00, 0x00, 0x0e, 0x14, 0x00, 0x00, 0x00, 0x00, 0x56, 0xd2, 0xfd, 0xfb, 0x17,
    0x00, 0x00, 0x64, 0xff, 0xfb, 0xa2, 0x71, 0x01, 0x00, 0x00, 0xd1, 0xff, 0x7d, 0x00, 0x00, 0x00,
    0x00, 0x00, 0xf8, 0xff, 0x48, 0x00, 0x00, 0x00, 0x88, 0xfe, 0xff, 0xff, 0xff, 0xfe, 0x7d, 0x00,
    0x54, 0xb6, 0xff, 0xff, 0xcb, 0xb6, 0x4c, 0x00, 0x00, 0x00, 0xff, 0xff, 0x44, 0x00, 0x00, 0x00,
    0x00, 0x00, 0xff, 0xff, 0x44, 0x00, 0x00, 0x00, 0x00, 0x00, 0xff, 0xff, 0x44, 0x00, 0x00, 0x00,
    0x00, 0x00, 0xff, 0xff, 0x44, 0x00, 0x00, 0x00, 0x00, 0x00, 0xff, 0xff, 0x44, 0x00, 0x00, 0x00,
    0x00, 0x00, 0xff, 0xff, 0x43, 0x00, 0x00, 0x00, 0x00, 0x00, 0xbf, 0xe9, 0x1b, 0x00, 0x00, 0x00,
    0x00, 0x00, 0x31, 0xba, 0xf5, 0xea, 0x95, 0x24, 0xe7, 0xc1, 0x00, 0x00, 0x1f, 0xf3, 0xff, 0xee,
    0xc3, 0xef, 0xe8, 0xff, 0xff, 0x00, 0x00, 0xa1, 0xff, 0xd6, 0x11, 0x00, 0x14, 0xe5, 0xff, 0xff,
    0x00, 0x00, 0xe9, 0xff, 0x66, 0x00, 0x00, 0x00, 0x6a, 0xff, 0xff, 0x00, 0x00, 0xfb, 0xff, 0x4a,
    0x00, 0x00, 0x00, 0x4b, 0xff, 0xff, 0x00, 0x00, 0xe6, 0xff, 0x6b, 0x00, 0x00, 0x00, 0x69, 0xff,
    0xff, 0x00, 0x00, 0xa4, 0xff, 0xd8, 0x14, 0x00, 0x11, 0xda, 0xff, 0xff, 0x00, 0x00, 0x26, 0xf4,
    0xff, 0xef, 0xc2, 0xee, 0xe2, 0xff, 0xff, 0x00, 0x00, 0x00, 0x31, 0xba, 0xf3, 0xe9, 0x92, 0x56,
    0xff, 0xf1, 0x00, 0x00, 0x17, 0x58, 0x0a, 0x00, 0x00, 0x05, 0xab, 0xff, 0xba, 0x00, 0x00, 0x7a,
    0xff, 0xf6, 0xcb, 0xbf, 0xe7, 0xff, 0xf9, 0x39, 0x00, 0x00, 0x0a, 0x72, 0xc4, 0xe9, 0xfb, 0xec,
    0xb0, 0x34, 0x00, 0x00, 0x00, 0xc1, 0xe8, 0x1b, 0x00, 0x00, 0x00, 0x00, 0x00, 0x00, 0x00, 0x00,
    0xff, 0xff, 0x43, 0x00, 0x00, 0x00, 0x00, 0x00, 0x00, 0x00, 0x00, 0xff, 0xff, 0x44, 0x00, 0x00,
    0x00, 0x00, 0x00, 0x00, 0x00, 0x00, 0xff, 0xff, 0x44, 0x00, 0x00, 0x00, 0x00, 0x00, 0x00, 0x00,
    0x00, 0xff, 0xff, 0x5d, 0xa5, 0xed, 0xf6, 0xc1, 0x2a, 0x00, 0x00, 0x00, 0xff, 0xff, 0xff, 0xe9,
    0xc3, 0xf5, 0xff, 0xd7, 0x00, 0x00, 0x00, 0xff, 0xff, 0xc1, 0x0a, 0x00, 0x42, 0xff, 0xff, 0x28,
    0x00, 0x00, 0xff, 0xff, 0x57, 0x00, 0x00, 0x06, 0xff, 0xff, 0x40, 0x00, 0x00, 0xff, 0xff, 0x44,
    0x00, 0x00, 0x00, 0xff, 0xff, 0x44, 0x00, 0x00, 0xff, 0xff, 0x44, 0x00, 0x00, 0x00, 0xff, 0xff,
    0x44, 0x00, 0x00, 0xff, 0xff, 0x44, 0x00, 0x00, 0x00, 0xff, 0xff, 0x44, 0x00, 0x00, 0xff, 0xff,
    0x43, 0x00, 0x00, 0x00, 0xff, 0xff, 0x43, 0x00, 0x00, 0xc1, 0xe8, 0x1b, 0x00, 0x00, 0x00, 0xbe,
    0xea, 0x1c, 0x00, 0x00, 0xc2, 0xe8, 0x1c, 0x00, 0x00, 0xde, 0xfb, 0x27, 0x00, 0x00, 0x0b, 0x15,
    0x00, 0x00, 0x00, 0x00, 0x00, 0x00, 0x00, 0x00, 0xbe, 0xe5, 0x18, 0x00, 0x00, 0xff, 0xff, 0x43,
    0x00, 0x00, 0xff, 0xff, 0x44, 0x00, 0x00, 0xff, 0xff, 0x44, 0x00, 0x00, 0xff, 0xff, 0x44, 0x00,
    0x00, 0xff, 0xff, 0x44, 0x00, 0x00, 0xff, 0xff, 0x44, 0x00, 0x00, 0xff, 0xff, 0x43, 0x00, 0x00,
    0xbe, 0xe6, 0x18, 0x00, 0x00, 0x00, 0x00, 0xc2, 0xe8, 0x1c, 0x00, 0x00, 0x00, 0x00, 0xde, 0xfb,
    0x27, 0x00, 0x00, 0x00, 0x00, 0x0b, 0x15, 0x00, 0x00, 0x00, 0x00, 0x00, 0x00, 0x00, 0x00, 0x00,
    0x00, 0x00, 0x00, 0xc1, 0xea, 0x1c, 0x00, 0x00, 0x00, 0x00, 0xff, 0xff, 0x43, 0x00, 0x00, 0x00,
    0x00, 0xff, 0xff, 0x44, 0x00, 0x00, 0x00, 0x00, 0xff, 0xff, 0x44, 0x00, 0x00, 0x00, 0x00, 0xff,
    0xff, 0x44, 0x00, 0x00, 0x00, 0x00, 0xff, 0xff, 0x44, 0x00, 0x00, 0x00, 0x00, 0xff, 0xff, 0x44,
    0x00, 0x00, 0x00, 0x00, 0xff, 0xff, 0x44, 0x00, 0x00, 0x00, 0x00, 0xff, 0xff, 0x42, 0x00, 0x00,
    0x00, 0x20, 0xff, 0xff, 0x2e, 0x00, 0x06, 0x7d, 0xd9, 0xff, 0xdc, 0x02, 0x00, 0x21, 0xfb, 0xfd,
    0xbf, 0x29, 0x00, 0x00, 0x00, 0x0f, 0x09, 0x00, 0x00, 0x00, 0x00, 0x00, 0xc1, 0xe7, 0x1a, 0x00,
    0x00, 0x00, 0x00, 0x00, 0x00, 0x00, 0xff, 0xff, 0x43, 0x00, 0x00, 0x00, 0x00, 0x00, 0x00, 0x00,
    0xff, 0xff, 0x44, 0x00, 0x00, 0x00, 0x00, 0x00, 0x00, 0x00, 0xff, 0xff, 0x44, 0x00, 0x00, 0x00,
    0x00, 0x00, 0x00, 0x00, 0xff, 0xff, 0x44, 0x00, 0x00, 0x72, 0xeb, 0x63, 0x00, 0x00, 0xff, 0xff,
    0x44, 0x00, 0x74, 0xff, 0xfa, 0x41, 0x00, 0x00, 0xff, 0xff, 0x44, 0x6a, 0xff, 0xfc, 0x54, 0x00,
    0x00, 0x00, 0xff, 0xff, 0xa3, 0xfe, 0xff, 0x5e, 0x00, 0x00, 0x00, 0x00, 0xff, 0xff, 0xff, 0xff,
    0xff, 0x06, 0x00, 0x00, 0x00, 0x00, 0xff, 0xff, 0x85, 0xf6, 0xff, 0xad, 0x03, 0x00, 0x00, 0x00,
    0xff, 0xff, 0x44, 0x45, 0xf8, 0xff, 0x9e, 0x01, 0x00, 0x00, 0xff, 0xff, 0x43, 0x00, 0x4a, 0xf9,
    0xff, 0x86, 0x00, 0x00, 0xc1, 0xe8, 0x1b, 0x00, 0x00, 0x4a, 0xe6, 0xa8, 0x00, 0x00, 0xc1, 0xe7,
    0x1a, 0x00, 0x00, 0x00, 0xff, 0xff, 0x43, 0x00, 0x00, 0x00, 0xff, 0xff, 0x44, 0x00, 0x00, 0x00,
    0xff, 0xff, 0x44, 0x00, 0x00, 0x00, 0xff, 0xff, 0x44, 0x00, 0x00, 0x00, 0xff, 0xff, 0x44, 0x00,
    0x00, 0x00, 0xff, 0xff, 0x44, 0x00, 0x00, 0x00, 0xff, 0xff, 0x44, 0x00, 0x00, 0x00, 0xff, 0xff,
    0x44, 0x00, 0x00, 0x00, 0xfe, 0xff, 0x47, 0x00, 0x00, 0x00, 0xe4, 0xff, 0x85, 0x00, 0x00, 0x00,
    0x97, 0xff, 0xff, 0xe3, 0x63, 0x00, 0x10, 0xa2, 0xec, 0xf3, 0x47, 0x00, 0xbf, 0xe7, 0x28, 0x9d,
    0xed, 0xf0, 0xa3, 0x0a, 0x40, 0xc6, 0xf6, 0xe5, 0x7b, 0x00, 0x00, 0x00, 0xff, 0xff, 0xf3, 0xe2,
    0xc6, 0xfd, 0xff, 0xbd, 0xfa, 0xcf, 0xd6, 0xff, 0xff, 0x50, 0x00, 0x00, 0xff, 0xff, 0xc5, 0x06,
    0x00, 0x7f, 0xff, 0xff, 0x7a, 0x00, 0x01, 0xc1, 0xff, 0xa0, 0x00, 0x00, 0xff, 0xff, 0x56, 0x00,
    0x00, 0x49, 0xff, 0xff, 0x12, 0x00, 0x00, 0x8d, 0xff, 0xb8, 0x00, 0x00, 0xff, 0xff, 0x44, 0x00,
    0x00, 0x44, 0xff, 0xff, 0x00, 0x00, 0x00, 0x88, 0xff, 0xbc, 0x00, 0x00, 0xff, 0xff, 0x44, 0x00,
    0x00, 0x44, 0xff, 0xff, 0x00, 0x00, 0x00, 0x88, 0xff, 0xbc, 0x00, 0x00, 0xff, 0xff, 0x44, 0x00,
    0x00, 0x44, 0xff, 0xff, 0x00, 0x00, 0x00, 0x88, 0xff, 0xbc, 0x00, 0x00, 0xff, 0xff, 0x43, 0x00,
    0x00, 0x43, 0xff, 0xff, 0x00, 0x00, 0x00, 0x87, 0xff, 0xbb, 0x00, 0x00, 0xc1, 0xe9, 0x1b, 0x00,
    0x00, 0x1a, 0xe7, 0xbf, 0x00, 0x00, 0x00, 0x50, 0xf5, 0x7f, 0x00, 0x00, 0xbf, 0xe7, 0x27, 0x96,
    0xe9, 0xf6, 0xc2, 0x2a, 0x00, 0x00, 0x00, 0xff, 0xff, 0xf4, 0xe9, 0xc3, 0xf5, 0xff, 0xd7, 0x00,
    0x00, 0x00, 0xff, 0xff, 0xc8, 0x0a, 0x00, 0x42, 0xff, 0xff, 0x28, 0x00, 0x00, 0xff, 0xff, 0x57,
    0x00, 0x00, 0x06, 0xff, 0xff, 0x40, 0x00, 0x00, 0xff, 0xff, 0x44, 0x00, 0x00, 0x00, 0xff, 0xff,
    0x44, 0x00, 0x00, 0xff, 0xff, 0x44, 0x00, 0x00, 0x00, 0xff, 0xff, 0x44, 0x00, 0x00, 0xff, 0xff,
    0x44, 0x00, 0x00, 0x00, 0xff, 0xff, 0x44, 0x00, 0x00, 0xff, 0xff, 0x43, 0x00, 0x00, 0x00, 0xff,
    0xff, 0x43, 0x00, 0x00, 0xc1, 0xe8, 0x1b, 0x00, 0x00, 0x00, 0xbe, 0xea, 0x1c, 0x00, 0x00, 0x00,
    0x1a, 0x9a, 0xe4, 0xf9, 0xe1, 0x92, 0x13, 0x00, 0x00, 0x1a, 0xe4, 0xff, 0xec, 0xc2, 0xee, 0xff,
    0xe0, 0x14, 0x00, 0x9b, 0xff, 0xd1, 0x0e, 0x00, 0x12, 0xd5, 0xff, 0x95, 0x00, 0xe6, 0xff, 0x64,
    0x00, 0x00, 0x00, 0x68, 0xff, 0xe2, 0x00, 0xfa, 0xff, 0x4a, 0x00, 0x00, 0x00, 0x4a, 0xff, 0xf9,
    0x00, 0xe2, 0xff, 0x69, 0x00, 0x00, 0x00, 0x66, 0xff, 0xe3, 0x00, 0x97, 0xff, 0xd5, 0x12, 0x00,
    0x10, 0xd3, 0xff, 0x96, 0x00, 0x16, 0xe2, 0xff, 0xee, 0xc2, 0xed, 0xff, 0xe2, 0x18, 0x00, 0x00,
    0x17, 0x98, 0xe3, 0xfa, 0xe4, 0x98, 0x18, 0x00, 0x00, 0xc1, 0xe7, 0x26, 0x96, 0xea, 0xf2, 0xb8,
    0x2f, 0x00, 0x00, 0x00, 0xff, 0xff, 0xed, 0xec, 0xc2, 0xee, 0xff, 0xf3, 0x26, 0x00, 0x00, 0xff,
    0xff, 0xde, 0x0d, 0x00, 0x11, 0xd3, 0xff, 0xa4, 0x00, 0x00, 0xff, 0xff, 0x62, 0x00, 0x00, 0x00,
    0x67, 0xff, 0xe6, 0x00, 0x00, 0xff, 0xff, 0x4a, 0x00, 0x00, 0x00, 0x4a, 0xff, 0xf9, 0x00, 0x00,
    0xff, 0xff, 0x69, 0x00, 0x00, 0x00, 0x66, 0xff, 0xe5, 0x00, 0x00, 0xff, 0xff, 0xd5, 0x12, 0x00,
    0x0e, 0xd2, 0xff, 0xa2, 0x00, 0x00, 0xff, 0xff, 0xec, 0xee, 0xc1, 0xec, 0xff, 0xf4, 0x25, 0x00,
    0x00, 0xff, 0xff, 0x4f, 0x96, 0xea, 0xf3, 0xbd, 0x33, 0x00, 0x00, 0x00, 0xff, 0xff, 0x44, 0x00,
    0x00, 0x00, 0x00, 0x00, 0x00, 0x00, 0x00, 0xff, 0xff, 0x43, 0x00, 0x00, 0x00, 0x00, 0x00, 0x00,
    0x00, 0x00, 0xc4, 0xe9, 0x1d, 0x00, 0x00, 0x00, 0x00, 0x00, 0x00, 0x00, 0x00, 0x00, 0x2f, 0xb8,
    0xf2, 0xea, 0x95, 0x25, 0xe7, 0xc1, 0x00, 0x00, 0x26, 0xf3, 0xff, 0xec, 0xc2, 0xee, 0xeb, 0xff,
    0xff, 0x00, 0x00, 0xa5, 0xff, 0xd1, 0x0e, 0x00, 0x12, 0xe5, 0xff, 0xff, 0x00, 0x00, 0xe7, 0xff,
    0x64, 0x00, 0x00, 0x00, 0x68, 0xff, 0xff, 0x00, 0x00, 0xfa, 0xff, 0x4a, 0x00, 0x00, 0x00, 0x4a,
    0xff, 0xff, 0x00, 0x00, 0xe6, 0xff, 0x69, 0x00, 0x00, 0x00, 0x66, 0xff, 0xff, 0x00, 0x00, 0xa3,
    0xff, 0xd5, 0x12, 0x00, 0x10, 0xd3, 0xff, 0xff, 0x00, 0x00, 0x25, 0xf4, 0xff, 0xee, 0xc2, 0xed,
    0xf0, 0xff, 0xff, 0x00, 0x00, 0x00, 0x31, 0xba, 0xf3, 0xeb, 0x98, 0x50, 0xff, 0xff, 0x00, 0x00,
    0x00, 0x00, 0x00, 0x00, 0x00, 0x00, 0x44, 0xff, 0xff, 0x00, 0x00, 0x00, 0x00, 0x00, 0x00, 0x00,
    0x00, 0x43, 0xff, 0xff, 0x00, 0x00, 0x00, 0x00, 0x00, 0x00, 0x00, 0x00, 0x1e, 0xeb, 0xc1, 0x00,
    0x00, 0x00, 0x00, 0x00, 0x00, 0x03, 0x03, 0x00, 0xbf, 0xe9, 0x2e, 0xa7, 0xf5, 0xaa, 0x00, 0xff,
    0xff, 0xea, 0xff, 0xee, 0x7d, 0x00, 0xff, 0xff, 0xe7, 0x35, 0x00, 0x00, 0x00, 0xff, 0xff, 0x63,
    0x00, 0x00, 0x00, 0x00, 0xff, 0xff, 0x44, 0x00, 0x00, 0x00, 0x00, 0xff, 0xff, 0x44, 0x00, 0x00,
    0x00, 0x00, 0xff, 0xff, 0x44, 0x00, 0x00, 0x00, 0x00, 0xff, 0xff, 0x43, 0x00, 0x00, 0x00, 0x00,
    0xbf, 0xe8, 0x1a, 0x00, 0x00, 0x00, 0x00, 0x02, 0x6f, 0xce, 0xf6, 0xee, 0xc2, 0x58, 0x00, 0x00,
    0x96, 0xff, 0xfb, 0xc6, 0xc8, 0xf9, 0xff, 0x27, 0x00, 0xf3, 0xff, 0x64, 0x00, 0x00, 0x12, 0x46,
    0x00, 0x00, 0xd0, 0xff, 0xb8, 0x3d, 0x0c, 0x00, 0x00, 0x00, 0x00, 0x2b, 0xc1, 0xfd, 0xff, 0xfe,
    0xcc, 0x4b, 0x00, 0x00, 0x00, 0x00, 0x0c, 0x38, 0x8c, 0xff, 0xf9, 0x19, 0x11, 0x57, 0x10, 0x00,
    0x00, 0x1d, 0xff, 0xff, 0x39, 0x56, 0xff, 0xf8, 0xcb, 0xbe, 0xef, 0xff, 0xdb, 0x07, 0x01, 0x5f,
    0xc2, 0xec, 0xf7, 0xdb, 0x8b, 0x16, 0x00, 0x00, 0x18, 0xe5, 0xbe, 0x00, 0x00, 0x00, 0x00, 0x43,
    0xff, 0xff, 0x00, 0x00, 0x00, 0x00, 0x44, 0xff, 0xff, 0x00, 0x00, 0x00, 0xcf, 0xff, 0xff, 0xff,
    0xff, 0xff, 0xc8, 0x87, 0xcb, 0xff, 0xff, 0xb8, 0xb8, 0x80, 0x00, 0x44, 0xff, 0xff, 0x00, 0x00,
    0x00, 0x00, 0x44, 0xff, 0xff, 0x00, 0x00, 0x00, 0x00, 0x44, 0xff, 0xff, 0x00, 0x00, 0x00, 0x00,
    0x41, 0xff, 0xff, 0x03, 0x00, 0x00, 0x00, 0x29, 0xff, 0xff, 0x3a, 0x00, 0x00, 0x00, 0x00, 0xd0,
    0xff, 0xf3, 0xc0, 0xc0, 0x00, 0x00, 0x1d, 0xac, 0xef, 0xf7, 0xae, 0x00, 0xc3, 0xe8, 0x1b, 0x00,
    0x00, 0x00, 0xc3, 0xe8, 0x1b, 0x00, 0xff, 0xff, 0x43, 0x00, 0x00, 0x00, 0xff, 0xff, 0x43, 0x00,
    0xff, 0xff, 0x44, 0x00, 0x00, 0x00, 0xff, 0xff, 0x44, 0x00, 0xff, 0xff, 0x44, 0x00, 0x00, 0x00,
    0xff, 0xff, 0x44, 0x00, 0xff, 0xff, 0x44, 0x00, 0x00, 0x00, 0xff, 0xff, 0x44, 0x00, 0xfc, 0xff,
    0x48, 0x00, 0x00, 0x12, 0xff, 0xff, 0x44, 0x00, 0xe3, 0xff, 0x81, 0x00, 0x00, 0x87, 0xff, 0xff,
    0x44, 0x00, 0x91, 0xff, 0xff, 0xc9, 0xd7, 0xea, 0xff, 0xff, 0x43, 0x00, 0x0a, 0x97, 0xea, 0xf6,
    0xc1, 0x2f, 0xc0, 0xea, 0x1c, 0x5d, 0xec, 0x5f, 0x00, 0x00, 0x00, 0x00, 0xb1, 0xda, 0x06, 0x6a,
    0xff, 0xdd, 0x01, 0x00, 0x00, 0x3f, 0xff, 0xed, 0x02, 0x0f, 0xf3, 0xff, 0x46, 0x00, 0x00, 0xa9,
    0xff, 0x86, 0x00, 0x00, 0x94, 0xff, 0xae, 0x00, 0x18, 0xfa, 0xfa, 0x1a, 0x00, 0x00, 0x26, 0xfe,
    0xfb, 0x1a, 0x7d, 0xff, 0xa3, 0x00, 0x00, 0x00, 0x00, 0xb5, 0xff, 0x81, 0xe3, 0xff, 0x32, 0x00,
    0x00, 0x00, 0x00, 0x46, 0xff, 0xff, 0xff, 0xc0, 0x00, 0x00, 0x00, 0x00, 0x00, 0x00, 0xd5, 0xff,
    0xff, 0x4f, 0x00, 0x00, 0x00, 0x00, 0x00, 0x00, 0x43, 0xe8, 0xa9, 0x01, 0x00, 0x00, 0x00, 0x42,
    0xec, 0x72, 0x00, 0x00, 0x00, 0x24, 0xe7, 0x8a, 0x00, 0x00, 0x00, 0x13, 0xdc, 0x9a, 0x4b, 0xff,
    0xe8, 0x04, 0x00, 0x00, 0x8f, 0xff, 0xfc, 0x10, 0x00, 0x00, 0x72, 0xff, 0xa7, 0x05, 0xe8, 0xff,
    0x4a, 0x00, 0x04, 0xe9, 0xff, 0xff, 0x67, 0x00, 0x00, 0xcf, 0xff, 0x49, 0x00, 0x88, 0xff, 0xa8,
    0x00, 0x4d, 0xff, 0xd4, 0xff, 0xc4, 0x00, 0x2c, 0xff, 0xe2, 0x02, 0x00, 0x24, 0xfe, 0xf7, 0x0e,
    0xab, 0xff, 0x35, 0xdd, 0xff, 0x23, 0x8a, 0xff, 0x7f, 0x00, 0x00, 0x00, 0xbd, 0xff, 0x74, 0xf8,
    0xd4, 0x00, 0x7d, 0xff, 0x82, 0xe4, 0xfd, 0x1d, 0x00, 0x00, 0x00, 0x58, 0xff, 0xff, 0xff, 0x74,
    0x00, 0x1d, 0xfd, 0xff, 0xff, 0xb6, 0x00, 0x00, 0x00, 0x00, 0x07, 0xeb, 0xff, 0xfc, 0x19, 0x00,
    0x00, 0xb9, 0xff, 0xff, 0x51, 0x00, 0x00, 0x00, 0x00, 0x00, 0x63, 0xed, 0x82, 0x00, 0x00, 0x00,
    0x35, 0xe6, 0xb2, 0x03, 0x00, 0x00, 0x00, 0xcc, 0xda, 0x2d, 0x00, 0x00, 0x1a, 0xcd, 0xc8, 0x00,
    0x00, 0xaf, 0xff, 0xe1, 0x16, 0x06, 0xc7, 0xff, 0xb2, 0x00, 0x00, 0x0c, 0xcf, 0xff, 0xc4, 0xa2,
    0xff, 0xda, 0x10, 0x00, 0x00, 0x00, 0x1b, 0xe4, 0xff, 0xff, 0xf1, 0x28, 0x00, 0x00, 0x00, 0x00,
    0x00, 0x7b, 0xff, 0xff, 0xbb, 0x00, 0x00, 0x00, 0x00, 0x00, 0x29, 0xf1, 0xff, 0xff, 0xfa, 0x3a,
    0x00, 0x00, 0x00, 0x11, 0xda, 0xff, 0xa5, 0x82, 0xff, 0xe4, 0x15, 0x00, 0x00, 0xb3, 0xff, 0xcf,
    0x09, 0x02, 0xbb, 0xff, 0xb7, 0x00, 0x00, 0xcf, 0xd3, 0x1f, 0x00, 0x00, 0x15, 0xcc, 0xc9, 0x00,
    0x61, 0xee, 0x62, 0x00, 0x00, 0x00, 0x01, 0xb6, 0xdc, 0x07, 0x6f, 0xff, 0xdf, 0x02, 0x00, 0x00,
    0x45, 0xff, 0xeb, 0x02, 0x10, 0xf4, 0xff, 0x4b, 0x00, 0x00, 0xb0, 0xff, 0x81, 0x00, 0x00, 0x93,
    0xff, 0xb5, 0x00, 0x1e, 0xfc, 0xf8, 0x16, 0x00, 0x00, 0x23, 0xfd, 0xfd, 0x20, 0x87, 0xff, 0x9b,
    0x00, 0x00, 0x00, 0x00, 0xb0, 0xff, 0x8f, 0xea, 0xfe, 0x29, 0x00, 0x00, 0x00, 0x00, 0x3e, 0xff,
    0xff, 0xff, 0xb5, 0x00, 0x00, 0x00, 0x00, 0x00, 0x00, 0xcc, 0xff, 0xff, 0x41, 0x00, 0x00, 0x00,
    0x00, 0x00, 0x00, 0xa0, 0xff, 0xce, 0x00, 0x00, 0x00, 0x00, 0x00, 0x00, 0x07, 0xe7, 0xff, 0x5b,
    0x00, 0x00, 0x00, 0x00, 0x00, 0x00, 0x5d, 0xff, 0xe3, 0x05, 0x00, 0x00, 0x00, 0x00, 0x00, 0x00,
    0x5c, 0xee, 0x5d, 0x00, 0x00, 0x00, 0x00, 0x00, 0x00, 0xce, 0xff, 0xff, 0xff, 0xff, 0xff, 0xe6,
    0x15, 0x00, 0x86, 0xb8, 0xb8, 0xb8, 0xe4, 0xff, 0xf0, 0x10, 0x00, 0x00, 0x00, 0x00, 0x0e, 0xd9,
    0xff, 0x53, 0x00, 0x00, 0x00, 0x00, 0x00, 0xae, 0xff, 0x8a, 0x00, 0x00, 0x00, 0x00, 0x00, 0x77,
    0xff, 0xbe, 0x03, 0x00, 0x00, 0x00, 0x00, 0x41, 0xfc, 0xe4, 0x16, 0x00, 0x00, 0x00, 0x00, 0x1b,
    0xe9, 0xf9, 0x38, 0x00, 0x00, 0x00, 0x00, 0x00, 0xb2, 0xff, 0xff, 0xb8, 0xb8, 0xb8, 0xb2, 0x32,
    0x00, 0xb4, 0xff, 0xff, 0xff, 0xff, 0xff, 0xfa, 0x53, 0x00, 0x00, 0x00, 0x4a, 0xe0, 0xff, 0xf2,
    0x3f, 0x00, 0x00, 0x00, 0xde, 0xff, 0xe5, 0xb0, 0x23, 0x00, 0x00, 0x00, 0xfe, 0xff, 0x4e, 0x00,
    0x00, 0x00, 0x00, 0x00, 0xff, 0xff, 0x44, 0x00, 0x00, 0x00, 0x00, 0x00, 0xff, 0xff, 0x44, 0x00,
    0x00, 0x00, 0x00, 0x00, 0xff, 0xff, 0x44, 0x00, 0x00, 0x00, 0x00, 0x1e, 0xff, 0xff, 0x2b, 0x00,
    0x00, 0x00, 0x8b, 0xe5, 0xff, 0xb5, 0x01, 0x00, 0x00, 0x00, 0xd0, 0xff, 0xff, 0x74, 0x00, 0x00,
    0x00, 0x00, 0x01, 0x47, 0xff, 0xff, 0x1d, 0x00, 0x00, 0x00, 0x00, 0x02, 0xff, 0xff, 0x43, 0x00,
    0x00, 0x00, 0x00, 0x00, 0xff, 0xff, 0x44, 0x00, 0x00, 0x00, 0x00, 0x00, 0xff, 0xff, 0x44, 0x00,
    0x00, 0x00, 0x00, 0x00, 0xff, 0xff, 0x4e, 0x00, 0x00, 0x00, 0x00, 0x00, 0xdc, 0xff, 0xe5, 0xb2,
    0x2e, 0x00, 0x00, 0x00, 0x47, 0xda, 0xfe, 0xf6, 0x53, 0x00, 0xc3, 0xe8, 0x1c, 0x00, 0x00, 0xff,
    0xff, 0x43, 0x00, 0x00, 0xff, 0xff, 0x44, 0x00, 0x00, 0xff, 0xff, 0x44, 0x00, 0x00, 0xff, 0xff,
    0x44, 0x00, 0x00, 0xff, 0xff, 0x44, 0x00, 0x00, 0xff, 0xff, 0x44, 0x00, 0x00, 0xff, 0xff, 0x44,
    0x00, 0x00, 0xff, 0xff, 0x44, 0x00, 0x00, 0xff, 0xff, 0x44, 0x00, 0x00, 0xff, 0xff, 0x44, 0x00,
    0x00, 0xff, 0xff, 0x44, 0x00, 0x00, 0xff, 0xff, 0x44, 0x00, 0x00, 0xff, 0xff, 0x44, 0x00, 0x00,
    0xff, 0xff, 0x43, 0x00, 0x00, 0xc3, 0xe9, 0x1c, 0x00, 0x00, 0xc6, 0xff, 0xf4, 0x7c, 0x00, 0x00,
    0x00, 0x8e, 0xd1, 0xff, 0xff, 0x1c, 0x00, 0x00, 0x00, 0x0a, 0xff, 0xff, 0x42, 0x00, 0x00, 0x00,
    0x00, 0xff, 0xff, 0x44, 0x00, 0x00, 0x00, 0x00, 0xff, 0xff, 0x44, 0x00, 0x00, 0x00, 0x00, 0xff,
    0xff, 0x44, 0x00, 0x00, 0x00, 0x00, 0xe7, 0xff, 0x5d, 0x00, 0x00, 0x00, 0x00, 0x73, 0xff, 0xf0,
    0x97, 0x00, 0x00, 0x00, 0x41, 0xf2, 0xff, 0xd7, 0x00, 0x00, 0x00, 0xd9, 0xff, 0x7f, 0x02, 0x00,
    0x00, 0x00, 0xff, 0xff, 0x45, 0x00, 0x00, 0x00, 0x00, 0xff, 0xff, 0x44, 0x00, 0x00, 0x00, 0x00,
    0xff, 0xff, 0x44, 0x00, 0x00, 0x00, 0x0a, 0xff, 0xff, 0x43, 0x00, 0x03, 0xa0, 0xd1, 0xff, 0xff,
    0x25, 0x00, 0x0e, 0xe1, 0xff, 0xee, 0x81, 0x00, 0x00, 0x00, 0x17, 0xbc, 0xf5, 0xc5, 0x5e, 0x04,
    0x00, 0x66, 0x4f, 0x00, 0x00, 0xab, 0xf8, 0xc5, 0xf1, 0xff, 0xe7, 0xc8, 0xff, 0x81, 0x00, 0x00,
    0x6f, 0x44, 0x00, 0x0b, 0x70, 0xd5, 0xf5, 0xa0, 0x07, 0x00, 0x00, 0x00, 0x00, 0x00, 0x00, 0x00,
    0x00, 0x00, 0x00, 0x00, 0x00, 0x00, 0x00, 0x00, 0x00, 0x00, 0x00, 0x00, 0x00, 0x00, 0x00, 0x00,
    0x00, 0x00, 0x00, 0x00, 0x00, 0x00, 0x00, 0x00, 0x00, 0x00, 0x00, 0x00, 0x00, 0x00, 0x00, 0x00,
    0x00, 0x00, 0x00, 0x00, 0x00, 0x00, 0x00, 0x00, 0x00, 0x14, 0x00, 0x00, 0x00, 0x86, 0xf8, 0x1d,
    0x00, 0x2e, 0xfb, 0xe2, 0x05, 0x00, 0xbe, 0xff, 0x70, 0x00, 0x00, 0xe4, 0xff, 0x44, 0x00, 0x00,
    0x69, 0xff, 0xb6, 0x00, 0x00, 0x01, 0xc6, 0xff, 0x1e, 0x00, 0x00, 0x1f, 0x7c, 0x07, 0x00, 0x00,
    0x00, 0x00, 0x00, 0x00, 0x13, 0x01, 0x00, 0x00, 0x1a, 0xf7, 0x8d, 0x00, 0x00, 0x05, 0xe2, 0xfc,
    0x30, 0x00, 0x00, 0x6c, 0xff, 0xbe, 0x00, 0x00, 0x3e, 0xff, 0xe4, 0x00, 0x00, 0xb4, 0xff, 0x6b,
    0x00, 0x1d, 0xff, 0xcb, 0x02, 0x00, 0x04, 0x78, 0x22, 0x00, 0x00, 0x00, 0x00, 0x00, 0x00, 0x00,
    0x00, 0x84, 0xb6, 0x08, 0x00, 0xf7, 0xff, 0x3b, 0x00, 0xab, 0xe0, 0x11, 0x00, 0x00, 0x00, 0x00,
    0x00, 0x00, 0x00, 0x00, 0x00, 0x00, 0x00, 0x00, 0x00, 0x00, 0x00, 0x00, 0x00, 0x00, 0x00, 0x00,
    0x00, 0x33, 0xd2, 0x00, 0x00, 0xb0, 0x89, 0x00, 0x00, 0xf0, 0xca, 0x08, 0x00, 0xf8, 0xff, 0x3a,
    0x00, 0xa0, 0xde, 0x10, 0x00, 0x00, 0x00, 0x00, 0x00, 0x00, 0x00, 0x00, 0x00, 0x00, 0x00, 0x00,
    0x00, 0x00, 0x00, 0x00, 0x00, 0x00, 0x00, 0x00, 0x00, 0x00, 0x00, 0x00, 0x00, 0x00, 0x00, 0x00,
    0x00, 0x00, 0x00, 0x00, 0x00, 0xae, 0xd8, 0x0a, 0x00, 0xf7, 0xff, 0x3b, 0x00, 0x84, 0xff, 0x30,
    0x00, 0x49, 0xee, 0x04, 0x00, 0x9b, 0x6b, 0x00, 0x00, 0x00, 0x00, 0x00, 0x00, 0x00, 0x00, 0x00,
    0x00, 0x00, 0x00, 0x00, 0x00, 0x00, 0x00, 0x00, 0x00, 0x00, 0x00, 0x00, 0x00, 0x00, 0x00, 0x00,
    0x00, 0x00, 0x00, 0x00, 0x00, 0x00, 0x00, 0x00, 0x00, 0x00, 0x00, 0x00, 0x00, 0x00, 0x00, 0x00,
    0x00, 0x33, 0xd2, 0x00, 0x00, 0x6e, 0x95, 0x00, 0x00, 0xb0, 0x89, 0x00, 0x05, 0xee, 0x45, 0x00,
    0x00, 0xf0, 0xca, 0x08, 0x34, 0xff, 0x82, 0x00, 0x00, 0xf8, 0xff, 0x3a, 0x3c, 0xff, 0xf6, 0x00,
    0x00, 0xa0, 0xde, 0x10, 0x0a, 0xd8, 0xab, 0x00, 0x00, 0x00, 0x00, 0x00, 0x00, 0x00, 0x00, 0x00,
    0x00, 0x00, 0x00, 0x00, 0x00, 0x00, 0x00, 0x00, 0x00, 0x00, 0x00, 0x00, 0x00, 0x00, 0x00, 0x00,
    0x00, 0x00, 0x00, 0x00, 0x00, 0x00, 0x00, 0x00, 0x00, 0x00, 0x00, 0x00, 0x00, 0x00, 0x00, 0x00,
    0x00, 0x00, 0x00, 0x00, 0x00, 0x00, 0x00, 0x00, 0x00, 0x00, 0x00, 0x00, 0x00, 0x00, 0x00, 0x00,
    0x00, 0x00, 0x00, 0x00, 0x00, 0x00, 0x00, 0x00, 0x00, 0xae, 0xd8, 0x0a, 0x11, 0xdf, 0xa0, 0x00,
    0x00, 0xf7, 0xff, 0x3b, 0x3b, 0xff, 0xf7, 0x00, 0x00, 0x84, 0xff, 0x30, 0x08, 0xce, 0xef, 0x00,
    0x00, 0x49, 0xee, 0x04, 0x00, 0x8d, 0xb0, 0x00, 0x00, 0x9b, 0x6b, 0x00, 0x00, 0xd4, 0x32, 0x00,
    0x00, 0x00, 0x00, 0x00, 0x00, 0x00, 0x00, 0x00, 0x00, 0x00, 0x00, 0x00, 0x00, 0x00, 0x00, 0x00,
    0x00, 0x00, 0x00, 0x00, 0x00, 0x00, 0x00, 0x00, 0x00, 0x00, 0x00, 0x00, 0x00, 0x00, 0x00, 0x00,
    0x00, 0x00, 0x00, 0x00, 0x00, 0x00, 0x00, 0x00, 0x00, 0x00, 0x00, 0x00, 0x00, 0x00, 0x00, 0x00,
    0x00, 0x00, 0x00, 0x00, 0x00, 0x00, 0x00, 0x00, 0x00, 0x00, 0x00, 0x00, 0x00, 0x00, 0x00, 0x00,
    0x03, 0xa3, 0xb8, 0xb8, 0xb8, 0xb8, 0xb8, 0xb8, 0xb8, 0xa3, 0x03, 0x0b, 0xe9, 0xff, 0xff, 0xff,
    0xff, 0xff, 0xff, 0xff, 0xea, 0x0b, 0x00, 0x00, 0x00, 0x00, 0x00, 0x00, 0x00, 0x00, 0x00, 0x00,
    0x00, 0x00, 0x00, 0x00, 0x00, 0x00, 0x00, 0x00, 0x00, 0x00, 0x00, 0x00, 0x00, 0x00, 0x00, 0x00,
    0x00, 0x00, 0x00, 0x00, 0x00, 0x00, 0x00, 0x00, 0x00, 0x00, 0x00, 0x00, 0x00, 0x00, 0x00, 0x00,
    0x00, 0x00, 0x03, 0xa3, 0xb8, 0xb8, 0xb8, 0xb8, 0xb8, 0xb8, 0xb8, 0xb8, 0xb8, 0xb8, 0xb8, 0xb8,
    0xb8, 0xb8, 0xb8, 0xb8, 0xa3, 0x03, 0x0b, 0xe9, 0xff, 0xff, 0xff, 0xff, 0xff, 0xff, 0xff, 0xff,
    0xff, 0xff, 0xff, 0xff, 0xff, 0xff, 0xff, 0xff, 0xea, 0x0b, 0x00, 0x00, 0x00, 0x00, 0x00, 0x00,
    0x00, 0x00, 0x00, 0x00, 0x00, 0x00, 0x00, 0x00, 0x00, 0x00, 0x00, 0x00, 0x00, 0x00, 0x00, 0x00,
    0x00, 0x00, 0x00, 0x00, 0x00, 0x00, 0x00, 0x00, 0x00, 0x00, 0x00, 0x00, 0x00, 0x00, 0x00, 0x00,
    0x00, 0x00, 0x00, 0x00, 0x00, 0x00, 0x00, 0x00, 0x00, 0x00, 0x00, 0x00, 0x00, 0x00, 0x00, 0x00,
    0x00, 0x00, 0x00, 0x00, 0x00, 0x00, 0x00, 0x00, 0x00, 0x00, 0x00, 0x00, 0x00, 0x00, 0x00, 0x00,
    0x00, 0x00, 0x00, 0x00, 0x00, 0x00, 0x00, 0x00, 0x00, 0x00, 0x00, 0x86, 0xb7, 0x09, 0x00, 0x08,
    0xb5, 0x89, 0x00, 0x00, 0x2c, 0xc8, 0x53, 0x00, 0xf7, 0xff, 0x3b, 0x00, 0x3b, 0xff, 0xf7, 0x00,
    0x00, 0x7f, 0xff, 0xb3, 0x00, 0xa9, 0xde, 0x10, 0x00, 0x0f, 0xdc, 0xac, 0x00, 0x00, 0x3c, 0xef,
    0x6b, 0x00, 0xab, 0xdf, 0x11, 0x00, 0xf6, 0xff, 0x3b, 0x00, 0x84, 0xb6, 0x08, 0x00, 0x00, 0x00,
    0x00, 0x00, 0x90, 0x99, 0x00, 0x00, 0xca, 0xcf, 0x00, 0x00, 0xe2, 0xe5, 0x00, 0x00, 0xf8, 0xfa,
    0x00, 0x12, 0xff, 0xff, 0x11, 0x2a, 0xff, 0xff, 0x27, 0x3e, 0xff, 0xff, 0x3a, 0x16, 0xdd, 0xe0,
    0x15, 0x00, 0x00, 0x00, 0x00, 0x46, 0x66, 0x01, 0x00, 0x00, 0x00, 0x00, 0x00, 0x00, 0x00, 0x00,
    0xf8, 0xff, 0x3c, 0x00, 0x00, 0x00, 0x00, 0x00, 0x00, 0x00, 0x00, 0xff, 0xff, 0x44, 0x00, 0x00,
    0x00, 0x00, 0x00, 0x00, 0x14, 0x9f, 0xff, 0xff, 0xfc, 0x9b, 0x22, 0x00, 0x00, 0x00, 0x14, 0xda,
    0xff, 0xf6, 0xc6, 0xd7, 0xff, 0xa1, 0x00, 0x00, 0x00, 0x8e, 0xff, 0xe2, 0x1f, 0x00, 0x00, 0x2b,
    0x19, 0x00, 0x00, 0x00, 0xdb, 0xff, 0x70, 0x00, 0x00, 0x00, 0x00, 0x00, 0x00, 0x00, 0x00, 0xf8,
    0xff, 0x4d, 0x00, 0x00, 0x00, 0x00, 0x00, 0x00, 0x00, 0x00, 0xe4, 0xff, 0x71, 0x00, 0x00, 0x00,
    0x00, 0x00, 0x00, 0x00, 0x00, 0x9a, 0xff, 0xe2, 0x1e, 0x00, 0x00, 0x30, 0x1b, 0x00, 0x00, 0x00,
    0x1b, 0xe6, 0xff, 0xf5, 0xc5, 0xd8, 0xff, 0x9a, 0x00, 0x00, 0x00, 0x00, 0x1f, 0xa4, 0xff, 0xff,
    0xf8, 0x97, 0x1c, 0x00, 0x00, 0x00, 0x00, 0x00, 0x00, 0xff, 0xff, 0x44, 0x00, 0x00, 0x00, 0x00,
    0x00, 0x00, 0x00, 0x00, 0xbe, 0xe1, 0x21, 0x00, 0x00, 0x00, 0x00, 0x00, 0x00, 0x00, 0x00, 0x63,
    0xcd, 0xf4, 0xf4, 0xc8, 0x74, 0x0a, 0x00, 0x00, 0x00, 0x7d, 0xff, 0xff, 0xcf, 0xc7, 0xf4, 0xff,
    0xa1, 0x00, 0x00, 0x0a, 0xf5, 0xff, 0x6d, 0x00, 0x00, 0x12, 0x7c, 0x52, 0x00, 0x00, 0x35, 0xff,
    0xff, 0x0e, 0x00, 0x00, 0x00, 0x00, 0x00, 0x00, 0x00, 0x43, 0xff, 0xff, 0x00, 0x00, 0x00, 0x00,
    0x00, 0x00, 0x00, 0x00, 0x44, 0xff, 0xff, 0x00, 0x00, 0x00, 0x00, 0x00, 0x00, 0x00, 0xca, 0xff,
    0xff, 0xff, 0xff, 0xff, 0xcc, 0x00, 0x00, 0x00, 0x00, 0x81, 0xe1, 0xff, 0xff, 0xb8, 0xb8, 0x84,
    0x00, 0x00, 0x00, 0x00, 0x00, 0x44, 0xff, 0xff, 0x00, 0x00, 0x00, 0x00, 0x00, 0x00, 0x00, 0x00,
    0x44, 0xff, 0xff, 0x00, 0x00, 0x00, 0x00, 0x00, 0x00, 0x00, 0x00, 0x44, 0xff, 0xff, 0x00, 0x00,
    0x00, 0x00, 0x00, 0x00, 0x00, 0x82, 0xdb, 0xff, 0xff, 0xb8, 0xb8, 0xb8, 0xb8, 0xb7, 0x81, 0x00,
    0xc5, 0xff, 0xff, 0xff, 0xff, 0xff, 0xff, 0xff, 0xff, 0xc6, 0x0c, 0xe7, 0x8b, 0x5f, 0xcf, 0xf4,
    0xcf, 0x62, 0x93, 0xea, 0x10, 0x00, 0x4d, 0xff, 0xff, 0xf4, 0xc3, 0xf3, 0xff, 0xff, 0x57, 0x00,
    0x00, 0x6f, 0xff, 0xed, 0x25, 0x00, 0x23, 0xed, 0xff, 0x7c, 0x00, 0x00, 0xdc, 0xff, 0x70, 0x00,
    0x00, 0x00, 0x70, 0xff, 0xd4, 0x00, 0x00, 0xfa, 0xff, 0x4a, 0x00, 0x00, 0x00, 0x4a, 0xff, 0xf7,
    0x00, 0x00, 0xdd, 0xff, 0x6f, 0x00, 0x00, 0x00, 0x6f, 0xff, 0xdc, 0x00, 0x00, 0x71, 0xff, 0xeb,
    0x21, 0x00, 0x21, 0xeb, 0xff, 0x6e, 0x00, 0x00, 0x4c, 0xff, 0xff, 0xf2, 0xc2, 0xf2, 0xff, 0xff,
    0x4b, 0x00, 0x0c, 0xe9, 0x90, 0x64, 0xd1, 0xf5, 0xd2, 0x63, 0x8a, 0xe8, 0x0d, 0x82, 0xe8, 0x39,
    0x00, 0x00, 0x00, 0x00, 0x08, 0xbc, 0xdc, 0x0d, 0x7f, 0xff, 0xdf, 0x0d, 0x00, 0x00, 0x00, 0x93,
    0xff, 0xde, 0x07, 0x06, 0xce, 0xff, 0x9a, 0x00, 0x00, 0x47, 0xfe, 0xfc, 0x3a, 0x00, 0x00, 0x27,
    0xf5, 0xff, 0x48, 0x13, 0xe6, 0xff, 0x80, 0x00, 0x00, 0x00, 0x00, 0x65, 0xff, 0xe5, 0xbf, 0xff,
    0xc6, 0x03, 0x00, 0x00, 0x00, 0x6c, 0x94, 0xff, 0xff, 0xff, 0xff, 0xb6, 0x93, 0x65, 0x00, 0x00,
    0xd4, 0xff, 0xff, 0xff, 0xff, 0xff, 0xff, 0xff, 0xd0, 0x00, 0x00, 0x00, 0x00, 0x00, 0xff, 0xff,
    0x44, 0x00, 0x00, 0x00, 0x00, 0x00, 0x8a, 0xb8, 0xb8, 0xff, 0xff, 0xcb, 0xb8, 0xb7, 0x83, 0x00,
    0x00, 0xd2, 0xff, 0xff, 0xff, 0xff, 0xff, 0xff, 0xff, 0xcc, 0x00, 0x00, 0x00, 0x00, 0x00, 0xff,
    0xff, 0x44, 0x00, 0x00, 0x00, 0x00, 0x00, 0x00, 0x00, 0x00, 0xff, 0xff, 0x43, 0x00, 0x00, 0x00,
    0x00, 0x00, 0x00, 0x00, 0x00, 0xbd, 0xe8, 0x1a, 0x00, 0x00, 0x00, 0x00, 0x00, 0xc6, 0xe9, 0x1d,
    0x00, 0x00, 0xff, 0xff, 0x43, 0x00, 0x00, 0xff, 0xff, 0x44, 0x00, 0x00, 0xff, 0xff, 0x44, 0x00,
    0x00, 0xff, 0xff, 0x43, 0x00, 0x00, 0xc6, 0xea, 0x1d, 0x00, 0x00, 0x00, 0x00, 0x00, 0x00, 0x00,
    0x00, 0x00, 0x00, 0x00, 0x00, 0x00, 0x00, 0x00, 0x00, 0x00, 0x00, 0x00, 0x00, 0x00, 0x00, 0xc4,
    0xe8, 0x1c, 0x00, 0x00, 0xff, 0xff, 0x43, 0x00, 0x00, 0xff, 0xff, 0x44, 0x00, 0x00, 0xff, 0xff,
    0x44, 0x00, 0x00, 0xff, 0xff, 0x43, 0x00, 0x00, 0xc6, 0xea, 0x1d, 0x00, 0x00, 0x00, 0x04, 0x6e,
    0xce, 0xf5, 0xef, 0xcd, 0x79, 0x0e, 0x00, 0x00, 0x00, 0xa3, 0xff, 0xfb, 0xcb, 0xc9, 0xf2, 0xff,
    0x84, 0x00, 0x00, 0x22, 0xff, 0xff, 0x4a, 0x00, 0x00, 0x09, 0x53, 0x1f, 0x00, 0x00, 0x35, 0xff,
    0xff, 0x12, 0x00, 0x00, 0x00, 0x00, 0x00, 0x00, 0x00, 0x07, 0xf9, 0xff, 0xba, 0x26, 0x00, 0x00,
    0x00, 0x00, 0x00, 0x00, 0x55, 0xff, 0xff, 0xff, 0xfe, 0xb6, 0x4a, 0x01, 0x00, 0x00, 0x00, 0xdd,
    0xff, 0x59, 0x6a, 0xe1, 0xff, 0xff, 0xcd, 0x27, 0x00, 0x00, 0xef, 0xff, 0x77, 0x00, 0x05, 0x61,
    0xe8, 0xff, 0xe1, 0x05, 0x00, 0xa8, 0xff, 0xfb, 0x87, 0x12, 0x00, 0x32, 0xff, 0xff, 0x31, 0x00,
    0x0f, 0xad, 0xff, 0xff, 0xf3, 0x8a, 0x25, 0xff, 0xfe, 0x20, 0x00, 0x00, 0x00, 0x36, 0xaa, 0xfc,
    0xff, 0xff, 0xff, 0x8e, 0x00, 0x00, 0x00, 0x00, 0x00, 0x00, 0x21, 0xb5, 0xff, 0xff, 0x0b, 0x00,
    0x00, 0x00, 0x00, 0x00, 0x00, 0x00, 0x12, 0xff, 0xff, 0x36, 0x00, 0x00, 0x29, 0x4a, 0x05, 0x00,
    0x00, 0x4f, 0xff, 0xff, 0x20, 0x00, 0x00, 0xa5, 0xff, 0xef, 0xc6, 0xcd, 0xfc, 0xff, 0x9e, 0x00,
    0x00, 0x00, 0x19, 0x87, 0xd6, 0xf3, 0xf5, 0xcc, 0x6b, 0x03, 0x00, 0x00, 0x00, 0x00, 0x7e, 0x9c,
    0x11, 0x11, 0x9c, 0x7e, 0x00, 0x00, 0x00, 0xc7, 0xe6, 0x23, 0x23, 0xe6, 0xce, 0x00, 0x00, 0x00,
    0x00, 0x00, 0x00, 0x00, 0x00, 0x00, 0x00, 0x00, 0x00, 0x00, 0x00, 0x00, 0x00, 0x00, 0x00, 0x00,
    0x00, 0x00, 0x00, 0x00, 0x00, 0x00, 0x00, 0x00, 0x00, 0x00, 0x00, 0x00, 0x00, 0x00, 0x00, 0x00,
    0x00, 0x00, 0x00, 0x00, 0x00, 0x00, 0x00, 0x00, 0x00, 0x00, 0x00, 0x00, 0x00, 0x00, 0x00, 0x00,
    0x00, 0x00, 0x00, 0x00, 0x00, 0x00, 0x00, 0x00, 0x00, 0x00, 0x00, 0x00, 0x00, 0x00, 0x00, 0x00,
    0x00, 0x00, 0x00, 0x00, 0x00, 0x00, 0x00, 0x00, 0x00, 0x00, 0x00, 0x00, 0x00, 0x00, 0x00, 0x00,
    0x00, 0x00, 0x00, 0x00, 0x00, 0x00, 0x00, 0x00, 0x00, 0x00, 0x00, 0x00, 0x00, 0x00, 0x00, 0x00,
    0x00, 0x00, 0x00, 0x00, 0x00, 0x45, 0xab, 0xe6, 0xf9, 0xe7, 0xac, 0x47, 0x00, 0x00, 0x00, 0x00,
    0x00, 0x00, 0x09, 0xa6, 0xd7, 0x60, 0x1b, 0x06, 0x1b, 0x60, 0xd6, 0xa8, 0x09, 0x00, 0x00, 0x00,
    0x00, 0xa9, 0xaa, 0x07, 0x13, 0x77, 0xac, 0xa5, 0x62, 0x0e, 0xaa, 0xa8, 0x00, 0x00, 0x00, 0x4a,
    0xd5, 0x07, 0x2f, 0xe8, 0xff, 0xff, 0xff, 0xff, 0x7d, 0x07, 0xd6, 0x47, 0x00, 0x00, 0xb0, 0x5c,
    0x00, 0xd5, 0xff, 0xc2, 0x23, 0x0f, 0x5a, 0x2e, 0x00, 0x60, 0xac, 0x00, 0x00, 0xe8, 0x19, 0x29,
    0xff, 0xff, 0x2c, 0x00, 0x00, 0x00, 0x00, 0x00, 0x1b, 0xe7, 0x00, 0x00, 0xfa, 0x05, 0x3e, 0xff,
    0xff, 0x08, 0x00, 0x00, 0x00, 0x00, 0x00, 0x06, 0xf9, 0x00, 0x00, 0xe7, 0x1a, 0x24, 0xff, 0xff,
    0x2f, 0x00, 0x00, 0x00, 0x00, 0x00, 0x1b, 0xe6, 0x00, 0x00, 0xad, 0x5e, 0x00, 0xcb, 0xff, 0xc4,
    0x24, 0x0d, 0x55, 0x28, 0x00, 0x61, 0xaa, 0x00, 0x00, 0x46, 0xd6, 0x07, 0x27, 0xe4, 0xff, 0xff,
    0xff, 0xff, 0x76, 0x08, 0xd8, 0x43, 0x00, 0x00, 0x00, 0xa4, 0xa9, 0x07, 0x10, 0x76, 0xad, 0xa4,
    0x5d, 0x0b, 0xaa, 0xa3, 0x00, 0x00, 0x00, 0x00, 0x08, 0xa4, 0xd5, 0x5d, 0x1a, 0x05, 0x19, 0x5c,
    0xd4, 0xa5, 0x08, 0x00, 0x00, 0x00, 0x00, 0x00, 0x00, 0x44, 0xac, 0xe7, 0xfa, 0xe7, 0xad, 0x46,
    0x00, 0x00, 0x00, 0x00, 0x03, 0x9f, 0xee, 0xf7, 0xbf, 0x2c, 0x06, 0x92, 0x69, 0x7c, 0xff, 0xd1,
    0x00, 0x58, 0xe9, 0xff, 0xff, 0xfd, 0x00, 0xe8, 0xf1, 0x52, 0xe5, 0xff, 0x00, 0xee, 0xde, 0x34,
    0xf0, 0xff, 0x00, 0x84, 0xff, 0xe4, 0xa7, 0xf3, 0x00, 0x00, 0x30, 0x14, 0x11, 0x25, 0x00, 0x00,
    0x00, 0x00, 0x00, 0x00, 0x00, 0x00, 0x00, 0x00, 0x00, 0x00, 0x00, 0x00, 0x00, 0x00, 0x00, 0x00,
    0x00, 0x00, 0x00, 0x00, 0x00, 0x00, 0x00, 0x00, 0x00, 0x00, 0x00, 0x00, 0x00, 0x00, 0x00, 0x00,
    0x00, 0x00, 0x00, 0x00, 0x03, 0x10, 0x00, 0x00, 0x0f, 0x05, 0x00, 0x00, 0x00, 0x9c, 0xef, 0x07,
    0x1b, 0xee, 0x95, 0x00, 0x00, 0x38, 0xfe, 0xc8, 0x00, 0xac, 0xff, 0x68, 0x00, 0x00, 0xc2, 0xff,
    0x50, 0x3e, 0xff, 0xe8, 0x08, 0x00, 0x00, 0xe6, 0xff, 0x24, 0x64, 0xff, 0xc4, 0x00, 0x00, 0x00,
    0x73, 0xff, 0x96, 0x0a, 0xdf, 0xff, 0x36, 0x00, 0x00, 0x04, 0xd5, 0xf6, 0x07, 0x48, 0xff, 0x9c,
    0x00, 0x00, 0x00, 0x2c, 0x73, 0x00, 0x00, 0x62, 0x40, 0x00, 0x00, 0x00, 0x00, 0x00, 0x00, 0x00,
    0x00, 0x00, 0x00, 0x12, 0xa9, 0xb8, 0xb8, 0xb8, 0xb8, 0xb8, 0xb8, 0xb8, 0xa4, 0x10, 0x25, 0xf2,
    0xff, 0xff, 0xff, 0xff, 0xff, 0xff, 0xff, 0xff, 0x43, 0x00, 0x00, 0x00, 0x00, 0x00, 0x00, 0x00,
    0x00, 0xff, 0xff, 0x44, 0x00, 0x00, 0x00, 0x00, 0x00, 0x00, 0x00, 0x00, 0xff, 0xff, 0x44, 0x00,
    0x00, 0x00, 0x00, 0x00, 0x00, 0x00, 0x00, 0xff, 0xff, 0x44, 0x00, 0x00, 0x00, 0x00, 0x00, 0x00,
    0x00, 0x00, 0xce, 0xee, 0x24, 0x00, 0x00, 0x00, 0x00, 0x00, 0x00, 0x00, 0x00, 0x00, 0x00, 0x00,
    0x00, 0x00, 0x00, 0x00, 0x00, 0x00, 0x00, 0x00, 0x00, 0x00, 0x00, 0x00, 0x00, 0x00, 0x00, 0x45,
    0xab, 0xe6, 0xf9, 0xe7, 0xac, 0x47, 0x00, 0x00, 0x00, 0x00, 0x00, 0x00, 0x09, 0xa6, 0xd7, 0x60,
    0x1b, 0x06, 0x1b, 0x60, 0xd6, 0xa8, 0x09, 0x00, 0x00, 0x00, 0x00, 0xa9, 0xaa, 0x07, 0x80, 0xb7,
    0xb8, 0xad, 0x6f, 0x0b, 0xaa, 0xa8, 0x00, 0x00, 0x00, 0x4a, 0xd5, 0x07, 0x00, 0xfd, 0xff, 0xff,
    0xff, 0xff, 0x82, 0x07, 0xd6, 0x47, 0x00, 0x00, 0xb0, 0x5c, 0x00, 0x00, 0xff, 0xff, 0x44, 0x2d,
    0xff, 0xcb, 0x00, 0x60, 0xac, 0x00, 0x00, 0xe8, 0x19, 0x00, 0x00, 0xff, 0xff, 0x44, 0x2d, 0xff,
    0xaf, 0x00, 0x1b, 0xe7, 0x00, 0x00, 0xfa, 0x05, 0x00, 0x00, 0xff, 0xff, 0xff, 0xff, 0xff, 0x25,
    0x00, 0x06, 0xf9, 0x00, 0x00, 0xe7, 0x1a, 0x00, 0x00, 0xff, 0xff, 0xe2, 0xf5, 0xff, 0x21, 0x00,
    0x1b, 0xe6, 0x00, 0x00, 0xad, 0x5e, 0x00, 0x00, 0xff, 0xff, 0x44, 0x7b, 0xff, 0x65, 0x00, 0x61,
    0xaa, 0x00, 0x00, 0x46, 0xd6, 0x07, 0x00, 0xfa, 0xff, 0x3f, 0x28, 0xff, 0x95, 0x08, 0xd8, 0x43,
    0x00, 0x00, 0x00, 0xa4, 0xa9, 0x07, 0x4c, 0x6a, 0x05, 0x00, 0x5a, 0x2e, 0xaa, 0xa3, 0x00, 0x00,
    0x00, 0x00, 0x08, 0xa4, 0xd5, 0x5d, 0x1a, 0x05, 0x19, 0x5c, 0xd4, 0xa5, 0x08, 0x00, 0x00, 0x00,
    0x00, 0x00, 0x00, 0x44, 0xac, 0xe7, 0xfa, 0xe7, 0xad, 0x46, 0x00, 0x00, 0x00, 0x00, 0x00, 0x00,
    0x90, 0xb8, 0xb8, 0xb8, 0xb8, 0x91, 0x00, 0x00, 0x00, 0xd7, 0xff, 0xff, 0xff, 0xff, 0xd4, 0x00,
    0x00, 0x00, 0x00, 0x00, 0x00, 0x00, 0x00, 0x00, 0x00, 0x00, 0x00, 0x00, 0x00, 0x00, 0x00, 0x00,
    0x00, 0x00, 0x00, 0x00, 0x00, 0x00, 0x00, 0x00, 0x00, 0x00, 0x00, 0x00, 0x00, 0x00, 0x00, 0x00,
    0x00, 0x00, 0x00, 0x00, 0x00, 0x00, 0x00, 0x00, 0x00, 0x00, 0x00, 0x00, 0x00, 0x00, 0x00, 0x00,
    0x00, 0x00, 0x00, 0x00, 0x00, 0x00, 0x00, 0x00, 0x00, 0x00, 0x00, 0x00, 0x00, 0x00, 0x00, 0x00,
    0x00, 0x00, 0x00, 0x00, 0x00, 0x00, 0x00, 0x00, 0x00, 0x00, 0x00, 0x00, 0x00, 0x00, 0x00, 0x00,
    0x00, 0x00, 0x00, 0x00, 0x00, 0x00, 0x00, 0x00, 0x00, 0x00, 0x00, 0x00, 0x00, 0x00, 0x00, 0x00,
    0x00, 0x00, 0x00, 0x00, 0x0b, 0x84, 0xae, 0x6d, 0x01, 0x00, 0x00, 0xb2, 0xff, 0xff, 0xff, 0x80,
    0x00, 0x16, 0xff, 0x55, 0x09, 0x82, 0xe4, 0x00, 0x21, 0xff, 0x1f, 0x00, 0x4f, 0xf0, 0x00, 0x01,
    0xd8, 0xee, 0xc1, 0xf7, 0xa7, 0x00, 0x00, 0x2c, 0xcc, 0xf7, 0xb8, 0x15, 0x00, 0x00, 0x00, 0x00,
    0x00, 0x00, 0x00, 0x00, 0x00, 0x00, 0x00, 0x00, 0x00, 0x00, 0x00, 0x00, 0x00, 0x00, 0x00, 0x00,
    0x00, 0x00, 0x00, 0x00, 0x00, 0x00, 0x00, 0x00, 0x00, 0x00, 0x00, 0x00, 0x00, 0x00, 0x00, 0x00,
    0x00, 0x00, 0x00, 0x00, 0x00, 0x00, 0x00, 0x00, 0x00, 0x00, 0x00, 0x00, 0x00, 0x00, 0x00, 0x00,
    0x00, 0x00, 0x00, 0xce, 0xe5, 0x23, 0x00, 0x00, 0x00, 0x00, 0x00, 0x00, 0x00, 0x00, 0xff, 0xff,
    0x44, 0x00, 0x00, 0x00, 0x00, 0x00, 0x00, 0x00, 0x00, 0xff, 0xff, 0x44, 0x00, 0x00, 0x00, 0x00,
    0xcc, 0xff, 0xff, 0xff, 0xff, 0xff, 0xff, 0xff, 0xdd, 0x00, 0x00, 0x86, 0xb8, 0xb8, 0xb8, 0xff,
    0xff, 0xcb, 0xb8, 0x96, 0x00, 0x00, 0x00, 0x00, 0x00, 0x00, 0xff, 0xff, 0x44, 0x00, 0x00, 0x00,
    0x00, 0x00, 0x00, 0x00, 0x00, 0xd5, 0xf1, 0x2b, 0x00, 0x00, 0x00, 0x00, 0x00, 0x00, 0x00, 0x00,
    0x00, 0x00, 0x00, 0x00, 0x00, 0x00, 0x00, 0x88, 0xb8, 0xb8, 0xb8, 0xb8, 0xb8, 0xb8, 0xb8, 0x88,
    0x00, 0x00, 0xd0, 0xff, 0xff, 0xff, 0xff, 0xff, 0xff, 0xff, 0xd0, 0x00, 0x0f, 0x9d, 0xe4, 0xf8,
    0xb9, 0x0f, 0x00, 0x28, 0xb8, 0x6f, 0x8a, 0xff, 0x96, 0x00, 0x00, 0x00, 0x00, 0x0e, 0xff, 0xb8,
    0x00, 0x00, 0x00, 0x00, 0x6a, 0xff, 0x7d, 0x00, 0x00, 0x00, 0x3d, 0xf8, 0xda, 0x0c, 0x00, 0x00,
    0x28, 0xee, 0xf0, 0x28, 0x00, 0x00, 0x03, 0xdc, 0xff, 0x9e, 0x58, 0x54, 0x12, 0x07, 0xe0, 0xff,
    0xff, 0xff, 0xfc, 0x59, 0x00, 0x00, 0x00, 0x00, 0x00, 0x00, 0x00, 0x00, 0x00, 0x00, 0x00, 0x00,
    0x00, 0x00, 0x00, 0x00, 0x00, 0x00, 0x00, 0x00, 0x00, 0x00, 0x00, 0x00, 0x00, 0x00, 0x00, 0x00,
    0x00, 0x00, 0x00, 0x00, 0x00, 0x00, 0x00, 0x00, 0x2d, 0xb3, 0xec, 0xf4, 0xbd, 0x22, 0x00, 0x55,
    0xa9, 0x64, 0x89, 0xff, 0xa9, 0x00, 0x00, 0x03, 0x15, 0x46, 0xff, 0x8a, 0x00, 0x00, 0xdb, 0xff,
    0xff, 0xcb, 0x07, 0x00, 0x00, 0x27, 0x45, 0x7d, 0xff, 0x7a, 0x00, 0x00, 0x00, 0x00, 0x0b, 0xff,
    0xb6, 0x00, 0x98, 0x96, 0x60, 0xa2, 0xff, 0x87, 0x00, 0x5a, 0xcc, 0xf4, 0xf0, 0x9b, 0x09, 0x00,
    0x00, 0x00, 0x00, 0x00, 0x00, 0x00, 0x00, 0x00, 0x00, 0x00, 0x00, 0x00, 0x00, 0x00, 0x00, 0x00,
    0x00, 0x00, 0x00, 0x00, 0x00, 0x00, 0x00, 0x00, 0x00, 0x00, 0x00, 0x00, 0x00, 0x00, 0x00, 0x00,
    0x00, 0x00, 0x00, 0x00, 0x00, 0x00, 0x00, 0x00, 0x00, 0x00, 0x00, 0x00, 0xa7, 0xb3, 0x00, 0x00,
    0x00, 0x00, 0x42, 0xff, 0xb5, 0x00, 0x00, 0x00, 0x00, 0xc3, 0xef, 0x1c, 0x00, 0x00, 0x00, 0x1b,
    0xff, 0x5b, 0x00, 0x00, 0x00, 0x00, 0x00, 0x1c, 0x00, 0x00, 0x00, 0x00, 0x00, 0x00, 0x00, 0x00,
    0x00, 0x00, 0x00, 0x00, 0x00, 0x00, 0x00, 0x00, 0x00, 0x00, 0x00, 0x00, 0x00, 0x00, 0x00, 0x00,
    0x00, 0x00, 0x00, 0x00, 0x00, 0x00, 0x00, 0x00, 0x00, 0x00, 0x00, 0x00, 0x00, 0x00, 0x00, 0x00,
    0x00, 0x00, 0x00, 0x00, 0x00, 0x00, 0x00, 0x00, 0x00, 0x00, 0x00, 0x00, 0x00, 0x00, 0x00, 0x00,
    0x00, 0x00, 0x00, 0x00, 0x00, 0x00, 0x00, 0x00, 0x00, 0x00, 0x00, 0x00, 0xc3, 0xe8, 0x1b, 0x00,
    0x00, 0x00, 0xc3, 0xe8, 0x1b, 0x00, 0x00, 0xff, 0xff, 0x43, 0x00, 0x00, 0x00, 0xff, 0xff, 0x43,
    0x00, 0x00, 0xff, 0xff, 0x44, 0x00, 0x00, 0x00, 0xff, 0xff, 0x44, 0x00, 0x00, 0xff, 0xff, 0x44,
    0x00, 0x00, 0x00, 0xff, 0xff, 0x44, 0x00, 0x00, 0xff, 0xff, 0x44, 0x00, 0x00, 0x00, 0xff, 0xff,
    0x44, 0x00, 0x00, 0xff, 0xff, 0x48, 0x00, 0x00, 0x12, 0xff, 0xff, 0x44, 0x00, 0x00, 0xff, 0xff,
    0x81, 0x00, 0x00, 0x85, 0xff, 0xff, 0x44, 0x00, 0x00, 0xff, 0xff, 0xff, 0xc9, 0xd7, 0xe1, 0xff,
    0xff, 0x43, 0x00, 0x00, 0xff, 0xff, 0xb4, 0xee, 0xd8, 0x3a, 0xc8, 0xea, 0x1c, 0x00, 0x00, 0xff,
    0xff, 0x30, 0x00, 0x00, 0x00, 0x00, 0x00, 0x00, 0x00, 0x00, 0xff, 0xff, 0x3d, 0x00, 0x00, 0x00,
    0x00, 0x00, 0x00, 0x00, 0x00, 0xc1, 0xea, 0x1d, 0x00, 0x00, 0x00, 0x00, 0x00, 0x00, 0x00, 0x00,
    0x00, 0x36, 0xb5, 0xee, 0xff, 0xff, 0xff, 0xff, 0xfd, 0x98, 0x00, 0x3c, 0xfa, 0xff, 0xff, 0xff,
    0xf4, 0xb8, 0xb8, 0xff, 0xd7, 0x00, 0xc2, 0xff, 0xff, 0xff, 0xff, 0xd8, 0x00, 0x00, 0xff, 0xd8,
    0x00, 0xf5, 0xff, 0xff, 0xff, 0xff, 0xd8, 0x00, 0x00, 0xff, 0xd8, 0x00, 0xeb, 0xff, 0xff, 0xff,
    0xff, 0xd8, 0x00, 0x00, 0xff, 0xd8, 0x00, 0xa0, 0xff, 0xff, 0xff, 0xff, 0xd8, 0x00, 0x00, 0xff,
    0xd8, 0x00, 0x15, 0xd4, 0xff, 0xff, 0xff, 0xd8, 0x00, 0x00, 0xff, 0xd8, 0x00, 0x00, 0x09, 0x64,
    0x9b, 0xff, 0xd8, 0x00, 0x00, 0xff, 0xd8, 0x00, 0x00, 0x00, 0x00, 0x00, 0xff, 0xd8, 0x00, 0x00,
    0xff, 0xd8, 0x00, 0x00, 0x00, 0x00, 0x00, 0xff, 0xd8, 0x00, 0x00, 0xff, 0xd8, 0x00, 0x00, 0x00,
    0x00, 0x00, 0xff, 0xd8, 0x00, 0x00, 0xff, 0xd8, 0x00, 0x00, 0x00, 0x00, 0x00, 0xff, 0xd8, 0x00,
    0x00, 0xff, 0xd8, 0x00, 0x00, 0x00, 0x00, 0x00, 0xff, 0xd8, 0x00, 0x00, 0xff, 0xd8, 0x00, 0x00,
    0x00, 0x00, 0x00, 0xff, 0xd8, 0x00, 0x00, 0xff, 0xd8, 0x00, 0x00, 0x00, 0x00, 0x00, 0xff, 0xd8,
    0x00, 0x00, 0xff, 0xd8, 0x00, 0x00, 0x00, 0x00, 0x00, 0xcf, 0xa7, 0x00, 0x00, 0xcd, 0xa6, 0x00,
    0x00, 0x00, 0xa8, 0x32, 0x00, 0x00, 0x00, 0x00, 0x00, 0x08, 0xff, 0xd0, 0x5e, 0x00, 0x00, 0x00,
    0x00, 0x01, 0x05, 0x82, 0xf1, 0x00, 0x00, 0x00, 0x00, 0xd1, 0xe7, 0xfb, 0x87, 0x00, 0x00, 0x00,
    0x00, 0x01, 0x19, 0x0c, 0x00, 0x00, 0x00, 0x00, 0x00, 0x59, 0xdb, 0x9a, 0x00, 0x00, 0x00, 0xaf,
    0xff, 0xff, 0xc0, 0x00, 0x00, 0x00, 0x8b, 0x6f, 0xff, 0xc0, 0x00, 0x00, 0x00, 0x00, 0x00, 0xff,
    0xc0, 0x00, 0x00, 0x00, 0x00, 0x00, 0xff, 0xc0, 0x00, 0x00, 0x00, 0x00, 0x00, 0xff, 0xc0, 0x00,
    0x00, 0x00, 0x5c, 0x84, 0xff, 0xe1, 0x66, 0x00, 0x00, 0xd9, 0xff, 0xff, 0xff, 0xd8, 0x00, 0x00,
    0x00, 0x00, 0x00, 0x00, 0x00, 0x00, 0x00, 0x00, 0x00, 0x00, 0x00, 0x00, 0x00, 0x00, 0x00, 0x00,
    0x00, 0x00, 0x00, 0x00, 0x00, 0x00, 0x00, 0x00, 0x00, 0x00, 0x00, 0x00, 0x00, 0x00, 0x00, 0x00,
    0x00, 0x00, 0x00, 0x0c, 0x9e, 0xf2, 0xe7, 0x77, 0x00, 0x00, 0x9b, 0xff, 0x81, 0xaa, 0xff, 0x5a,
    0x00, 0xee, 0xd4, 0x00, 0x15, 0xff, 0xae, 0x00, 0xf5, 0xca, 0x00, 0x0a, 0xff, 0xb5, 0x00, 0xb8,
    0xfa, 0x3d, 0x72, 0xff, 0x78, 0x00, 0x25, 0xdd, 0xff, 0xff, 0xb9, 0x08, 0x00, 0x00, 0x04, 0x36,
    0x2b, 0x00, 0x00, 0x00, 0x00, 0x00, 0x00, 0x00, 0x00, 0x00, 0x00, 0x00, 0x00, 0x00, 0x00, 0x00,
    0x00, 0x00, 0x00, 0x00, 0x00, 0x00, 0x00, 0x00, 0x00, 0x00, 0x00, 0x00, 0x00, 0x00, 0x00, 0x00,
    0x00, 0x00, 0x00, 0x00, 0x00, 0x00, 0x00, 0x00, 0x00, 0x00, 0x00, 0x00, 0x00, 0x00, 0x13, 0x01,
    0x00, 0x02, 0x12, 0x00, 0x00, 0x00, 0x1a, 0xf7, 0x8d, 0x00, 0x75, 0xf6, 0x29, 0x00, 0x00, 0x05,
    0xe2, 0xfc, 0x30, 0x48, 0xff, 0xb8, 0x00, 0x00, 0x00, 0x6c, 0xff, 0xbe, 0x00, 0xcd, 0xff, 0x42,
    0x00, 0x00, 0x3e, 0xff, 0xe4, 0x00, 0xa1, 0xff, 0x66, 0x00, 0x00, 0xb4, 0xff, 0x6b, 0x1b, 0xf9,
    0xe6, 0x0c, 0x00, 0x1d, 0xff, 0xcb, 0x02, 0x7e, 0xff, 0x5c, 0x00, 0x00, 0x04, 0x78, 0x22, 0x00,
    0x2a, 0x6f, 0x01, 0x00, 0x00, 0x00, 0x00, 0x00, 0x00, 0x00, 0x00, 0x00, 0x00, 0x00, 0x00, 0x00,
    0x00, 0x00, 0x00, 0x00, 0x00, 0x00, 0x00, 0x00, 0x00, 0x00, 0x00, 0x00, 0x00, 0x00, 0x00, 0x00,
    0x4b, 0xdb, 0xd1, 0x00, 0x00, 0x00, 0x00, 0x00, 0x00, 0xa4, 0xbe, 0x00, 0x00, 0x00, 0x00, 0x92,
    0xff, 0xff, 0xff, 0x00, 0x00, 0x00, 0x00, 0x00, 0x45, 0xff, 0xa6, 0x00, 0x00, 0x00, 0x00, 0xd1,
    0xed, 0xff, 0xff, 0x00, 0x00, 0x00, 0x00, 0x04, 0xd5, 0xf6, 0x1f, 0x00, 0x00, 0x00, 0x00, 0x00,
    0x44, 0xff, 0xff, 0x00, 0x00, 0x00, 0x00, 0x6e, 0xff, 0x82, 0x00, 0x00, 0x00, 0x00, 0x00, 0x00,
    0x44, 0xff, 0xff, 0x00, 0x00, 0x00, 0x13, 0xee, 0xe3, 0x0a, 0x00, 0x00, 0x00, 0x00, 0x00, 0x00,
    0x44, 0xff, 0xff, 0x00, 0x00, 0x00, 0x97, 0xff, 0x5a, 0x00, 0x00, 0x97, 0xed, 0x1c, 0x00, 0x61,
    0xa4, 0xff, 0xff, 0x6c, 0x00, 0x2d, 0xfc, 0xc6, 0x00, 0x00, 0x59, 0xff, 0xff, 0x44, 0x00, 0xd8,
    0xff, 0xff, 0xff, 0xd7, 0x00, 0xbe, 0xfe, 0x35, 0x00, 0x16, 0xeb, 0xff, 0xff, 0x44, 0x00, 0x00,
    0x00, 0x00, 0x00, 0x00, 0x54, 0xff, 0x9f, 0x00, 0x00, 0xab, 0xaf, 0xff, 0xff, 0x44, 0x00, 0x00,
    0x00, 0x00, 0x00, 0x08, 0xdf, 0xf3, 0x19, 0x00, 0x54, 0xe8, 0x14, 0xff, 0xff, 0x44, 0x00, 0x00,
    0x00, 0x00, 0x00, 0x7c, 0xff, 0x78, 0x00, 0x00, 0xe0, 0xff, 0xff, 0xff, 0xff, 0xe3, 0x00, 0x00,
    0x00, 0x00, 0x1b, 0xf4, 0xdd, 0x07, 0x00, 0x00, 0x89, 0xb8, 0xb8, 0xff, 0xff, 0xb4, 0x00, 0x00,
    0x00, 0x00, 0x64, 0xff, 0x4f, 0x00, 0x00, 0x00, 0x00, 0x00, 0x00, 0xcb, 0xe8, 0x26, 0x00, 0x00,
    0x00, 0x00, 0x07, 0x38, 0x00, 0x00, 0x00, 0x00, 0x00, 0x00, 0x00, 0x00, 0x00, 0x00, 0x00, 0x00,
    0x00, 0x00, 0x00, 0x00, 0x00, 0x00, 0x00, 0x00, 0x00, 0x00, 0x00, 0x00, 0x00, 0x00, 0x00, 0x00,
    0x00, 0x4b, 0xdb, 0xd1, 0x00, 0x00, 0x00, 0x00, 0x00, 0x00, 0xa4, 0xbe, 0x00, 0x00, 0x00, 0x00,
    0x00, 0x92, 0xff, 0xff, 0xff, 0x00, 0x00, 0x00, 0x00, 0x00, 0x45, 0xff, 0xa6, 0x00, 0x00, 0x00,
    0x00, 0x00, 0xd1, 0xed, 0xff, 0xff, 0x00, 0x00, 0x00, 0x00, 0x04, 0xd5, 0xf6, 0x1f, 0x00, 0x00,
    0x00, 0x00, 0x00, 0x00, 0x44, 0xff, 0xff, 0x00, 0x00, 0x00, 0x00, 0x6e, 0xff, 0x82, 0x00, 0x00,
    0x00, 0x00, 0x00, 0x00, 0x00, 0x44, 0xff, 0xff, 0x00, 0x00, 0x00, 0x13, 0xee, 0xe3, 0x0a, 0x00,
    0x00, 0x00, 0x00, 0x00, 0x00, 0x00, 0x44, 0xff, 0xff, 0x00, 0x00, 0x00, 0x97, 0xff, 0x5a, 0x37,
    0x93, 0xb0, 0x8c, 0x1f, 0x00, 0x00, 0x61, 0xa4, 0xff, 0xff, 0x6c, 0x00, 0x2d, 0xfc, 0xc6, 0x34,
    0xff, 0xff, 0xff, 0xff, 0xe9, 0x0f, 0x00, 0xd8, 0xff, 0xff, 0xff, 0xd7, 0x00, 0xbe, 0xfe, 0x35,
    0x0e, 0x65, 0x17, 0x2f, 0xff, 0xff, 0x3a, 0x00, 0x00, 0x00, 0x00, 0x00, 0x00, 0x54, 0xff, 0x9f,
    0x00, 0x00, 0x00, 0x00, 0x2d, 0xff, 0xe6, 0x0a, 0x00, 0x00, 0x00, 0x00, 0x00, 0x08, 0xdf, 0xf3,
    0x19, 0x00, 0x00, 0x00, 0x0f, 0xce, 0xf1, 0x38, 0x00, 0x00, 0x00, 0x00, 0x00, 0x00, 0x7c, 0xff,
    0x78, 0x00, 0x00, 0x00, 0x0e, 0xc8, 0xe6, 0x2f, 0x00, 0x00, 0x00, 0x00, 0x00, 0x00, 0x1b, 0xf4,
    0xdd, 0x07, 0x00, 0x00, 0x01, 0xc2, 0xff, 0xd8, 0xb8, 0xb3, 0x34, 0x00, 0x00, 0x00, 0x00, 0x64,
    0xff, 0x4f, 0x00, 0x00, 0x00, 0x08, 0xe3, 0xff, 0xff, 0xff, 0xfb, 0x55, 0x00, 0x00, 0x00, 0x00,
    0x07, 0x38, 0x00, 0x00, 0x00, 0x00, 0x00, 0x00, 0x00, 0x00, 0x00, 0x00, 0x00, 0x00, 0x00, 0x00,
    0x00, 0x00, 0x00, 0x00, 0x00, 0x00, 0x00, 0x00, 0x00, 0x00, 0x00, 0x00, 0x00, 0x00, 0x00, 0x17,
    0x9e, 0xe8, 0xf4, 0xbb, 0x24, 0x00, 0x00, 0x00, 0x00, 0x00, 0xa4, 0xbe, 0x00, 0x00, 0x00, 0x00,
    0x7d, 0xf9, 0xc4, 0xda, 0xff, 0xb8, 0x00, 0x00, 0x00, 0x00, 0x45, 0xff, 0xa6, 0x00, 0x00, 0x00,
    0x00, 0x06, 0x0f, 0x00, 0x2d, 0xff, 0xb7, 0x00, 0x00, 0x00, 0x04, 0xd5, 0xf6, 0x1f, 0x00, 0x00,
    0x00, 0x00, 0x00, 0xc8, 0xff, 0xff, 0xe2, 0x20, 0x00, 0x00, 0x00, 0x6e, 0xff, 0x82, 0x00, 0x00,
    0x00, 0x00, 0x00, 0x00, 0x88, 0xb8, 0xd9, 0xff, 0x6f, 0x00, 0x00, 0x13, 0xee, 0xe3, 0x0a, 0x00,
    0x00, 0x00, 0x00, 0x00, 0x19, 0x07, 0x00, 0x14, 0xff, 0xcc, 0x00, 0x00, 0x97, 0xff, 0x5a, 0x00,
    0x05, 0xb8, 0xca, 0x00, 0x00, 0xcd, 0xef, 0xc0, 0xe7, 0xff, 0xa5, 0x00, 0x2d, 0xfc, 0xc6, 0x00,
    0x00, 0x7a, 0xff, 0xff, 0x00, 0x00, 0x3a, 0xbe, 0xf1, 0xf2, 0xa9, 0x13, 0x00, 0xbe, 0xfe, 0x35,
    0x00, 0x23, 0xff, 0xff, 0xff, 0x00, 0x00, 0x00, 0x00, 0x00, 0x00, 0x00, 0x00, 0x54, 0xff, 0x9f,
    0x00, 0x00, 0xba, 0xac, 0xff, 0xff, 0x00, 0x00, 0x00, 0x00, 0x00, 0x00, 0x00, 0x08, 0xdf, 0xf3,
    0x19, 0x00, 0x5b, 0xca, 0x46, 0xff, 0xff, 0x00, 0x00, 0x00, 0x00, 0x00, 0x00, 0x00, 0x7c, 0xff,
    0x78, 0x00, 0x00, 0xe3, 0xff, 0xff, 0xff, 0xff, 0xd9, 0x00, 0x00, 0x00, 0x00, 0x00, 0x1b, 0xf4,
    0xdd, 0x07, 0x00, 0x00, 0x8e, 0xb8, 0xcb, 0xff, 0xff, 0x99, 0x00, 0x00, 0x00, 0x00, 0x00, 0x64,
    0xff, 0x4f, 0x00, 0x00, 0x00, 0x00, 0x00, 0x26, 0xe7, 0xcc, 0x00, 0x00, 0x00, 0x00, 0x00, 0x00,
    0x07, 0x38, 0x00, 0x00, 0x00, 0x00, 0x00, 0x00, 0x00, 0x00, 0x00, 0x00, 0x00, 0x00, 0x00, 0x00,
    0xac, 0xdc, 0x0f, 0x00, 0x00, 0x00, 0x00, 0x00, 0x00, 0xf7, 0xff, 0x3a, 0x00, 0x00, 0x00, 0x00,
    0x00, 0x00, 0x88, 0xb5, 0x08, 0x00, 0x00, 0x00, 0x00, 0x00, 0x00, 0x08, 0x05, 0x00, 0x00, 0x00,
    0x00, 0x00, 0x00, 0x00, 0xc0, 0x9f, 0x00, 0x00, 0x00, 0x00, 0x00, 0x00, 0x48, 0xfe, 0x83, 0x00,
    0x00, 0x00, 0x00, 0x00, 0x4e, 0xf6, 0xdc, 0x13, 0x00, 0x00, 0x00, 0x00, 0x4b, 0xfc, 0xe3, 0x21,
    0x00, 0x00, 0x00, 0x00, 0x00, 0xd7, 0xff, 0x62, 0x00, 0x00, 0x00, 0x00, 0x00, 0x00, 0xf5, 0xff,
    0x8c, 0x03, 0x05, 0x3a, 0xa0, 0x7d, 0x00, 0xa1, 0xff, 0xff, 0xfa, 0xfd, 0xff, 0xff, 0xb5, 0x00,
    0x07, 0x82, 0xdb, 0xf9, 0xe8, 0xc1, 0x64, 0x09, 0x00, 0x00, 0x00, 0x00, 0x54, 0x26, 0x00, 0x00,
    0x00, 0x00, 0x00, 0x00, 0x00, 0x00, 0x00, 0x00, 0x09, 0xf8, 0xde, 0x0c, 0x00, 0x00, 0x00, 0x00,
    0x00, 0x00, 0x00, 0x00, 0x00, 0x00, 0x58, 0xfe, 0x99, 0x00, 0x00, 0x00, 0x00, 0x00, 0x00, 0x00,
    0x00, 0x00, 0x00, 0x00, 0x6b, 0xdc, 0x00, 0x00, 0x00, 0x00, 0x00, 0x00, 0x00, 0x00, 0x00, 0x00,
    0x00, 0x00, 0x00, 0x00, 0x00, 0x00, 0x00, 0x00, 0x00, 0x00, 0x00, 0x00, 0x00, 0x00, 0x4c, 0xe8,
    0xa2, 0x00, 0x00, 0x00, 0x00, 0x00, 0x00, 0x00, 0x00, 0x00, 0x01, 0xd9, 0xff, 0xff, 0x43, 0x00,
    0x00, 0x00, 0x00, 0x00, 0x00, 0x00, 0x00, 0x4f, 0xff, 0xe7, 0xff, 0xb7, 0x00, 0x00, 0x00, 0x00,
    0x00, 0x00, 0x00, 0x00, 0xc2, 0xff, 0x4b, 0xe1, 0xff, 0x2b, 0x00, 0x00, 0x00, 0x00, 0x00, 0x00,
    0x35, 0xff, 0xdc, 0x01, 0x79, 0xff, 0x9e, 0x00, 0x00, 0x00, 0x00, 0x00, 0x00, 0xa9, 0xff, 0x72,
    0x00, 0x14, 0xf8, 0xf9, 0x18, 0x00, 0x00, 0x00, 0x00, 0x1f, 0xfc, 0xf5, 0x10, 0x00, 0x00, 0xa1,
    0xff, 0x85, 0x00, 0x00, 0x00, 0x00, 0x8f, 0xff, 0x9b, 0x00, 0x00, 0x00, 0x34, 0xff, 0xed, 0x0b,
    0x00, 0x00, 0x0f, 0xf2, 0xff, 0xff, 0xff, 0xff, 0xff, 0xff, 0xff, 0xff, 0x6d, 0x00, 0x00, 0x76,
    0xff, 0xff, 0xd8, 0xd8, 0xd8, 0xd8, 0xd8, 0xff, 0xff, 0xdd, 0x02, 0x05, 0xe4, 0xff, 0x57, 0x00,
    0x00, 0x00, 0x00, 0x00, 0x07, 0xea, 0xff, 0x54, 0x54, 0xff, 0xe7, 0x05, 0x00, 0x00, 0x00, 0x00,
    0x00, 0x00, 0x86, 0xff, 0xc5, 0x52, 0xed, 0x64, 0x00, 0x00, 0x00, 0x00, 0x00, 0x00, 0x00, 0x13,
    0xd4, 0xbd, 0x00, 0x00, 0x00, 0x00, 0x00, 0x00, 0x00, 0x02, 0x5f, 0x18, 0x00, 0x00, 0x00, 0x00,
    0x00, 0x00, 0x00, 0x00, 0x00, 0x00, 0x78, 0xff, 0x76, 0x00, 0x00, 0x00, 0x00, 0x00, 0x00, 0x00,
    0x00, 0x00, 0x2c, 0xf9, 0xc0, 0x08, 0x00, 0x00, 0x00, 0x00, 0x00, 0x00, 0x00, 0x00, 0x00, 0x70,
    0xc7, 0x0e, 0x00, 0x00, 0x00, 0x00, 0x00, 0x00, 0x00, 0x00, 0x00, 0x00, 0x00, 0x00, 0x00, 0x00,
    0x00, 0x00, 0x00, 0x00, 0x00, 0x00, 0x00, 0x00, 0x4c, 0xe8, 0xa2, 0x00, 0x00, 0x00, 0x00, 0x00,
    0x00, 0x00, 0x00, 0x00, 0x01, 0xd9, 0xff, 0xff, 0x43, 0x00, 0x00, 0x00, 0x00, 0x00, 0x00, 0x00,
    0x00, 0x4f, 0xff, 0xe7, 0xff, 0xb7, 0x00, 0x00, 0x00, 0x00, 0x00, 0x00, 0x00, 0x00, 0xc2, 0xff,
    0x4b, 0xe1, 0xff, 0x2b, 0x00, 0x00, 0x00, 0x00, 0x00, 0x00, 0x35, 0xff, 0xdc, 0x01, 0x79, 0xff,
    0x9e, 0x00, 0x00, 0x00, 0x00, 0x00, 0x00, 0xa9, 0xff, 0x72, 0x00, 0x14, 0xf8, 0xf9, 0x18, 0x00,
    0x00, 0x00, 0x00, 0x1f, 0xfc, 0xf5, 0x10, 0x00, 0x00, 0xa1, 0xff, 0x85, 0x00, 0x00, 0x00, 0x00,
    0x8f, 0xff, 0x9b, 0x00, 0x00, 0x00, 0x34, 0xff, 0xed, 0x0b, 0x00, 0x00, 0x0f, 0xf2, 0xff, 0xff,
    0xff, 0xff, 0xff, 0xff, 0xff, 0xff, 0x6d, 0x00, 0x00, 0x76, 0xff, 0xff, 0xd8, 0xd8, 0xd8, 0xd8,
    0xd8, 0xff, 0xff, 0xdd, 0x02, 0x05, 0xe4, 0xff, 0x57, 0x00, 0x00, 0x00, 0x00, 0x00, 0x07, 0xea,
    0xff, 0x54, 0x54, 0xff, 0xe7, 0x05, 0x00, 0x00, 0x00, 0x00, 0x00, 0x00, 0x86, 0xff, 0xc5, 0x52,
    0xed, 0x64, 0x00, 0x00, 0x00, 0x00, 0x00, 0x00, 0x00, 0x13, 0xd4, 0xbd, 0x00, 0x00, 0x00, 0x00,
    0x00, 0x0f, 0x6d, 0x3b, 0x00, 0x00, 0x00, 0x00, 0x00, 0x00, 0x00, 0x00, 0x00, 0x04, 0xc5, 0xff,
    0xfb, 0x41, 0x00, 0x00, 0x00, 0x00, 0x00, 0x00, 0x00, 0x00, 0x88, 0xfc, 0x55, 0xcc, 0xe4, 0x13,
    0x00, 0x00, 0x00, 0x00, 0x00, 0x00, 0x00, 0xdb, 0x6a, 0x00, 0x19, 0xd6, 0x58, 0x00, 0x00, 0x00,
    0x00, 0x00, 0x00, 0x00, 0x00, 0x00, 0x00, 0x00, 0x00, 0x00, 0x00, 0x00, 0x00, 0x00, 0x00, 0x00,
    0x00, 0x00, 0x4c, 0xe8, 0xa2, 0x00, 0x00, 0x00, 0x00, 0x00, 0x00, 0x00, 0x00, 0x00, 0x01, 0xd9,
    0xff, 0xff, 0x43, 0x00, 0x00, 0x00, 0x00, 0x00, 0x00, 0x00, 0x00, 0x4f, 0xff, 0xe7, 0xff, 0xb7,
    0x00, 0x00, 0x00, 0x00, 0x00, 0x00, 0x00, 0x00, 0xc2, 0xff, 0x4b, 0xe1, 0xff, 0x2b, 0x00, 0x00,
    0x00, 0x00, 0x00, 0x00, 0x35, 0xff, 0xdc, 0x01, 0x79, 0xff, 0x9e, 0x00, 0x00, 0x00, 0x00, 0x00,
    0x00, 0xa9, 0xff, 0x72, 0x00, 0x14, 0xf8, 0xf9, 0x18, 0x00, 0x00, 0x00, 0x00, 0x1f, 0xfc, 0xf5,
    0x10, 0x00, 0x00, 0xa1, 0xff, 0x85, 0x00, 0x00, 0x00, 0x00, 0x8f, 0xff, 0x9b, 0x00, 0x00, 0x00,
    0x34, 0xff, 0xed, 0x0b, 0x00, 0x00, 0x0f, 0xf2, 0xff, 0xff, 0xff, 0xff, 0xff, 0xff, 0xff, 0xff,
    0x6d, 0x00, 0x00, 0x76, 0xff, 0xff, 0xd8, 0xd8, 0xd8, 0xd8, 0xd8, 0xff, 0xff, 0xdd, 0x02, 0x05,
    0xe4, 0xff, 0x57, 0x00, 0x00, 0x00, 0x00, 0x00, 0x07, 0xea, 0xff, 0x54, 0x54, 0xff, 0xe7, 0x05,
    0x00, 0x00, 0x00, 0x00, 0x00, 0x00, 0x86, 0xff, 0xc5, 0x52, 0xed, 0x64, 0x00, 0x00, 0x00, 0x00,
    0x00, 0x00, 0x00, 0x13, 0xd4, 0xbd, 0x00, 0x00, 0x00, 0x2f, 0xb4, 0xbf, 0x6a, 0x06, 0x00, 0x7b,
    0x85, 0x00, 0x00, 0x00, 0x00, 0x06, 0xe6, 0xd7, 0xc3, 0xff, 0xe2, 0xb8, 0xfa, 0x5a, 0x00, 0x00,
    0x00, 0x00, 0x25, 0xd4, 0x0c, 0x00, 0x35, 0xa8, 0xcb, 0x7b, 0x00, 0x00, 0x00, 0x00, 0x00, 0x00,
    0x00, 0x00, 0x00, 0x00, 0x00, 0x00, 0x00, 0x00, 0x00, 0x00, 0x00, 0x00, 0x00, 0x00, 0x00, 0x4c,
    0xe8, 0xa2, 0x00, 0x00, 0x00, 0x00, 0x00, 0x00, 0x00, 0x00, 0x00, 0x01, 0xd9, 0xff, 0xff, 0x43,
    0x00, 0x00, 0x00, 0x00, 0x00, 0x00, 0x00, 0x00, 0x4f, 0xff, 0xe7, 0xff, 0xb7, 0x00, 0x00, 0x00,
    0x00, 0x00, 0x00, 0x00, 0x00, 0xc2, 0xff, 0x4b, 0xe1, 0xff, 0x2b, 0x00, 0x00, 0x00, 0x00, 0x00,
    0x00, 0x35, 0xff, 0xdc, 0x01, 0x79, 0xff, 0x9e, 0x00, 0x00, 0x00, 0x00, 0x00, 0x00, 0xa9, 0xff,
    0x72, 0x00, 0x14, 0xf8, 0xf9, 0x18, 0x00, 0x00, 0x00, 0x00, 0x1f, 0xfc, 0xf5, 0x10, 0x00, 0x00,
    0xa1, 0xff, 0x85, 0x00, 0x00, 0x00, 0x00, 0x8f, 0xff, 0x9b, 0x00, 0x00, 0x00, 0x34, 0xff, 0xed,
    0x0b, 0x00, 0x00, 0x0f, 0xf2, 0xff, 0xff, 0xff, 0xff, 0xff, 0xff, 0xff, 0xff, 0x6d, 0x00, 0x00,
    0x76, 0xff, 0xff, 0xd8, 0xd8, 0xd8, 0xd8, 0xd8, 0xff, 0xff, 0xdd, 0x02, 0x05, 0xe4, 0xff, 0x57,
    0x00, 0x00, 0x00, 0x00, 0x00, 0x07, 0xea, 0xff, 0x54, 0x54, 0xff, 0xe7, 0x05, 0x00, 0x00, 0x00,
    0x00, 0x00, 0x00, 0x86, 0xff, 0xc5, 0x52, 0xed, 0x64, 0x00, 0x00, 0x00, 0x00, 0x00, 0x00, 0x00,
    0x13, 0xd4, 0xbd, 0x00, 0x00, 0x00, 0x00, 0x7e, 0x9c, 0x11, 0x11, 0x9c, 0x86, 0x00, 0x00, 0x00,
    0x00, 0x00, 0x00, 0x00, 0x00, 0xc7, 0xe5, 0x23, 0x23, 0xe6, 0xd0, 0x00, 0x00, 0x00, 0x00, 0x00,
    0x00, 0x00, 0x00, 0x00, 0x00, 0x00, 0x00, 0x00, 0x00, 0x00, 0x00, 0x00, 0x00, 0x00, 0x00, 0x00,
    0x00, 0x00, 0x24, 0xd7, 0xd7, 0x22, 0x00, 0x00, 0x00, 0x00, 0x00, 0x00, 0x00, 0x00, 0x00, 0x00,
    0xa9, 0xff, 0xff, 0xa4, 0x00, 0x00, 0x00, 0x00, 0x00, 0x00, 0x00, 0x00, 0x00, 0x22, 0xfc, 0xf0,
    0xf5, 0xfb, 0x1f, 0x00, 0x00, 0x00, 0x00, 0x00, 0x00, 0x00, 0x00, 0x95, 0xff, 0x89, 0x96, 0xff,
    0x91, 0x00, 0x00, 0x00, 0x00, 0x00, 0x00, 0x00, 0x14, 0xf6, 0xfa, 0x1b, 0x24, 0xfd, 0xf4, 0x12,
    0x00, 0x00, 0x00, 0x00, 0x00, 0x00, 0x81, 0xff, 0xa2, 0x00, 0x00, 0xae, 0xff, 0x7e, 0x00, 0x00,
    0x00, 0x00, 0x00, 0x0a, 0xec, 0xff, 0x2f, 0x00, 0x00, 0x39, 0xff, 0xea, 0x09, 0x00, 0x00, 0x00,
    0x00, 0x6d, 0xff, 0xbc, 0x00, 0x00, 0x00, 0x00, 0xc6, 0xff, 0x6a, 0x00, 0x00, 0x00, 0x03, 0xde,
    0xff, 0xff, 0xff, 0xff, 0xff, 0xff, 0xff, 0xff, 0xdd, 0x03, 0x00, 0x00, 0x59, 0xff, 0xff, 0xd8,
    0xd8, 0xd8, 0xd8, 0xd8, 0xd8, 0xff, 0xff, 0x57, 0x00, 0x00, 0xce, 0xff, 0x6f, 0x00, 0x00, 0x00,
    0x00, 0x00, 0x00, 0x76, 0xff, 0xcd, 0x00, 0x3c, 0xff, 0xf5, 0x0f, 0x00, 0x00, 0x00, 0x00, 0x00,
    0x00, 0x13, 0xf7, 0xff, 0x40, 0x3e, 0xed, 0x78, 0x00, 0x00, 0x00, 0x00, 0x00, 0x00, 0x00, 0x00,
    0x73, 0xec, 0x43, 0x00, 0x00, 0x00, 0x00, 0x49, 0xe7, 0xe7, 0x49, 0x00, 0x00, 0x00, 0x00, 0x00,
    0x00, 0x00, 0x00, 0x00, 0xe9, 0x38, 0x38, 0xe9, 0x00, 0x00, 0x00, 0x00, 0x00, 0x00, 0x00, 0x00,
    0x00, 0xe7, 0x38, 0x38, 0xe7, 0x00, 0x00, 0x00, 0x00, 0x00, 0x00, 0x00, 0x00, 0x00, 0x47, 0xe8,
    0xe8, 0x47, 0x00, 0x00, 0x00, 0x00, 0x00, 0x00, 0x00, 0x00, 0x00, 0x00, 0x00, 0x00, 0x00, 0x00,
    0x00, 0x00, 0x00, 0x00, 0x00, 0x00, 0x00, 0x00, 0x0c, 0xcc, 0xc7, 0x09, 0x00, 0x00, 0x00, 0x00,
    0x00, 0x00, 0x00, 0x00, 0x00, 0x72, 0xff, 0xff, 0x69, 0x00, 0x00, 0x00, 0x00, 0x00, 0x00, 0x00,
    0x00, 0x02, 0xde, 0xf2, 0xf7, 0xd8, 0x01, 0x00, 0x00, 0x00, 0x00, 0x00, 0x00, 0x00, 0x52, 0xff,
    0x9b, 0xa7, 0xff, 0x4a, 0x00, 0x00, 0x00, 0x00, 0x00, 0x00, 0x00, 0xc2, 0xff, 0x3b, 0x46, 0xff,
    0xba, 0x00, 0x00, 0x00, 0x00, 0x00, 0x00, 0x31, 0xff, 0xda, 0x00, 0x02, 0xe3, 0xff, 0x2b, 0x00,
    0x00, 0x00, 0x00, 0x00, 0xa2, 0xff, 0x7b, 0x00, 0x00, 0x85, 0xff, 0x9b, 0x00, 0x00, 0x00, 0x00,
    0x17, 0xf9, 0xfd, 0x1d, 0x00, 0x00, 0x25, 0xff, 0xf7, 0x14, 0x00, 0x00, 0x00, 0x81, 0xff, 0xff,
    0xff, 0xff, 0xff, 0xff, 0xff, 0xff, 0x7b, 0x00, 0x00, 0x07, 0xe9, 0xff, 0xfd, 0xd8, 0xd8, 0xd8,
    0xd8, 0xff, 0xff, 0xe5, 0x05, 0x00, 0x61, 0xff, 0xe0, 0x02, 0x00, 0x00, 0x00, 0x00, 0x05, 0xe7,
    0xff, 0x5c, 0x00, 0xc9, 0xff, 0x79, 0x00, 0x00, 0x00, 0x00, 0x00, 0x00, 0x82, 0xff, 0xc9, 0x00,
    0xbd, 0xd5, 0x10, 0x00, 0x00, 0x00, 0x00, 0x00, 0x00, 0x11, 0xd2, 0xc1, 0x00, 0x00, 0x00, 0x00,
    0x00, 0x00, 0x00, 0x1b, 0xda, 0xff, 0xff, 0xff, 0xff, 0xff, 0xff, 0xff, 0xff, 0xc8, 0x00, 0x00,
    0x00, 0x00, 0x00, 0x00, 0x00, 0xae, 0xff, 0xff, 0xff, 0xb8, 0xb8, 0xb8, 0xb8, 0xb8, 0xb8, 0x82,
    0x00, 0x00, 0x00, 0x00, 0x00, 0x00, 0x49, 0xff, 0xeb, 0xff, 0xde, 0x00, 0x00, 0x00, 0x00, 0x00,
    0x00, 0x00, 0x00, 0x00, 0x00, 0x00, 0x00, 0x08, 0xdd, 0xff, 0x47, 0xf6, 0xff, 0x15, 0x00, 0x00,
    0x00, 0x00, 0x00, 0x00, 0x00, 0x00, 0x00, 0x00, 0x00, 0x82, 0xff, 0xab, 0x00, 0xc4, 0xff, 0x4c,
    0x00, 0x00, 0x00, 0x00, 0x00, 0x00, 0x00, 0x00, 0x00, 0x00, 0x25, 0xf8, 0xf5, 0x1e, 0x00, 0x8d,
    0xff, 0xff, 0xb8, 0xb8, 0xb8, 0xb8, 0xb3, 0x41, 0x00, 0x00, 0x00, 0x00, 0xb9, 0xff, 0x7c, 0x00,
    0x00, 0x57, 0xff, 0xff, 0xff, 0xff, 0xff, 0xff, 0xfc, 0x6d, 0x00, 0x00, 0x00, 0x56, 0xff, 0xdd,
    0x08, 0x00, 0x00, 0x20, 0xff, 0xed, 0x00, 0x00, 0x00, 0x00, 0x00, 0x00, 0x00, 0x00, 0x0c, 0xe4,
    0xff, 0xff, 0xff, 0xff, 0xff, 0xff, 0xff, 0xff, 0x20, 0x00, 0x00, 0x00, 0x00, 0x00, 0x00, 0x00,
    0x8d, 0xff, 0xff, 0xb8, 0xb8, 0xb8, 0xb8, 0xb8, 0xff, 0xff, 0x52, 0x00, 0x00, 0x00, 0x00, 0x00,
    0x00, 0x2d, 0xfb, 0xfc, 0x2b, 0x00, 0x00, 0x00, 0x00, 0x00, 0x81, 0xff, 0x84, 0x00, 0x00, 0x00,
    0x00, 0x00, 0x00, 0xbc, 0xff, 0x98, 0x00, 0x00, 0x00, 0x00, 0x00, 0x00, 0x4e, 0xff, 0xff, 0xb8,
    0xb8, 0xb8, 0xb8, 0x82, 0x00, 0xcb, 0xd2, 0x13, 0x00, 0x00, 0x00, 0x00, 0x00, 0x00, 0x0d, 0xdb,
    0xff, 0xff, 0xff, 0xff, 0xff, 0xc8, 0x00, 0x00, 0x00, 0x00, 0x14, 0x83, 0xcf, 0xf2, 0xf5, 0xd8,
    0xa1, 0x42, 0x00, 0x00, 0x00, 0x36, 0xeb, 0xff, 0xfa, 0xcd, 0xc3, 0xe9, 0xff, 0xff, 0x38, 0x00,
    0x0f, 0xe5, 0xff, 0xba, 0x1a, 0x00, 0x00, 0x02, 0x50, 0x8e, 0x0b, 0x00, 0x74, 0xff, 0xe4, 0x0b,
    0x00, 0x00, 0x00, 0x00, 0x00, 0x00, 0x00, 0x00, 0xc3, 0xff, 0x88, 0x00, 0x00, 0x00, 0x00, 0x00,
    0x00, 0x00, 0x00, 0x00, 0xee, 0xff, 0x57, 0x00, 0x00, 0x00, 0x00, 0x00, 0x00, 0x00, 0x00, 0x00,
    0xfa, 0xff, 0x48, 0x00, 0x00, 0x00, 0x00, 0x00, 0x00, 0x00, 0x00, 0x00, 0xe8, 0xff, 0x57, 0x00,
    0x00, 0x00, 0x00, 0x00, 0x00, 0x00, 0x00, 0x00, 0xc3, 0xff, 0x89, 0x00, 0x00, 0x00, 0x00, 0x00,
    0x00, 0x00, 0x00, 0x00, 0x72, 0xff, 0xe5, 0x0b, 0x00, 0x00, 0x00, 0x00, 0x00, 0x00, 0x00, 0x00,
    0x0d, 0xe0, 0xff, 0xb8, 0x17, 0x00, 0x00, 0x01, 0x4a, 0x8e, 0x12, 0x00, 0x00, 0x32, 0xe3, 0xff,
    0xfa, 0xcc, 0xc2, 0xe8, 0xff, 0xff, 0x42, 0x00, 0x00, 0x00, 0x14, 0x7c, 0xcf, 0xff, 0xff, 0xd8,
    0xa8, 0x45, 0x00, 0x00, 0x00, 0x00, 0x00, 0x00, 0x02, 0xff, 0xb3, 0x38, 0x00, 0x00, 0x00, 0x00,
    0x00, 0x00, 0x00, 0x00, 0x10, 0x84, 0xc0, 0xed, 0x00, 0x00, 0x00, 0x00, 0x00, 0x00, 0x00, 0x00,
    0xcd, 0xf6, 0xfc, 0x90, 0x00, 0x00, 0x00, 0x00, 0x00, 0x00, 0x00, 0x00, 0x01, 0x19, 0x0d, 0x00,
    0x00, 0x00, 0x00, 0x00, 0x00, 0x00, 0x3e, 0x3b, 0x00, 0x00, 0x00, 0x00, 0x00, 0x00, 0x00, 0x00,
    0x00, 0xd2, 0xf5, 0x25, 0x00, 0x00, 0x00, 0x00, 0x00, 0x00, 0x00, 0x00, 0x33, 0xf3, 0xc6, 0x02,
    0x00, 0x00, 0x00, 0x00, 0x00, 0x00, 0x00, 0x00, 0x44, 0xe6, 0x1d, 0x00, 0x00, 0x00, 0x00, 0x00,
    0x00, 0x00, 0x00, 0x00, 0x00, 0x00, 0x00, 0x00, 0x00, 0x00, 0x00, 0xb4, 0xfe, 0xff, 0xff, 0xff,
    0xff, 0xff, 0xfc, 0x70, 0x00, 0x00, 0xfe, 0xff, 0xcb, 0xb8, 0xb8, 0xb8, 0xb8, 0xb4, 0x44, 0x00,
    0x00, 0xff, 0xff, 0x44, 0x00, 0x00, 0x00, 0x00, 0x00, 0x00, 0x00, 0x00, 0xff, 0xff, 0x44, 0x00,
    0x00, 0x00, 0x00, 0x00, 0x00, 0x00, 0x00, 0xff, 0xff, 0x44, 0x00, 0x00, 0x00, 0x00, 0x00, 0x00,
    0x00, 0x00, 0xff, 0xff, 0x44, 0x00, 0x00, 0x00, 0x00, 0x00, 0x00, 0x00, 0x00, 0xff, 0xff, 0xff,
    0xff, 0xff, 0xff, 0xff, 0xec, 0x1d, 0x00, 0x00, 0xff, 0xff, 0xcb, 0xb8, 0xb8, 0xb8, 0xb8, 0xa5,
    0x0d, 0x00, 0x00, 0xff, 0xff, 0x44, 0x00, 0x00, 0x00, 0x00, 0x00, 0x00, 0x00, 0x00, 0xff, 0xff,
    0x44, 0x00, 0x00, 0x00, 0x00, 0x00, 0x00, 0x00, 0x00, 0xff, 0xff, 0x44, 0x00, 0x00, 0x00, 0x00,
    0x00, 0x00, 0x00, 0x00, 0xfe, 0xff, 0xcb, 0xb8, 0xb8, 0xb8, 0xb8, 0xb4, 0x44, 0x00, 0x00, 0xb6,
    0xfe, 0xff, 0xff, 0xff, 0xff, 0xff, 0xfc, 0x70, 0x00, 0x00, 0x00, 0x00, 0x00, 0x00, 0x00, 0x00,
    0x4f, 0x2b, 0x00, 0x00, 0x00, 0x00, 0x00, 0x00, 0x00, 0x00, 0x48, 0xff, 0xa6, 0x00, 0x00, 0x00,
    0x00, 0x00, 0x00, 0x00, 0x10, 0xe4, 0xe0, 0x1a, 0x00, 0x00, 0x00, 0x00, 0x00, 0x00, 0x00, 0x44,
    0xde, 0x26, 0x00, 0x00, 0x00, 0x00, 0x00, 0x00, 0x00, 0x00, 0x00, 0x00, 0x00, 0x00, 0x00, 0x00,
    0x00, 0xb4, 0xfe, 0xff, 0xff, 0xff, 0xff, 0xff, 0xfc, 0x70, 0x00, 0x00, 0xfe, 0xff, 0xcb, 0xb8,
    0xb8, 0xb8, 0xb8, 0xb4, 0x44, 0x00, 0x00, 0xff, 0xff, 0x44, 0x00, 0x00, 0x00, 0x00, 0x00, 0x00,
    0x00, 0x00, 0xff, 0xff, 0x44, 0x00, 0x00, 0x00, 0x00, 0x00, 0x00, 0x00, 0x00, 0xff, 0xff, 0x44,
    0x00, 0x00, 0x00, 0x00, 0x00, 0x00, 0x00, 0x00, 0xff, 0xff, 0x44, 0x00, 0x00, 0x00, 0x00, 0x00,
    0x00, 0x00, 0x00, 0xff, 0xff, 0xff, 0xff, 0xff, 0xff, 0xff, 0xec, 0x1d, 0x00, 0x00, 0xff, 0xff,
    0xcb, 0xb8, 0xb8, 0xb8, 0xb8, 0xa5, 0x0d, 0x00, 0x00, 0xff, 0xff, 0x44, 0x00, 0x00, 0x00, 0x00,
    0x00, 0x00, 0x00, 0x00, 0xff, 0xff, 0x44, 0x00, 0x00, 0x00, 0x00, 0x00, 0x00, 0x00, 0x00, 0xff,
    0xff, 0x44, 0x00, 0x00, 0x00, 0x00, 0x00, 0x00, 0x00, 0x00, 0xfe, 0xff, 0xcb, 0xb8, 0xb8, 0xb8,
    0xb8, 0xb4, 0x44, 0x00, 0x00, 0xb6, 0xfe, 0xff, 0xff, 0xff, 0xff, 0xff, 0xfc, 0x70, 0x00, 0x00,
    0x00, 0x00, 0x00, 0x1c, 0x70, 0x2b, 0x00, 0x00, 0x00, 0x00, 0x00, 0x00, 0x00, 0x10, 0xde, 0xff,
    0xf2, 0x26, 0x00, 0x00, 0x00, 0x00, 0x00, 0x00, 0xab, 0xf3, 0x48, 0xe1, 0xce, 0x06, 0x00, 0x00,
    0x00, 0x00, 0x12, 0xe7, 0x4c, 0x00, 0x2d, 0xe2, 0x39, 0x00, 0x00, 0x00, 0x00, 0x00, 0x00, 0x00,
    0x00, 0x00, 0x00, 0x00, 0x00, 0x00, 0x00, 0xb4, 0xfe, 0xff, 0xff, 0xff, 0xff, 0xff, 0xfc, 0x70,
    0x00, 0x00, 0xfe, 0xff, 0xcb, 0xb8, 0xb8, 0xb8, 0xb8, 0xb4, 0x44, 0x00, 0x00, 0xff, 0xff, 0x44,
    0x00, 0x00, 0x00, 0x00, 0x00, 0x00, 0x00, 0x00, 0xff, 0xff, 0x44, 0x00, 0x00, 0x00, 0x00, 0x00,
    0x00, 0x00, 0x00, 0xff, 0xff, 0x44, 0x00, 0x00, 0x00, 0x00, 0x00, 0x00, 0x00, 0x00, 0xff, 0xff,
    0x44, 0x00, 0x00, 0x00, 0x00, 0x00, 0x00, 0x00, 0x00, 0xff, 0xff, 0xff, 0xff, 0xff, 0xff, 0xff,
    0xec, 0x1d, 0x00, 0x00, 0xff, 0xff, 0xcb, 0xb8, 0xb8, 0xb8, 0xb8, 0xa5, 0x0d, 0x00, 0x00, 0xff,
    0xff, 0x44, 0x00, 0x00, 0x00, 0x00, 0x00, 0x00, 0x00, 0x00, 0xff, 0xff, 0x44, 0x00, 0x00, 0x00,
    0x00, 0x00, 0x00, 0x00, 0x00, 0xff, 0xff, 0x44, 0x00, 0x00, 0x00, 0x00, 0x00, 0x00, 0x00, 0x00,
    0xfe, 0xff, 0xcb, 0xb8, 0xb8, 0xb8, 0xb8, 0xb4, 0x44, 0x00, 0x00, 0xb6, 0xfe, 0xff, 0xff, 0xff,
    0xff, 0xff, 0xfc, 0x70, 0x00, 0x00, 0x00, 0x23, 0xe4, 0xc5, 0x00, 0xc4, 0xe4, 0x23, 0x00, 0x00,
    0x00, 0x00, 0x11, 0x9d, 0x80, 0x00, 0x80, 0xa5, 0x11, 0x00, 0x00, 0x00, 0x00, 0x00, 0x00, 0x00,
    0x00, 0x00, 0x00, 0x00, 0x00, 0x00, 0x00, 0xb4, 0xfe, 0xff, 0xff, 0xff, 0xff, 0xff, 0xfc, 0x70,
    0x00, 0x00, 0xfe, 0xff, 0xcb, 0xb8, 0xb8, 0xb8, 0xb8, 0xb4, 0x44, 0x00, 0x00, 0xff, 0xff, 0x44,
    0x00, 0x00, 0x00, 0x00, 0x00, 0x00, 0x00, 0x00, 0xff, 0xff, 0x44, 0x00, 0x00, 0x00, 0x00, 0x00,
    0x00, 0x00, 0x00, 0xff, 0xff, 0x44, 0x00, 0x00, 0x00, 0x00, 0x00, 0x00, 0x00, 0x00, 0xff, 0xff,
    0x44, 0x00, 0x00, 0x00, 0x00, 0x00, 0x00, 0x00, 0x00, 0xff, 0xff, 0xff, 0xff, 0xff, 0xff, 0xff,
    0xec, 0x1d, 0x00, 0x00, 0xff, 0xff, 0xcb, 0xb8, 0xb8, 0xb8, 0xb8, 0xa5, 0x0d, 0x00, 0x00, 0xff,
    0xff, 0x44, 0x00, 0x00, 0x00, 0x00, 0x00, 0x00, 0x00, 0x00, 0xff, 0xff, 0x44, 0x00, 0x00, 0x00,
    0x00, 0x00, 0x00, 0x00, 0x00, 0xff, 0xff, 0x44, 0x00, 0x00, 0x00, 0x00, 0x00, 0x00, 0x00, 0x00,
    0xfe, 0xff, 0xcb, 0xb8, 0xb8, 0xb8, 0xb8, 0xb4, 0x44, 0x00, 0x00, 0xb6, 0xfe, 0xff, 0xff, 0xff,
    0xff, 0xff, 0xfc, 0x70, 0x00, 0x05, 0x62, 0x13, 0x00, 0x00, 0x00, 0x32, 0xff, 0xba, 0x00, 0x00,
    0x00, 0x00, 0x85, 0xff, 0x69, 0x00, 0x00, 0x00, 0x00, 0x93, 0xb4, 0x00, 0x00, 0x00, 0x00, 0x00,
    0x00, 0x00, 0x00, 0x00, 0x00, 0xbe, 0xe6, 0x19, 0x00, 0x00, 0x00, 0xff, 0xff, 0x43, 0x00, 0x00,
    0x00, 0xff, 0xff, 0x44, 0x00, 0x00, 0x00, 0xff, 0xff, 0x44, 0x00, 0x00, 0x00, 0xff, 0xff, 0x44,
    0x00, 0x00, 0x00, 0xff, 0xff, 0x44, 0x00, 0x00, 0x00, 0xff, 0xff, 0x44, 0x00, 0x00, 0x00, 0xff,
    0xff, 0x44, 0x00, 0x00, 0x00, 0xff, 0xff, 0x44, 0x00, 0x00, 0x00, 0xff, 0xff, 0x44, 0x00, 0x00,
    0x00, 0xff, 0xff, 0x44, 0x00, 0x00, 0x00, 0xff, 0xff, 0x43, 0x00, 0x00, 0x00, 0xbe, 0xe7, 0x1a,
    0x00, 0x00, 0x00, 0x00, 0x0b, 0x64, 0x09, 0x00, 0x00, 0x00, 0xa4, 0xff, 0x4c, 0x00, 0x00, 0x51,
    0xff, 0x9c, 0x00, 0x00, 0x00, 0x9e, 0xa7, 0x03, 0x00, 0x00, 0x00, 0x00, 0x00, 0x00, 0x00, 0x00,
    0xbe, 0xe6, 0x19, 0x00, 0x00, 0x00, 0xff, 0xff, 0x43, 0x00, 0x00, 0x00, 0xff, 0xff, 0x44, 0x00,
    0x00, 0x00, 0xff, 0xff, 0x44, 0x00, 0x00, 0x00, 0xff, 0xff, 0x44, 0x00, 0x00, 0x00, 0xff, 0xff,
    0x44, 0x00, 0x00, 0x00, 0xff, 0xff, 0x44, 0x00, 0x00, 0x00, 0xff, 0xff, 0x44, 0x00, 0x00, 0x00,
    0xff, 0xff, 0x44, 0x00, 0x00, 0x00, 0xff, 0xff, 0x44, 0x00, 0x00, 0x00, 0xff, 0xff, 0x44, 0x00,
    0x00, 0x00, 0xff, 0xff, 0x43, 0x00, 0x00, 0x00, 0xbe, 0xe7, 0x1a, 0x00, 0x00, 0x00, 0x00, 0x4a,
    0x67, 0x06, 0x00, 0x00, 0x5f, 0xff, 0xff, 0xad, 0x00, 0x27, 0xf4, 0xb2, 0x6d, 0xff, 0x68, 0x73,
    0xc7, 0x0c, 0x00, 0x87, 0xbf, 0x00, 0x00, 0x00, 0x00, 0x00, 0x00, 0x00, 0x00, 0xbe, 0xe6, 0x19,
    0x00, 0x00, 0x00, 0xff, 0xff, 0x43, 0x00, 0x00, 0x00, 0xff, 0xff, 0x44, 0x00, 0x00, 0x00, 0xff,
    0xff, 0x44, 0x00, 0x00, 0x00, 0xff, 0xff, 0x44, 0x00, 0x00, 0x00, 0xff, 0xff, 0x44, 0x00, 0x00,
    0x00, 0xff, 0xff, 0x44, 0x00, 0x00, 0x00, 0xff, 0xff, 0x44, 0x00, 0x00, 0x00, 0xff, 0xff, 0x44,
    0x00, 0x00, 0x00, 0xff, 0xff, 0x44, 0x00, 0x00, 0x00, 0xff, 0xff, 0x44, 0x00, 0x00, 0x00, 0xff,
    0xff, 0x43, 0x00, 0x00, 0x00, 0xbe, 0xe7, 0x1a, 0x00, 0x7e, 0x9c, 0x11, 0x11, 0xa4, 0x7e, 0xc7,
    0xe5, 0x23, 0x23, 0xed, 0xc7, 0x00, 0x00, 0x00, 0x00, 0x00, 0x00, 0x00, 0x1a, 0xe7, 0xbc, 0x00,
    0x00, 0x00, 0x43, 0xff, 0xff, 0x00, 0x00, 0x00, 0x44, 0xff, 0xff, 0x00, 0x00, 0x00, 0x44, 0xff,
    0xff, 0x00, 0x00, 0x00, 0x44, 0xff, 0xff, 0x00, 0x00, 0x00, 0x44, 0xff, 0xff, 0x00, 0x00, 0x00,
    0x44, 0xff, 0xff, 0x00, 0x00, 0x00, 0x44, 0xff, 0xff, 0x00, 0x00, 0x00, 0x44, 0xff, 0xff, 0x00,
    0x00, 0x00, 0x44, 0xff, 0xff, 0x00, 0x00, 0x00, 0x44, 0xff, 0xff, 0x00, 0x00, 0x00, 0x43, 0xff,
    0xff, 0x00, 0x00, 0x00, 0x1a, 0xe7, 0xbe, 0x00, 0x00, 0x00, 0x00, 0xb5, 0xff, 0xff, 0xff, 0xff,
    0xf0, 0xce, 0x88, 0x1c, 0x00, 0x00, 0x00, 0x00, 0x00, 0x00, 0xfe, 0xff, 0xcb, 0xb8, 0xb9, 0xcd,
    0xfa, 0xff, 0xf3, 0x50, 0x00, 0x00, 0x00, 0x00, 0x00, 0xff, 0xff, 0x44, 0x00, 0x00, 0x00, 0x11,
    0x98, 0xff, 0xf8, 0x32, 0x00, 0x00, 0x00, 0x00, 0xff, 0xff, 0x44, 0x00, 0x00, 0x00, 0x00, 0x00,
    0xb5, 0xff, 0xb5, 0x00, 0x00, 0x00, 0x00, 0xff, 0xff, 0x44, 0x00, 0x00, 0x00, 0x00, 0x00, 0x45,
    0xff, 0xfa, 0x0b, 0x00, 0x00, 0x00, 0xff, 0xff, 0x44, 0x00, 0x00, 0x00, 0x00, 0x00, 0x12, 0xff,
    0xff, 0x30, 0x00, 0x2c, 0xf1, 0xff, 0xff, 0xff, 0xff, 0xff, 0xf0, 0x21, 0x00, 0x04, 0xff, 0xff,
    0x3f, 0x00, 0x16, 0xa9, 0xff, 0xff, 0xfc, 0xb8, 0xb8, 0xa6, 0x0f, 0x00, 0x12, 0xff, 0xff, 0x30,
    0x00, 0x00, 0x00, 0xff, 0xff, 0x44, 0x00, 0x00, 0x00, 0x00, 0x00, 0x43, 0xff, 0xfa, 0x0b, 0x00,
    0x00, 0x00, 0xff, 0xff, 0x44, 0x00, 0x00, 0x00, 0x00, 0x00, 0xb0, 0xff, 0xb6, 0x00, 0x00, 0x00,
    0x00, 0xff, 0xff, 0x44, 0x00, 0x00, 0x00, 0x0f, 0x95, 0xff, 0xf9, 0x33, 0x00, 0x00, 0x00, 0x00,
    0xfe, 0xff, 0xcb, 0xb8, 0xb9, 0xcb, 0xf9, 0xff, 0xf4, 0x53, 0x00, 0x00, 0x00, 0x00, 0x00, 0xb7,
    0xff, 0xff, 0xff, 0xff, 0xf1, 0xcf, 0x8a, 0x1d, 0x00, 0x00, 0x00, 0x00, 0x00, 0x00, 0x00, 0x54,
    0xc2, 0xb3, 0x4e, 0x00, 0x00, 0xa7, 0x58, 0x00, 0x00, 0x00, 0x00, 0x2e, 0xfc, 0xc3, 0xd6, 0xff,
    0xd3, 0xc1, 0xfc, 0x2d, 0x00, 0x00, 0x00, 0x00, 0x5c, 0xa9, 0x00, 0x00, 0x52, 0xb7, 0xc7, 0x58,
    0x00, 0x00, 0x00, 0x00, 0x00, 0x00, 0x00, 0x00, 0x00, 0x00, 0x00, 0x00, 0x00, 0x00, 0x00, 0x00,
    0x00, 0xc2, 0xd6, 0x1c, 0x00, 0x00, 0x00, 0x00, 0x00, 0x1b, 0xe7, 0xc0, 0x00, 0x00, 0xff, 0xff,
    0xcb, 0x07, 0x00, 0x00, 0x00, 0x00, 0x43, 0xff, 0xff, 0x00, 0x00, 0xff, 0xff, 0xff, 0x9c, 0x00,
    0x00, 0x00, 0x00, 0x44, 0xff, 0xff, 0x00, 0x00, 0xff, 0xff, 0xff, 0xff, 0x67, 0x00, 0x00, 0x00,
    0x44, 0xff, 0xff, 0x00, 0x00, 0xff, 0xff, 0x94, 0xfe, 0xf9, 0x37, 0x00, 0x00, 0x44, 0xff, 0xff,
    0x00, 0x00, 0xff, 0xff, 0x44, 0x86, 0xff, 0xe4, 0x16, 0x00, 0x44, 0xff, 0xff, 0x00, 0x00, 0xff,
    0xff, 0x44, 0x02, 0xba, 0xff, 0xc0, 0x04, 0x44, 0xff, 0xff, 0x00, 0x00, 0xff, 0xff, 0x44, 0x00,
    0x13, 0xe0, 0xff, 0x8e, 0x44, 0xff, 0xff, 0x00, 0x00, 0xff, 0xff, 0x44, 0x00, 0x00, 0x33, 0xf7,
    0xff, 0x9c, 0xff, 0xff, 0x00, 0x00, 0xff, 0xff, 0x44, 0x00, 0x00, 0x00, 0x61, 0xff, 0xff, 0xff,
    0xff, 0x00, 0x00, 0xff, 0xff, 0x44, 0x00, 0x00, 0x00, 0x00, 0x98, 0xff, 0xff, 0xff, 0x00, 0x00,
    0xff, 0xff, 0x43, 0x00, 0x00, 0x00, 0x00, 0x06, 0xc8, 0xff, 0xff, 0x00, 0x00, 0xc3, 0xe9, 0x1b,
    0x00, 0x00, 0x00, 0x00, 0x00, 0x1b, 0xd3, 0xc9, 0x00, 0x00, 0x00, 0x00, 0x00, 0x2e, 0x4d, 0x00,
    0x00, 0x00, 0x00, 0x00, 0x00, 0x00, 0x00, 0x00, 0x00, 0x00, 0x00, 0xad, 0xfe, 0x43, 0x00, 0x00,
    0x00, 0x00, 0x00, 0x00, 0x00, 0x00, 0x00, 0x00, 0x00, 0x1e, 0xe3, 0xe0, 0x0d, 0x00, 0x00, 0x00,
    0x00, 0x00, 0x00, 0x00, 0x00, 0x00, 0x00, 0x00, 0x29, 0xdf, 0x3e, 0x00, 0x00, 0x00, 0x00, 0x00,
    0x00, 0x00, 0x00, 0x00, 0x00, 0x00, 0x00, 0x00, 0x00, 0x00, 0x00, 0x00, 0x00, 0x00, 0x00, 0x00,
    0x00, 0x00, 0x0a, 0x74, 0xc9, 0xf1, 0xf4, 0xd7, 0x8d, 0x21, 0x00, 0x00, 0x00, 0x00, 0x00, 0x24,
    0xdb, 0xff, 0xfa, 0xcc, 0xc1, 0xee, 0xff, 0xf2, 0x4d, 0x00, 0x00, 0x00, 0x08, 0xd6, 0xff, 0xbe,
    0x1a, 0x00, 0x00, 0x06, 0x87, 0xff, 0xf5, 0x27, 0x00, 0x00, 0x69, 0xff, 0xe8, 0x0e, 0x00, 0x00,
    0x00, 0x00, 0x00, 0xb0, 0xff, 0xa9, 0x00, 0x00, 0xbe, 0xff, 0x8c, 0x00, 0x00, 0x00, 0x00, 0x00,
    0x00, 0x45, 0xff, 0xf7, 0x0a, 0x00, 0xec, 0xff, 0x58, 0x00, 0x00, 0x00, 0x00, 0x00, 0x00, 0x12,
    0xff, 0xff, 0x29, 0x00, 0xfa, 0xff, 0x48, 0x00, 0x00, 0x00, 0x00, 0x00, 0x00, 0x05, 0xff, 0xff,
    0x3e, 0x00, 0xe6, 0xff, 0x56, 0x00, 0x00, 0x00, 0x00, 0x00, 0x00, 0x16, 0xff, 0xff, 0x2f, 0x00,
    0xbe, 0xff, 0x8b, 0x00, 0x00, 0x00, 0x00, 0x00, 0x00, 0x4e, 0xff, 0xf7, 0x07, 0x00, 0x67, 0xff,
    0xe8, 0x0e, 0x00, 0x00, 0x00, 0x00, 0x00, 0xba, 0xff, 0xaa, 0x00, 0x00, 0x07, 0xd2, 0xff, 0xbc,
    0x17, 0x00, 0x00, 0x0a, 0x90, 0xff, 0xf6, 0x2a, 0x00, 0x00, 0x00, 0x23, 0xd7, 0xff, 0xf9, 0xc7,
    0xc3, 0xef, 0xff, 0xf4, 0x4c, 0x00, 0x00, 0x00, 0x00, 0x00, 0x0d, 0x72, 0xca, 0xed, 0xf7, 0xda,
    0x92, 0x1e, 0x00, 0x00, 0x00, 0x00, 0x00, 0x00, 0x00, 0x00, 0x00, 0x00, 0x00, 0x3e, 0x3c, 0x00,
    0x00, 0x00, 0x00, 0x00, 0x00, 0x00, 0x00, 0x00, 0x00, 0x00, 0x28, 0xf7, 0xce, 0x00, 0x00, 0x00,
    0x00, 0x00, 0x00, 0x00, 0x00, 0x00, 0x00, 0x03, 0xc9, 0xf0, 0x30, 0x00, 0x00, 0x00, 0x00, 0x00,
    0x00, 0x00, 0x00, 0x00, 0x00, 0x21, 0xe6, 0x3e, 0x00, 0x00, 0x00, 0x00, 0x00, 0x00, 0x00, 0x00,
    0x00, 0x00, 0x00, 0x00, 0x00, 0x00, 0x00, 0x00, 0x00, 0x00, 0x00, 0x00, 0x00, 0x00, 0x0a, 0x74,
    0xc9, 0xf1, 0xf4, 0xd7, 0x8d, 0x21, 0x00, 0x00, 0x00, 0x00, 0x00, 0x24, 0xdb, 0xff, 0xfa, 0xcc,
    0xc1, 0xee, 0xff, 0xf2, 0x4d, 0x00, 0x00, 0x00, 0x08, 0xd6, 0xff, 0xbe, 0x1a, 0x00, 0x00, 0x06,
    0x87, 0xff, 0xf5, 0x27, 0x00, 0x00, 0x69, 0xff, 0xe8, 0x0e, 0x00, 0x00, 0x00, 0x00, 0x00, 0xb0,
    0xff, 0xa9, 0x00, 0x00, 0xbe, 0xff, 0x8c, 0x00, 0x00, 0x00, 0x00, 0x00, 0x00, 0x45, 0xff, 0xf7,
    0x0a, 0x00, 0xec, 0xff, 0x58, 0x00, 0x00, 0x00, 0x00, 0x00, 0x00, 0x12, 0xff, 0xff, 0x29, 0x00,
    0xfa, 0xff, 0x48, 0x00, 0x00, 0x00, 0x00, 0x00, 0x00, 0x05, 0xff, 0xff, 0x3e, 0x00, 0xe6, 0xff,
    0x56, 0x00, 0x00, 0x00, 0x00, 0x00, 0x00, 0x16, 0xff, 0xff, 0x2f, 0x00, 0xbe, 0xff, 0x8b, 0x00,
    0x00, 0x00, 0x00, 0x00, 0x00, 0x4e, 0xff, 0xf7, 0x07, 0x00, 0x67, 0xff, 0xe8, 0x0e, 0x00, 0x00,
    0x00, 0x00, 0x00, 0xba, 0xff, 0xaa, 0x00, 0x00, 0x07, 0xd2, 0xff, 0xbc, 0x17, 0x00, 0x00, 0x0a,
    0x90, 0xff, 0xf6, 0x2a, 0x00, 0x00, 0x00, 0x23, 0xd7, 0xff, 0xf9, 0xc7, 0xc3, 0xef, 0xff, 0xf4,
    0x4c, 0x00, 0x00, 0x00, 0x00, 0x00, 0x0d, 0x72, 0xca, 0xed, 0xf7, 0xda, 0x92, 0x1e, 0x00, 0x00,
    0x00, 0x00, 0x00, 0x00, 0x00, 0x00, 0x00, 0x4f, 0x65, 0x04, 0x00, 0x00, 0x00, 0x00, 0x00, 0x00,
    0x00, 0x00, 0x00, 0x00, 0x6a, 0xff, 0xff, 0xa1, 0x00, 0x00, 0x00, 0x00, 0x00, 0x00, 0x00, 0x00,
    0x00, 0x2f, 0xf8, 0xa9, 0x74, 0xff, 0x5c, 0x00, 0x00, 0x00, 0x00, 0x00, 0x00, 0x00, 0x00, 0x7e,
    0xbf, 0x08, 0x00, 0x8f, 0xb4, 0x00, 0x00, 0x00, 0x00, 0x00, 0x00, 0x00, 0x00, 0x00, 0x00, 0x00,
    0x00, 0x00, 0x00, 0x00, 0x00, 0x00, 0x00, 0x00, 0x00, 0x00, 0x0a, 0x74, 0xc9, 0xf1, 0xf4, 0xd7,
    0x8d, 0x21, 0x00, 0x00, 0x00, 0x00, 0x00, 0x24, 0xdb, 0xff, 0xfa, 0xcc, 0xc1, 0xee, 0xff, 0xf2,
    0x4d, 0x00, 0x00, 0x00, 0x08, 0xd6, 0xff, 0xbe, 0x1a, 0x00, 0x00, 0x06, 0x87, 0xff, 0xf5, 0x27,
    0x00, 0x00, 0x69, 0xff, 0xe8, 0x0e, 0x00, 0x00, 0x00, 0x00, 0x00, 0xb0, 0xff, 0xa9, 0x00, 0x00,
    0xbe, 0xff, 0x8c, 0x00, 0x00, 0x00, 0x00, 0x00, 0x00, 0x45, 0xff, 0xf7, 0x0a, 0x00, 0xec, 0xff,
    0x58, 0x00, 0x00, 0x00, 0x00, 0x00, 0x00, 0x12, 0xff, 0xff, 0x29, 0x00, 0xfa, 0xff, 0x48, 0x00,
    0x00, 0x00, 0x00, 0x00, 0x00, 0x05, 0xff, 0xff, 0x3e, 0x00, 0xe6, 0xff, 0x56, 0x00, 0x00, 0x00,
    0x00, 0x00, 0x00, 0x16, 0xff, 0xff, 0x2f, 0x00, 0xbe, 0xff, 0x8b, 0x00, 0x00, 0x00, 0x00, 0x00,
    0x00, 0x4e, 0xff, 0xf7, 0x07, 0x00, 0x67, 0xff, 0xe8, 0x0e, 0x00, 0x00, 0x00, 0x00, 0x00, 0xba,
    0xff, 0xaa, 0x00, 0x00, 0x07, 0xd2, 0xff, 0xbc, 0x17, 0x00, 0x00, 0x0a, 0x90, 0xff, 0xf6, 0x2a,
    0x00, 0x00, 0x00, 0x23, 0xd7, 0xff, 0xf9, 0xc7, 0xc3, 0xef, 0xff, 0xf4, 0x4c, 0x00, 0x00, 0x00,
    0x00, 0x00, 0x0d, 0x72, 0xca, 0xed, 0xf7, 0xda, 0x92, 0x1e, 0x00, 0x00, 0x00, 0x00, 0x00, 0x00,
    0x13, 0x9b, 0xc8, 0x92, 0x22, 0x00, 0x11, 0xd5, 0x21, 0x00, 0x00, 0x00, 0x00, 0x00, 0xaf, 0xec,
    0xb6, 0xf1, 0xfa, 0xb9, 0xdb, 0xe4, 0x05, 0x00, 0x00, 0x00, 0x00, 0x00, 0xd7, 0x36, 0x00, 0x11,
    0x80, 0xc8, 0xb5, 0x2f, 0x00, 0x00, 0x00, 0x00, 0x00, 0x00, 0x00, 0x00, 0x00, 0x00, 0x00, 0x00,
    0x00, 0x00, 0x00, 0x00, 0x00, 0x00, 0x00, 0x00, 0x0a, 0x74, 0xc9, 0xf1, 0xf4, 0xd7, 0x8d, 0x21,
    0x00, 0x00, 0x00, 0x00, 0x00, 0x24, 0xdb, 0xff, 0xfa, 0xcc, 0xc1, 0xee, 0xff, 0xf2, 0x4d, 0x00,
    0x00, 0x00, 0x08, 0xd6, 0xff, 0xbe, 0x1a, 0x00, 0x00, 0x06, 0x87, 0xff, 0xf5, 0x27, 0x00, 0x00,
    0x69, 0xff, 0xe8, 0x0e, 0x00, 0x00, 0x00, 0x00, 0x00, 0xb0, 0xff, 0xa9, 0x00, 0x00, 0xbe, 0xff,
    0x8c, 0x00, 0x00, 0x00, 0x00, 0x00, 0x00, 0x45, 0xff, 0xf7, 0x0a, 0x00, 0xec, 0xff, 0x58, 0x00,
    0x00, 0x00, 0x00, 0x00, 0x00, 0x12, 0xff, 0xff, 0x29, 0x00, 0xfa, 0xff, 0x48, 0x00, 0x00, 0x00,
    0x00, 0x00, 0x00, 0x05, 0xff, 0xff, 0x3e, 0x00, 0xe6, 0xff, 0x56, 0x00, 0x00, 0x00, 0x00, 0x00,
    0x00, 0x16, 0xff, 0xff, 0x2f, 0x00, 0xbe, 0xff, 0x8b, 0x00, 0x00, 0x00, 0x00, 0x00, 0x00, 0x4e,
    0xff, 0xf7, 0x07, 0x00, 0x67, 0xff, 0xe8, 0x0e, 0x00, 0x00, 0x00, 0x00, 0x00, 0xba, 0xff, 0xaa,
    0x00, 0x00, 0x07, 0xd2, 0xff, 0xbc, 0x17, 0x00, 0x00, 0x0a, 0x90, 0xff, 0xf6, 0x2a, 0x00, 0x00,
    0x00, 0x23, 0xd7, 0xff, 0xf9, 0xc7, 0xc3, 0xef, 0xff, 0xf4, 0x4c, 0x00, 0x00, 0x00, 0x00, 0x00,
    0x0d, 0x72, 0xca, 0xed, 0xf7, 0xda, 0x92, 0x1e, 0x00, 0x00, 0x00, 0x00, 0x00, 0x00, 0x00, 0x7e,
    0x9c, 0x11, 0x12, 0xa5, 0x7e, 0x00, 0x00, 0x00, 0x00, 0x00, 0x00, 0x00, 0x00, 0xc7, 0xe5, 0x23,
    0x24, 0xee, 0xd0, 0x00, 0x00, 0x00, 0x00, 0x00, 0x00, 0x00, 0x00, 0x00, 0x00, 0x00, 0x00, 0x00,
    0x00, 0x00, 0x00, 0x00, 0x00, 0x00, 0x00, 0x00, 0x0a, 0x74, 0xc9, 0xf1, 0xf4, 0xd7, 0x8d, 0x21,
    0x00, 0x00, 0x00, 0x00, 0x00, 0x24, 0xdb, 0xff, 0xfa, 0xcc, 0xc1, 0xee, 0xff, 0xf2, 0x4d, 0x00,
    0x00, 0x00, 0x08, 0xd6, 0xff, 0xbe, 0x1a, 0x00, 0x00, 0x06, 0x87, 0xff, 0xf5, 0x27, 0x00, 0x00,
    0x69, 0xff, 0xe8, 0x0e, 0x00, 0x00, 0x00, 0x00, 0x00, 0xb0, 0xff, 0xa9, 0x00, 0x00, 0xbe, 0xff,
    0x8c, 0x00, 0x00, 0x00, 0x00, 0x00, 0x00, 0x45, 0xff, 0xf7, 0x0a, 0x00, 0xec, 0xff, 0x58, 0x00,
    0x00, 0x00, 0x00, 0x00, 0x00, 0x12, 0xff, 0xff, 0x29, 0x00, 0xfa, 0xff, 0x48, 0x00, 0x00, 0x00,
    0x00, 0x00, 0x00, 0x05, 0xff, 0xff, 0x3e, 0x00, 0xe6, 0xff, 0x56, 0x00, 0x00, 0x00, 0x00, 0x00,
    0x00, 0x16, 0xff, 0xff, 0x2f, 0x00, 0xbe, 0xff, 0x8b, 0x00, 0x00, 0x00, 0x00, 0x00, 0x00, 0x4e,
    0xff, 0xf7, 0x07, 0x00, 0x67, 0xff, 0xe8, 0x0e, 0x00, 0x00, 0x00, 0x00, 0x00, 0xba, 0xff, 0xaa,
    0x00, 0x00, 0x07, 0xd2, 0xff, 0xbc, 0x17, 0x00, 0x00, 0x0a, 0x90, 0xff, 0xf6, 0x2a, 0x00, 0x00,
    0x00, 0x23, 0xd7, 0xff, 0xf9, 0xc7, 0xc3, 0xef, 0xff, 0xf4, 0x4c, 0x00, 0x00, 0x00, 0x00, 0x00,
    0x0d, 0x72, 0xca, 0xed, 0xf7, 0xda, 0x92, 0x1e, 0x00, 0x00, 0x00, 0x00, 0x00, 0x00, 0x00, 0x00,
    0x00, 0x00, 0x00, 0x00, 0x00, 0x00, 0x02, 0xdf, 0x8c, 0x00, 0x00, 0x00, 0x00, 0x8c, 0xd7, 0x02,
    0x00, 0x00, 0xa0, 0xff, 0x94, 0x00, 0x00, 0x92, 0xff, 0x9e, 0x00, 0x00, 0x00, 0x03, 0xa5, 0xff,
    0x95, 0x95, 0xff, 0xa1, 0x02, 0x00, 0x00, 0x00, 0x00, 0x03, 0xa5, 0xff, 0xff, 0xa1, 0x02, 0x00,
    0x00, 0x00, 0x00, 0x00, 0x01, 0x96, 0xff, 0xff, 0x93, 0x00, 0x00, 0x00, 0x00, 0x00, 0x01, 0x96,
    0xff, 0x9b, 0x9e, 0xff, 0x94, 0x00, 0x00, 0x00, 0x00, 0x92, 0xff, 0x95, 0x01, 0x02, 0x9e, 0xff,
    0x8f, 0x00, 0x00, 0x00, 0xd2, 0x8d, 0x00, 0x00, 0x00, 0x02, 0x98, 0xd4, 0x00, 0x00, 0x00, 0x00,
    0x00, 0x00, 0x00, 0x00, 0x00, 0x00, 0x00, 0x00, 0x00, 0x00, 0x00, 0x00, 0x00, 0x00, 0x00, 0x00,
    0x00, 0x00, 0x01, 0x84, 0x47, 0x00, 0x00, 0x00, 0x00, 0x00, 0x0a, 0x74, 0xc9, 0xf1, 0xf4, 0xd7,
    0xeb, 0xff, 0x95, 0x00, 0x00, 0x00, 0x00, 0x24, 0xdb, 0xff, 0xfa, 0xcc, 0xc1, 0xf9, 0xff, 0xff,
    0x6c, 0x00, 0x00, 0x00, 0x08, 0xd6, 0xff, 0xbe, 0x1a, 0x00, 0x00, 0x86, 0xff, 0xff, 0xf5, 0x27,
    0x00, 0x00, 0x69, 0xff, 0xe8, 0x0e, 0x00, 0x00, 0x1e, 0xf6, 0xdb, 0xb7, 0xff, 0xa9, 0x00, 0x00,
    0xbe, 0xff, 0x8c, 0x00, 0x00, 0x00, 0xaa, 0xff, 0x4c, 0x45, 0xff, 0xf7, 0x0a, 0x00, 0xec, 0xff,
    0x58, 0x00, 0x00, 0x3f, 0xff, 0xb7, 0x00, 0x12, 0xff, 0xff, 0x29, 0x00, 0xfa, 0xff, 0x48, 0x00,
    0x03, 0xd0, 0xfa, 0x27, 0x00, 0x05, 0xff, 0xff, 0x3e, 0x00, 0xe6, 0xff, 0x56, 0x00, 0x69, 0xff,
    0x8c, 0x00, 0x00, 0x16, 0xff, 0xff, 0x2f, 0x00, 0xbe, 0xff, 0x8b, 0x11, 0xeb, 0xe8, 0x0e, 0x00,
    0x00, 0x4e, 0xff, 0xf7, 0x07, 0x00, 0x67, 0xff, 0xe8, 0xa1, 0xff, 0x61, 0x00, 0x00, 0x00, 0xba,
    0xff, 0xaa, 0x00, 0x00, 0x07, 0xd2, 0xff, 0xff, 0xe2, 0x01, 0x00, 0x0a, 0x90, 0xff, 0xf6, 0x2a,
    0x00, 0x00, 0x00, 0x24, 0xff, 0xff, 0xff, 0xc7, 0xc3, 0xef, 0xff, 0xf4, 0x4c, 0x00, 0x00, 0x00,
    0x00, 0x54, 0xff, 0xff, 0xca, 0xed, 0xf7, 0xda, 0x92, 0x1e, 0x00, 0x00, 0x00, 0x00, 0x00, 0x59,
    0xdd, 0x20, 0x00, 0x00, 0x00, 0x00, 0x00, 0x00, 0x00, 0x00, 0x00, 0x00, 0x00, 0x00, 0x00, 0x00,
    0x00, 0x00, 0x00, 0x00, 0x00, 0x00, 0x00, 0x00, 0x00, 0x00, 0x00, 0x00, 0x00, 0x5a, 0x20, 0x00,
    0x00, 0x00, 0x00, 0x00, 0x00, 0x00, 0x00, 0x00, 0x00, 0x15, 0xfc, 0xd4, 0x07, 0x00, 0x00, 0x00,
    0x00, 0x00, 0x00, 0x00, 0x00, 0x00, 0x00, 0x66, 0xff, 0x89, 0x00, 0x00, 0x00, 0x00, 0x00, 0x00,
    0x00, 0x00, 0x00, 0x00, 0x00, 0x76, 0xcf, 0x00, 0x00, 0x00, 0x00, 0x00, 0x00, 0x00, 0x00, 0x00,
    0x00, 0x00, 0x00, 0x00, 0x00, 0x00, 0x00, 0x00, 0x00, 0x00, 0x00, 0xc0, 0xe7, 0x1a, 0x00, 0x00,
    0x00, 0x00, 0x00, 0x1a, 0xe7, 0xbe, 0x00, 0x00, 0xff, 0xff, 0x43, 0x00, 0x00, 0x00, 0x00, 0x00,
    0x43, 0xff, 0xff, 0x00, 0x00, 0xff, 0xff, 0x44, 0x00, 0x00, 0x00, 0x00, 0x00, 0x44, 0xff, 0xff,
    0x00, 0x00, 0xff, 0xff, 0x44, 0x00, 0x00, 0x00, 0x00, 0x00, 0x44, 0xff, 0xff, 0x00, 0x00, 0xff,
    0xff, 0x44, 0x00, 0x00, 0x00, 0x00, 0x00, 0x44, 0xff, 0xff, 0x00, 0x00, 0xff, 0xff, 0x44, 0x00,
    0x00, 0x00, 0x00, 0x00, 0x44, 0xff, 0xff, 0x00, 0x00, 0xff, 0xff, 0x44, 0x00, 0x00, 0x00, 0x00,
    0x00, 0x44, 0xff, 0xff, 0x00, 0x00, 0xfe, 0xff, 0x44, 0x00, 0x00, 0x00, 0x00, 0x00, 0x44, 0xff,
    0xfe, 0x00, 0x00, 0xf0, 0xff, 0x5c, 0x00, 0x00, 0x00, 0x00, 0x00, 0x5d, 0xff, 0xea, 0x00, 0x00,
    0xc3, 0xff, 0x99, 0x00, 0x00, 0x00, 0x00, 0x00, 0x99, 0xff, 0xbf, 0x00, 0x00, 0x64, 0xff, 0xfb,
    0x56, 0x00, 0x00, 0x00, 0x55, 0xfb, 0xff, 0x5f, 0x00, 0x00, 0x01, 0xaa, 0xff, 0xff, 0xe1, 0xc1,
    0xe0, 0xff, 0xff, 0xa8, 0x01, 0x00, 0x00, 0x00, 0x01, 0x5d, 0xbd, 0xed, 0xfb, 0xe9, 0xbb, 0x5c,
    0x00, 0x00, 0x00, 0x00, 0x00, 0x00, 0x00, 0x00, 0x00, 0x00, 0x05, 0x62, 0x12, 0x00, 0x00, 0x00,
    0x00, 0x00, 0x00, 0x00, 0x00, 0x00, 0x00, 0x87, 0xff, 0x6c, 0x00, 0x00, 0x00, 0x00, 0x00, 0x00,
    0x00, 0x00, 0x00, 0x35, 0xfc, 0xb7, 0x05, 0x00, 0x00, 0x00, 0x00, 0x00, 0x00, 0x00, 0x00, 0x00,
    0x7f, 0xbf, 0x0a, 0x00, 0x00, 0x00, 0x00, 0x00, 0x00, 0x00, 0x00, 0x00, 0x00, 0x00, 0x00, 0x00,
    0x00, 0x00, 0x00, 0x00, 0x00, 0xc0, 0xe7, 0x1a, 0x00, 0x00, 0x00, 0x00, 0x00, 0x1a, 0xe7, 0xbe,
    0x00, 0x00, 0xff, 0xff, 0x43, 0x00, 0x00, 0x00, 0x00, 0x00, 0x43, 0xff, 0xff, 0x00, 0x00, 0xff,
    0xff, 0x44, 0x00, 0x00, 0x00, 0x00, 0x00, 0x44, 0xff, 0xff, 0x00, 0x00, 0xff, 0xff, 0x44, 0x00,
    0x00, 0x00, 0x00, 0x00, 0x44, 0xff, 0xff, 0x00, 0x00, 0xff, 0xff, 0x44, 0x00, 0x00, 0x00, 0x00,
    0x00, 0x44, 0xff, 0xff, 0x00, 0x00, 0xff, 0xff, 0x44, 0x00, 0x00, 0x00, 0x00, 0x00, 0x44, 0xff,
    0xff, 0x00, 0x00, 0xff, 0xff, 0x44, 0x00, 0x00, 0x00, 0x00, 0x00, 0x44, 0xff, 0xff, 0x00, 0x00,
    0xfe, 0xff, 0x44, 0x00, 0x00, 0x00, 0x00, 0x00, 0x44, 0xff, 0xfe, 0x00, 0x00, 0xf0, 0xff, 0x5c,
    0x00, 0x00, 0x00, 0x00, 0x00, 0x5d, 0xff, 0xea, 0x00, 0x00, 0xc3, 0xff, 0x99, 0x00, 0x00, 0x00,
    0x00, 0x00, 0x99, 0xff, 0xbf, 0x00, 0x00, 0x64, 0xff, 0xfb, 0x56, 0x00, 0x00, 0x00, 0x55, 0xfb,
    0xff, 0x5f, 0x00, 0x00, 0x01, 0xaa, 0xff, 0xff, 0xe1, 0xc1, 0xe0, 0xff, 0xff, 0xa8, 0x01, 0x00,
    0x00, 0x00, 0x01, 0x5d, 0xbd, 0xed, 0xfb, 0xe9, 0xbb, 0x5c, 0x00, 0x00, 0x00, 0x00, 0x00, 0x00,
    0x00, 0x00, 0x22, 0x70, 0x25, 0x00, 0x00, 0x00, 0x00, 0x00, 0x00, 0x00, 0x00, 0x00, 0x17, 0xe6,
    0xff, 0xec, 0x1d, 0x00, 0x00, 0x00, 0x00, 0x00, 0x00, 0x00, 0x01, 0xba, 0xed, 0x47, 0xe9, 0xc1,
    0x02, 0x00, 0x00, 0x00, 0x00, 0x00, 0x00, 0x1d, 0xe7, 0x3f, 0x00, 0x38, 0xe6, 0x2c, 0x00, 0x00,
    0x00, 0x00, 0x00, 0x00, 0x00, 0x00, 0x00, 0x00, 0x00, 0x00, 0x00, 0x00, 0x00, 0x00, 0x00, 0xc0,
    0xe7, 0x1a, 0x00, 0x00, 0x00, 0x00, 0x00, 0x1a, 0xe7, 0xbe, 0x00, 0x00, 0xff, 0xff, 0x43, 0x00,
    0x00, 0x00, 0x00, 0x00, 0x43, 0xff, 0xff, 0x00, 0x00, 0xff, 0xff, 0x44, 0x00, 0x00, 0x00, 0x00,
    0x00, 0x44, 0xff, 0xff, 0x00, 0x00, 0xff, 0xff, 0x44, 0x00, 0x00, 0x00, 0x00, 0x00, 0x44, 0xff,
    0xff, 0x00, 0x00, 0xff, 0xff, 0x44, 0x00, 0x00, 0x00, 0x00, 0x00, 0x44, 0xff, 0xff, 0x00, 0x00,
    0xff, 0xff, 0x44, 0x00, 0x00, 0x00, 0x00, 0x00, 0x44, 0xff, 0xff, 0x00, 0x00, 0xff, 0xff, 0x44,
    0x00, 0x00, 0x00, 0x00, 0x00, 0x44, 0xff, 0xff, 0x00, 0x00, 0xfe, 0xff, 0x46, 0x00, 0x00, 0x00,
    0x00, 0x00, 0x47, 0xff, 0xfe, 0x00, 0x00, 0xf0, 0xff, 0x63, 0x00, 0x00, 0x00, 0x00, 0x00, 0x64,
    0xff, 0xea, 0x00, 0x00, 0xc3, 0xff, 0xb6, 0x00, 0x00, 0x00, 0x00, 0x00, 0xb6, 0xff, 0xbf, 0x00,
    0x00, 0x64, 0xff, 0xff, 0x97, 0x24, 0x06, 0x23, 0x96, 0xff, 0xff, 0x5f, 0x00, 0x00, 0x01, 0xaa,
    0xff, 0xff, 0xff, 0xff, 0xff, 0xff, 0xff, 0xa8, 0x01, 0x00, 0x00, 0x00, 0x01, 0x5d, 0xbd, 0xed,
    0xfb, 0xe9, 0xbb, 0x5c, 0x00, 0x00, 0x00, 0x00, 0x00, 0x00, 0x11, 0x9c, 0x86, 0x00, 0x85, 0x9d,
    0x11, 0x00, 0x00, 0x00, 0x00, 0x00, 0x00, 0x23, 0xe6, 0xce, 0x00, 0xce, 0xe7, 0x23, 0x00, 0x00,
    0x00, 0x00, 0x00, 0x00, 0x00, 0x00, 0x00, 0x00, 0x00, 0x00, 0x00, 0x00, 0x00, 0x00, 0x00, 0xc0,
    0xe7, 0x1a, 0x00, 0x00, 0x00, 0x00, 0x00, 0x1a, 0xe7, 0xbe, 0x00, 0x00, 0xff, 0xff, 0x43, 0x00,
    0x00, 0x00, 0x00, 0x00, 0x43, 0xff, 0xff, 0x00, 0x00, 0xff, 0xff, 0x44, 0x00, 0x00, 0x00, 0x00,
    0x00, 0x44, 0xff, 0xff, 0x00, 0x00, 0xff, 0xff, 0x44, 0x00, 0x00, 0x00, 0x00, 0x00, 0x44, 0xff,
    0xff, 0x00, 0x00, 0xff, 0xff, 0x44, 0x00, 0x00, 0x00, 0x00, 0x00, 0x44, 0xff, 0xff, 0x00, 0x00,
    0xff, 0xff, 0x44, 0x00, 0x00, 0x00, 0x00, 0x00, 0x44, 0xff, 0xff, 0x00, 0x00, 0xff, 0xff, 0x44,
    0x00, 0x00, 0x00, 0x00, 0x00, 0x44, 0xff, 0xff, 0x00, 0x00, 0xfe, 0xff, 0x44, 0x00, 0x00, 0x00,
    0x00, 0x00, 0x44, 0xff, 0xfe, 0x00, 0x00, 0xf0, 0xff, 0x5c, 0x00, 0x00, 0x00, 0x00, 0x00, 0x5d,
    0xff, 0xea, 0x00, 0x00, 0xc3, 0xff, 0x99, 0x00, 0x00, 0x00, 0x00, 0x00, 0x99, 0xff, 0xbf, 0x00,
    0x00, 0x64, 0xff, 0xfb, 0x56, 0x00, 0x00, 0x00, 0x55, 0xfb, 0xff, 0x5f, 0x00, 0x00, 0x01, 0xaa,
    0xff, 0xff, 0xe1, 0xc1, 0xe0, 0xff, 0xff, 0xa8, 0x01, 0x00, 0x00, 0x00, 0x01, 0x5d, 0xbd, 0xed,
    0xfb, 0xe9, 0xbb, 0x5c, 0x00, 0x00, 0x00, 0x00, 0x00, 0x00, 0x00, 0x00, 0x00, 0x00, 0x0a, 0x64,
    0x0b, 0x00, 0x00, 0x00, 0x00, 0x00, 0x00, 0x00, 0x00, 0x00, 0xa0, 0xff, 0x4e, 0x00, 0x00, 0x00,
    0x00, 0x00, 0x00, 0x00, 0x00, 0x4d, 0xff, 0xa1, 0x01, 0x00, 0x00, 0x00, 0x00, 0x00, 0x00, 0x00,
    0x00, 0x97, 0xad, 0x04, 0x00, 0x00, 0x00, 0x00, 0x00, 0x00, 0x00, 0x00, 0x00, 0x00, 0x00, 0x00,
    0x00, 0x00, 0x00, 0x02, 0xce, 0xd0, 0x19, 0x00, 0x00, 0x00, 0x00, 0x00, 0x7d, 0xec, 0x53, 0x00,
    0xd7, 0xff, 0xbc, 0x01, 0x00, 0x00, 0x00, 0x4c, 0xff, 0xff, 0x44, 0x00, 0x38, 0xfb, 0xff, 0x71,
    0x00, 0x00, 0x1a, 0xeb, 0xff, 0x96, 0x00, 0x00, 0x00, 0x7e, 0xff, 0xf8, 0x2c, 0x02, 0xbd, 0xff,
    0xd3, 0x08, 0x00, 0x00, 0x00, 0x03, 0xc5, 0xff, 0xd0, 0x80, 0xff, 0xf7, 0x2b, 0x00, 0x00, 0x00,
    0x00, 0x00, 0x21, 0xf2, 0xff, 0xff, 0xff, 0x69, 0x00, 0x00, 0x00, 0x00, 0x00, 0x00, 0x00, 0x5e,
    0xff, 0xff, 0xc3, 0x00, 0x00, 0x00, 0x00, 0x00, 0x00, 0x00, 0x00, 0x00, 0xff, 0xff, 0x55, 0x00,
    0x00, 0x00, 0x00, 0x00, 0x00, 0x00, 0x00, 0x00, 0xff, 0xff, 0x44, 0x00, 0x00, 0x00, 0x00, 0x00,
    0x00, 0x00, 0x00, 0x00, 0xff, 0xff, 0x44, 0x00, 0x00, 0x00, 0x00, 0x00, 0x00, 0x00, 0x00, 0x00,
    0xff, 0xff, 0x44, 0x00, 0x00, 0x00, 0x00, 0x00, 0x00, 0x00, 0x00, 0x00, 0xff, 0xff, 0x43, 0x00,
    0x00, 0x00, 0x00, 0x00, 0x00, 0x00, 0x00, 0x00, 0xbd, 0xe8, 0x1a, 0x00, 0x00, 0x00, 0x00, 0x00,
    0xbb, 0xe8, 0x1b, 0x00, 0x00, 0x00, 0x00, 0x00, 0x00, 0x00, 0x00, 0x00, 0xff, 0xff, 0x43, 0x00,
    0x00, 0x00, 0x00, 0x00, 0x00, 0x00, 0x00, 0x00, 0xff, 0xff, 0xcb, 0xb8, 0xb8, 0xb6, 0xa4, 0x6b,
    0x0d, 0x00, 0x00, 0x00, 0xff, 0xff, 0xff, 0xff, 0xff, 0xff, 0xff, 0xff, 0xe0, 0x1f, 0x00, 0x00,
    0xff, 0xff, 0x44, 0x00, 0x00, 0x0a, 0x42, 0xe1, 0xff, 0xac, 0x00, 0x00, 0xff, 0xff, 0x44, 0x00,
    0x00, 0x00, 0x00, 0x63, 0xff, 0xf0, 0x00, 0x00, 0xff, 0xff, 0x44, 0x00, 0x00, 0x00, 0x00, 0x55,
    0xff, 0xf7, 0x00, 0x00, 0xff, 0xff, 0x44, 0x00, 0x00, 0x00, 0x0a, 0xba, 0xff, 0xc6, 0x00, 0x00,
    0xff, 0xff, 0xcb, 0xb8, 0xb8, 0xc1, 0xed, 0xff, 0xfb, 0x43, 0x00, 0x00, 0xff, 0xff, 0xff, 0xff,
    0xff, 0xfe, 0xed, 0xb4, 0x3a, 0x00, 0x00, 0x00, 0xff, 0xff, 0x44, 0x00, 0x00, 0x00, 0x00, 0x00,
    0x00, 0x00, 0x00, 0x00, 0xff, 0xff, 0x42, 0x00, 0x00, 0x00, 0x00, 0x00, 0x00, 0x00, 0x00, 0x00,
    0xbd, 0xe5, 0x16, 0x00, 0x00, 0x00, 0x00, 0x00, 0x00, 0x00, 0x00, 0x00, 0x00, 0x1a, 0x97, 0xe0,
    0xfa, 0xef, 0xb3, 0x30, 0x00, 0x00, 0x00, 0x00, 0x1b, 0xe6, 0xff, 0xef, 0xc2, 0xe7, 0xff, 0xef,
    0x10, 0x00, 0x00, 0x00, 0x9c, 0xff, 0xd0, 0x11, 0x00, 0x19, 0xff, 0xff, 0x3b, 0x00, 0x00, 0x00,
    0xe4, 0xff, 0x62, 0x00, 0x00, 0x48, 0xff, 0xf4, 0x11, 0x00, 0x00, 0x00, 0xfd, 0xff, 0x45, 0x00,
    0x35, 0xf0, 0xfb, 0x53, 0x00, 0x00, 0x00, 0x00, 0xff, 0xff, 0x44, 0x0c, 0xe8, 0xff, 0x5b, 0x00,
    0x00, 0x00, 0x00, 0x00, 0xff, 0xff, 0x44, 0x39, 0xff, 0xff, 0x21, 0x00, 0x00, 0x00, 0x00, 0x00,
    0xff, 0xff, 0x44, 0x0f, 0xea, 0xff, 0xf1, 0x9a, 0x36, 0x00, 0x00, 0x00, 0xff, 0xff, 0x44, 0x00,
    0x24, 0xaa, 0xf8, 0xff, 0xff, 0x8d, 0x00, 0x00, 0xff, 0xff, 0x44, 0x00, 0x00, 0x00, 0x0e, 0x68,
    0xf7, 0xff, 0x24, 0x00, 0xff, 0xff, 0x44, 0x2e, 0x4d, 0x04, 0x00, 0x01, 0xd4, 0xff, 0x36, 0x00,
    0xff, 0xff, 0x43, 0xa1, 0xff, 0xea, 0xc2, 0xd8, 0xff, 0xdb, 0x05, 0x00, 0xc1, 0xe7, 0x1a, 0x13,
    0x81, 0xd3, 0xf5, 0xee, 0xaa, 0x1f, 0x00, 0x00, 0x00, 0x05, 0x1a, 0x00, 0x00, 0x00, 0x00, 0x00,
    0x00, 0x00, 0x00, 0x95, 0xf6, 0x25, 0x00, 0x00, 0x00, 0x00, 0x00, 0x00, 0x00, 0x4c, 0xff, 0xa1,
    0x00, 0x00, 0x00, 0x00, 0x00, 0x00, 0x00, 0x00, 0x9e, 0xfc, 0x25, 0x00, 0x00, 0x00, 0x00, 0x00,
    0x00, 0x00, 0x0d, 0xcf, 0x4e, 0x00, 0x00, 0x00, 0x00, 0x00, 0x00, 0x00, 0x00, 0x00, 0x00, 0x00,
    0x00, 0x00, 0x00, 0x00, 0x07, 0x73, 0xc1, 0xec, 0xf8, 0xd8, 0x79, 0x03, 0x00, 0x00, 0x62, 0xff,
    0xf3, 0xc7, 0xc8, 0xfe, 0xff, 0x7c, 0x00, 0x00, 0x0f, 0x49, 0x09, 0x00, 0x00, 0x75, 0xff, 0xdd,
    0x00, 0x00, 0x00, 0x36, 0x7f, 0xa3, 0xb1, 0xfd, 0xff, 0xfb, 0x00, 0x00, 0x7c, 0xff, 0xff, 0xff,
    0xff, 0xff, 0xff, 0xff, 0x00, 0x00, 0xed, 0xff, 0x95, 0x1a, 0x04, 0x4d, 0xff, 0xff, 0x00, 0x00,
    0xf0, 0xff, 0x67, 0x00, 0x05, 0xb8, 0xff, 0xff, 0x00, 0x00, 0x92, 0xff, 0xfb, 0xc4, 0xe6, 0xe2,
    0xff, 0xff, 0x00, 0x00, 0x06, 0x8a, 0xe8, 0xf0, 0xae, 0x30, 0xe7, 0xc1, 0x00, 0x00, 0x00, 0x00,
    0x00, 0x00, 0x00, 0x18, 0x07, 0x00, 0x00, 0x00, 0x00, 0x00, 0x00, 0x00, 0x1b, 0xf2, 0xa4, 0x00,
    0x00, 0x00, 0x00, 0x00, 0x00, 0x00, 0x96, 0xff, 0x5b, 0x00, 0x00, 0x00, 0x00, 0x00, 0x00, 0x1e,
    0xf9, 0xad, 0x00, 0x00, 0x00, 0x00, 0x00, 0x00, 0x00, 0x44, 0xd6, 0x14, 0x00, 0x00, 0x00, 0x00,
    0x00, 0x00, 0x00, 0x00, 0x00, 0x00, 0x00, 0x00, 0x00, 0x00, 0x07, 0x73, 0xc1, 0xec, 0xf8, 0xd8,
    0x79, 0x03, 0x00, 0x00, 0x62, 0xff, 0xf3, 0xc7, 0xc8, 0xfe, 0xff, 0x7c, 0x00, 0x00, 0x0f, 0x49,
    0x09, 0x00, 0x00, 0x75, 0xff, 0xdd, 0x00, 0x00, 0x00, 0x36, 0x7f, 0xa3, 0xb1, 0xfd, 0xff, 0xfb,
    0x00, 0x00, 0x7c, 0xff, 0xff, 0xff, 0xff, 0xff, 0xff, 0xff, 0x00, 0x00, 0xed, 0xff, 0x95, 0x1a,
    0x04, 0x4d, 0xff, 0xff, 0x00, 0x00, 0xf0, 0xff, 0x67, 0x00, 0x05, 0xb8, 0xff, 0xff, 0x00, 0x00,
    0x92, 0xff, 0xfb, 0xc4, 0xe6, 0xe2, 0xff, 0xff, 0x00, 0x00, 0x06, 0x8a, 0xe8, 0xf0, 0xae, 0x30,
    0xe7, 0xc1, 0x00, 0x00, 0x00, 0x00, 0x00, 0x08, 0x1d, 0x00, 0x00, 0x00, 0x00, 0x00, 0x00, 0x00,
    0x0b, 0xd8, 0xff, 0x61, 0x00, 0x00, 0x00, 0x00, 0x00, 0x00, 0x7f, 0xfb, 0xc8, 0xec, 0x0f, 0x00,
    0x00, 0x00, 0x00, 0x16, 0xf3, 0x86, 0x1b, 0xf1, 0x86, 0x00, 0x00, 0x00, 0x00, 0x4a, 0xcb, 0x08,
    0x00, 0x60, 0xb7, 0x00, 0x00, 0x00, 0x00, 0x00, 0x00, 0x00, 0x00, 0x00, 0x00, 0x00, 0x00, 0x00,
    0x07, 0x73, 0xc1, 0xec, 0xf8, 0xd8, 0x79, 0x03, 0x00, 0x00, 0x62, 0xff, 0xf3, 0xc7, 0xc8, 0xfe,
    0xff, 0x7c, 0x00, 0x00, 0x0f, 0x49, 0x09, 0x00, 0x00, 0x75, 0xff, 0xdd, 0x00, 0x00, 0x00, 0x36,
    0x7f, 0xa3, 0xb1, 0xfd, 0xff, 0xfb, 0x00, 0x00, 0x7c, 0xff, 0xff, 0xff, 0xff, 0xff, 0xff, 0xff,
    0x00, 0x00, 0xed, 0xff, 0x95, 0x1a, 0x04, 0x4d, 0xff, 0xff, 0x00, 0x00, 0xf0, 0xff, 0x67, 0x00,
    0x05, 0xb8, 0xff, 0xff, 0x00, 0x00, 0x92, 0xff, 0xfb, 0xc4, 0xe6, 0xe2, 0xff, 0xff, 0x00, 0x00,
    0x06, 0x8a, 0xe8, 0xf0, 0xae, 0x30, 0xe7, 0xc1, 0x00, 0x00, 0x00, 0x58, 0xc3, 0x94, 0x11, 0x00,
    0xaa, 0x54, 0x00, 0x00, 0x23, 0xfb, 0xbd, 0xe7, 0xe7, 0xb9, 0xfc, 0x28, 0x00, 0x00, 0x4d, 0xb6,
    0x00, 0x0f, 0x93, 0xc9, 0x5f, 0x00, 0x00, 0x00, 0x00, 0x00, 0x00, 0x00, 0x00, 0x00, 0x00, 0x00,
    0x00, 0x00, 0x07, 0x73, 0xc1, 0xec, 0xf8, 0xd8, 0x79, 0x03, 0x00, 0x00, 0x62, 0xff, 0xf3, 0xc7,
    0xc8, 0xfe, 0xff, 0x7c, 0x00, 0x00, 0x0f, 0x49, 0x09, 0x00, 0x00, 0x75, 0xff, 0xdd, 0x00, 0x00,
    0x00, 0x36, 0x7f, 0xa3, 0xb1, 0xfd, 0xff, 0xfb, 0x00, 0x00, 0x7c, 0xff, 0xff, 0xff, 0xff, 0xff,
    0xff, 0xff, 0x00, 0x00, 0xed, 0xff, 0x95, 0x1a, 0x04, 0x4d, 0xff, 0xff, 0x00, 0x00, 0xf0, 0xff,
    0x67, 0x00, 0x05, 0xb8, 0xff, 0xff, 0x00, 0x00, 0x92, 0xff, 0xfb, 0xc4, 0xe6, 0xe2, 0xff, 0xff,
    0x00, 0x00, 0x06, 0x8a, 0xe8, 0xf0, 0xae, 0x30, 0xe7, 0xc1, 0x00, 0x00, 0x00, 0x23, 0xe4, 0xc4,
    0x23, 0xec, 0xc5, 0x00, 0x00, 0x00, 0x00, 0x11, 0x9e, 0x80, 0x11, 0xa5, 0x80, 0x00, 0x00, 0x00,
    0x00, 0x00, 0x00, 0x00, 0x00, 0x00, 0x00, 0x00, 0x00, 0x00, 0x00, 0x00, 0x00, 0x00, 0x00, 0x00,
    0x00, 0x00, 0x00, 0x00, 0x03, 0x69, 0xbd, 0xea, 0xf8, 0xda, 0x7a, 0x03, 0x00, 0x00, 0x4a, 0xff,
    0xf5, 0xc9, 0xc7, 0xfd, 0xff, 0x7c, 0x00, 0x00, 0x09, 0x4b, 0x0b, 0x00, 0x00, 0x75, 0xff, 0xdd,
    0x00, 0x00, 0x00, 0x36, 0x7f, 0xa3, 0xb1, 0xfd, 0xff, 0xfb, 0x00, 0x00, 0x7c, 0xff, 0xff, 0xff,
    0xff, 0xff, 0xff, 0xff, 0x00, 0x00, 0xed, 0xff, 0x95, 0x1a, 0x04, 0x4d, 0xff, 0xff, 0x00, 0x00,
    0xf0, 0xff, 0x67, 0x00, 0x05, 0xb8, 0xff, 0xff, 0x00, 0x00, 0x92, 0xff, 0xfb, 0xc4, 0xe6, 0xe2,
    0xff, 0xff, 0x00, 0x00, 0x06, 0x8a, 0xe8, 0xf0, 0xae, 0x30, 0xe7, 0xc1, 0x00, 0x00, 0x00, 0x00,
    0x4c, 0xe8, 0xe8, 0x4a, 0x00, 0x00, 0x00, 0x00, 0x00, 0x00, 0xe1, 0x38, 0x37, 0xe8, 0x00, 0x00,
    0x00, 0x00, 0x00, 0x00, 0xe0, 0x38, 0x38, 0xe7, 0x00, 0x00, 0x00, 0x00, 0x00, 0x00, 0x4a, 0xe8,
    0xe9, 0x49, 0x00, 0x00, 0x00, 0x00, 0x00, 0x00, 0x00, 0x00, 0x00, 0x00, 0x00, 0x00, 0x00, 0x00,
    0x07, 0x73, 0xc1, 0xec, 0xf8, 0xd8, 0x79, 0x03, 0x00, 0x00, 0x62, 0xff, 0xf3, 0xc7, 0xc8, 0xfe,
    0xff, 0x7c, 0x00, 0x00, 0x0f, 0x49, 0x09, 0x00, 0x00, 0x75, 0xff, 0xdd, 0x00, 0x00, 0x00, 0x3a,
    0x82, 0xa6, 0xb2, 0xe0, 0xff, 0xfb, 0x00, 0x00, 0x7d, 0xff, 0xff, 0xff, 0xff, 0xff, 0xff, 0xff,
    0x00, 0x00, 0xed, 0xff, 0x99, 0x18, 0x03, 0x4d, 0xff, 0xff, 0x00, 0x00, 0xf0, 0xff, 0x67, 0x00,
    0x05, 0xb8, 0xff, 0xff, 0x00, 0x00, 0x92, 0xff, 0xfb, 0xc4, 0xe6, 0xe2, 0xff, 0xff, 0x00, 0x00,
    0x06, 0x8a, 0xe8, 0xf0, 0xae, 0x30, 0xe7, 0xc1, 0x00, 0x00, 0x06, 0x70, 0xc0, 0xec, 0xf7, 0xd0,
    0x5a, 0x1c, 0xa1, 0xe9, 0xf8, 0xcc, 0x57, 0x00, 0x00, 0x00, 0x5e, 0xff, 0xf4, 0xc8, 0xc8, 0xfe,
    0xff, 0xff, 0xff, 0xd4, 0xcd, 0xfc, 0xff, 0x5b, 0x00, 0x00, 0x0e, 0x4a, 0x0a, 0x00, 0x00, 0x76,
    0xff, 0xff, 0x88, 0x00, 0x00, 0x5e, 0xff, 0xe6, 0x04, 0x00, 0x00, 0x36, 0x7e, 0xa3, 0xb0, 0xfa,
    0xff, 0xff, 0xdc, 0xb8, 0xb8, 0xc3, 0xff, 0xff, 0x30, 0x00, 0x7c, 0xff, 0xff, 0xff, 0xff, 0xff,
    0xff, 0xff, 0xff, 0xff, 0xff, 0xff, 0xff, 0xf5, 0x2c, 0x00, 0xed, 0xff, 0x95, 0x1a, 0x04, 0x4f,
    0xff, 0xff, 0x25, 0x00, 0x00, 0x00, 0x00, 0x00, 0x00, 0x00, 0xef, 0xff, 0x67, 0x00, 0x05, 0xbd,
    0xff, 0xff, 0xa6, 0x06, 0x00, 0x00, 0x23, 0x53, 0x00, 0x00, 0x8e, 0xff, 0xfb, 0xc3, 0xde, 0xff,
    0x6a, 0xdd, 0xff, 0xe9, 0xc1, 0xd2, 0xff, 0xfa, 0x0e, 0x00, 0x04, 0x80, 0xe1, 0xf8, 0xd5, 0x5f,
    0x00, 0x15, 0x92, 0xdf, 0xf8, 0xe4, 0xa8, 0x37, 0x00, 0x00, 0x00, 0x1d, 0x9c, 0xe5, 0xf9, 0xdc,
    0x8c, 0x13, 0x00, 0x1f, 0xe9, 0xff, 0xf3, 0xc5, 0xdf, 0xff, 0x76, 0x00, 0xa2, 0xff, 0xd9, 0x18,
    0x00, 0x00, 0x36, 0x0c, 0x00, 0xe8, 0xff, 0x68, 0x00, 0x00, 0x00, 0x00, 0x00, 0x00, 0xfa, 0xff,
    0x4c, 0x00, 0x00, 0x00, 0x00, 0x00, 0x00, 0xe1, 0xff, 0x6e, 0x00, 0x00, 0x00, 0x00, 0x00, 0x00,
    0x94, 0xff, 0xde, 0x1b, 0x00, 0x00, 0x30, 0x07, 0x00, 0x15, 0xe1, 0xff, 0xf4, 0xc5, 0xdc, 0xff,
    0x67, 0x00, 0x00, 0x15, 0x95, 0xff, 0xff, 0xde, 0x8c, 0x10, 0x00, 0x00, 0x00, 0x00, 0x75, 0xff,
    0x72, 0x09, 0x00, 0x00, 0x00, 0x00, 0x03, 0x4d, 0x86, 0xf8, 0x6d, 0x00, 0x00, 0x00, 0x00, 0x49,
    0xf9, 0xf8, 0xe3, 0x2a, 0x00, 0x00, 0x00, 0x00, 0x00, 0x0b, 0x19, 0x02, 0x00, 0x00, 0x00, 0x00,
    0x02, 0x1c, 0x00, 0x00, 0x00, 0x00, 0x00, 0x00, 0x00, 0x00, 0x00, 0x7d, 0xfb, 0x37, 0x00, 0x00,
    0x00, 0x00, 0x00, 0x00, 0x00, 0x00, 0x3a, 0xfd, 0xb9, 0x00, 0x00, 0x00, 0x00, 0x00, 0x00, 0x00,
    0x00, 0x00, 0x87, 0xff, 0x39, 0x00, 0x00, 0x00, 0x00, 0x00, 0x00, 0x00, 0x00, 0x06, 0xc1, 0x62,
    0x00, 0x00, 0x00, 0x00, 0x00, 0x00, 0x00, 0x00, 0x00, 0x00, 0x00, 0x00, 0x00, 0x00, 0x00, 0x00,
    0x00, 0x00, 0x06, 0x77, 0xd2, 0xf5, 0xf1, 0xbc, 0x43, 0x00, 0x00, 0x00, 0x0a, 0xca, 0xff, 0xf5,
    0xc2, 0xdc, 0xff, 0xfd, 0x58, 0x00, 0x00, 0x87, 0xff, 0xd7, 0x16, 0x00, 0x00, 0x6f, 0xff, 0xe8,
    0x03, 0x00, 0xde, 0xff, 0xff, 0xb8, 0xb8, 0xb8, 0xbe, 0xff, 0xff, 0x2f, 0x00, 0xf8, 0xff, 0xff,
    0xff, 0xff, 0xff, 0xff, 0xff, 0xf1, 0x27, 0x00, 0xdf, 0xff, 0x6b, 0x00, 0x00, 0x00, 0x00, 0x00,
    0x00, 0x00, 0x00, 0x89, 0xff, 0xdd, 0x1e, 0x00, 0x00, 0x0c, 0x53, 0x16, 0x00, 0x00, 0x0c, 0xcd,
    0xff, 0xf7, 0xc9, 0xc5, 0xf4, 0xff, 0x64, 0x00, 0x00, 0x00, 0x08, 0x7a, 0xd1, 0xf4, 0xf0, 0xc5,
    0x65, 0x02, 0x00, 0x00, 0x00, 0x00, 0x00, 0x00, 0x00, 0x14, 0x0b, 0x00, 0x00, 0x00, 0x00, 0x00,
    0x00, 0x00, 0x00, 0x0d, 0xe7, 0xbb, 0x00, 0x00, 0x00, 0x00, 0x00, 0x00, 0x00, 0x00, 0x7e, 0xff,
    0x72, 0x00, 0x00, 0x00, 0x00, 0x00, 0x00, 0x00, 0x10, 0xf0, 0xc1, 0x02, 0x00, 0x00, 0x00, 0x00,
    0x00, 0x00, 0x00, 0x2f, 0xdc, 0x20, 0x00, 0x00, 0x00, 0x00, 0x00, 0x00, 0x00, 0x00, 0x00, 0x00,
    0x00, 0x00, 0x00, 0x00, 0x00, 0x00, 0x00, 0x06, 0x77, 0xd2, 0xf5, 0xf1, 0xbc, 0x43, 0x00, 0x00,
    0x00, 0x0a, 0xca, 0xff, 0xf5, 0xc2, 0xdc, 0xff, 0xfd, 0x58, 0x00, 0x00, 0x87, 0xff, 0xd7, 0x16,
    0x00, 0x00, 0x6f, 0xff, 0xe8, 0x03, 0x00, 0xde, 0xff, 0xff, 0xb8, 0xb8, 0xb8, 0xbe, 0xff, 0xff,
    0x2f, 0x00, 0xf8, 0xff, 0xff, 0xff, 0xff, 0xff, 0xff, 0xff, 0xf1, 0x27, 0x00, 0xdf, 0xff, 0x6b,
    0x00, 0x00, 0x00, 0x00, 0x00, 0x00, 0x00, 0x00, 0x89, 0xff, 0xdd, 0x1e, 0x00, 0x00, 0x0c, 0x53,
    0x16, 0x00, 0x00, 0x0c, 0xcd, 0xff, 0xf7, 0xc9, 0xc5, 0xf4, 0xff, 0x64, 0x00, 0x00, 0x00, 0x08,
    0x7a, 0xd1, 0xf4, 0xf0, 0xc5, 0x65, 0x02, 0x00, 0x00, 0x00, 0x00, 0x00, 0x00, 0x1f, 0x06, 0x00,
    0x00, 0x00, 0x00, 0x00, 0x00, 0x00, 0x00, 0x6d, 0xff, 0xd1, 0x08, 0x00, 0x00, 0x00, 0x00, 0x00,
    0x00, 0x14, 0xf1, 0xc5, 0xfe, 0x74, 0x00, 0x00, 0x00, 0x00, 0x00, 0x00, 0x92, 0xeb, 0x13, 0x97,
    0xed, 0x10, 0x00, 0x00, 0x00, 0x00, 0x00, 0xc9, 0x55, 0x00, 0x0f, 0xd3, 0x38, 0x00, 0x00, 0x00,
    0x00, 0x00, 0x00, 0x00, 0x00, 0x00, 0x00, 0x00, 0x00, 0x00, 0x00, 0x00, 0x06, 0x77, 0xd2, 0xf5,
    0xf1, 0xbc, 0x43, 0x00, 0x00, 0x00, 0x0a, 0xca, 0xff, 0xf5, 0xc2, 0xdc, 0xff, 0xfd, 0x58, 0x00,
    0x00, 0x87, 0xff, 0xd7, 0x16, 0x00, 0x00, 0x6f, 0xff, 0xe8, 0x03, 0x00, 0xde, 0xff, 0xff, 0xb8,
    0xb8, 0xb8, 0xbe, 0xff, 0xff, 0x2f, 0x00, 0xf8, 0xff, 0xff, 0xff, 0xff, 0xff, 0xff, 0xff, 0xf1,
    0x27, 0x00, 0xdf, 0xff, 0x6b, 0x00, 0x00, 0x00, 0x00, 0x00, 0x00, 0x00, 0x00, 0x89, 0xff, 0xdd,
    0x1e, 0x00, 0x00, 0x0c, 0x53, 0x16, 0x00, 0x00, 0x0c, 0xcd, 0xff, 0xf7, 0xc9, 0xc5, 0xf4, 0xff,
    0x64, 0x00, 0x00, 0x00, 0x08, 0x7a, 0xd1, 0xf4, 0xf0, 0xc5, 0x65, 0x02, 0x00, 0x00, 0x00, 0x23,
    0xe4, 0xc5, 0x00, 0xcc, 0xe5, 0x23, 0x00, 0x00, 0x00, 0x00, 0x11, 0x9d, 0x80, 0x00, 0x87, 0x9f,
    0x11, 0x00, 0x00, 0x00, 0x00, 0x00, 0x00, 0x00, 0x00, 0x00, 0x00, 0x00, 0x00, 0x00, 0x00, 0x00,
    0x00, 0x00, 0x00, 0x00, 0x00, 0x00, 0x00, 0x00, 0x00, 0x00, 0x00, 0x06, 0x77, 0xd2, 0xf5, 0xf1,
    0xbc, 0x43, 0x00, 0x00, 0x00, 0x0a, 0xca, 0xff, 0xf5, 0xc2, 0xdc, 0xff, 0xfd, 0x58, 0x00, 0x00,
    0x87, 0xff, 0xd7, 0x16, 0x00, 0x00, 0x6f, 0xff, 0xe8, 0x03, 0x00, 0xde, 0xff, 0xff, 0xb8, 0xb8,
    0xb8, 0xbe, 0xff, 0xff, 0x2f, 0x00, 0xf8, 0xff, 0xff, 0xff, 0xff, 0xff, 0xff, 0xff, 0xf1, 0x27,
    0x00, 0xdf, 0xff, 0x6b, 0x00, 0x00, 0x00, 0x00, 0x00, 0x00, 0x00, 0x00, 0x89, 0xff, 0xdd, 0x1e,
    0x00, 0x00, 0x0c, 0x53, 0x16, 0x00, 0x00, 0x0c, 0xcd, 0xff, 0xf7, 0xc9, 0xc5, 0xf4, 0xff, 0x64,
    0x00, 0x00, 0x00, 0x08, 0x7a, 0xd1, 0xf4, 0xf0, 0xc5, 0x65, 0x02, 0x00, 0x00, 0x1f, 0x00, 0x00,
    0x00, 0x00, 0x51, 0xff, 0x60, 0x00, 0x00, 0x00, 0x19, 0xee, 0xdf, 0x05, 0x00, 0x00, 0x00, 0x5a,
    0xff, 0x65, 0x00, 0x00, 0x00, 0x00, 0x9e, 0x8d, 0x00, 0x00, 0x00, 0x00, 0x00, 0x00, 0x00, 0x00,
    0x00, 0x00, 0xbe, 0xe5, 0x18, 0x00, 0x00, 0x00, 0xff, 0xff, 0x43, 0x00, 0x00, 0x00, 0xff, 0xff,
    0x44, 0x00, 0x00, 0x00, 0xff, 0xff, 0x44, 0x00, 0x00, 0x00, 0xff, 0xff, 0x44, 0x00, 0x00, 0x00,
    0xff, 0xff, 0x44, 0x00, 0x00, 0x00, 0xff, 0xff, 0x44, 0x00, 0x00, 0x00, 0xff, 0xff, 0x43, 0x00,
    0x00, 0x00, 0xbe, 0xe6, 0x18, 0x00, 0x00, 0x00, 0x00, 0x0d, 0x12, 0x00, 0x00, 0x00, 0x01, 0xc8,
    0xe7, 0x00, 0x00, 0x00, 0x52, 0xff, 0x9e, 0x00, 0x00, 0x01, 0xd3, 0xe0, 0x0e, 0x00, 0x00, 0x0f,
    0xde, 0x3e, 0x00, 0x00, 0x00, 0x00, 0x00, 0x00, 0x00, 0x00, 0x00, 0xbe, 0xe5, 0x18, 0x00, 0x00,
    0x00, 0xff, 0xff, 0x43, 0x00, 0x00, 0x00, 0xff, 0xff, 0x44, 0x00, 0x00, 0x00, 0xff, 0xff, 0x44,
    0x00, 0x00, 0x00, 0xff, 0xff, 0x44, 0x00, 0x00, 0x00, 0xff, 0xff, 0x44, 0x00, 0x00, 0x00, 0xff,
    0xff, 0x44, 0x00, 0x00, 0x00, 0xff, 0xff, 0x43, 0x00, 0x00, 0x00, 0xbe, 0xe6, 0x18, 0x00, 0x00,
    0x00, 0x00, 0x0a, 0x15, 0x00, 0x00, 0x00, 0x18, 0xe7, 0xfc, 0x47, 0x00, 0x00, 0x9b, 0xf2, 0xd1,
    0xdb, 0x05, 0x29, 0xfc, 0x6a, 0x2e, 0xfa, 0x6a, 0x63, 0xb8, 0x02, 0x00, 0x7b, 0x9d, 0x00, 0x00,
    0x00, 0x00, 0x00, 0x00, 0x00, 0x00, 0xbe, 0xe5, 0x18, 0x00, 0x00, 0x00, 0xff, 0xff, 0x43, 0x00,
    0x00, 0x00, 0xff, 0xff, 0x44, 0x00, 0x00, 0x00, 0xff, 0xff, 0x44, 0x00, 0x00, 0x00, 0xff, 0xff,
    0x44, 0x00, 0x00, 0x00, 0xff, 0xff, 0x44, 0x00, 0x00, 0x00, 0xff, 0xff, 0x44, 0x00, 0x00, 0x00,
    0xff, 0xff, 0x43, 0x00, 0x00, 0x00, 0xbe, 0xe6, 0x18, 0x00, 0xc4, 0xec, 0x23, 0x23, 0xec, 0xc5,
    0x80, 0xa5, 0x11, 0x11, 0xa5, 0x80, 0x00, 0x00, 0x00, 0x00, 0x00, 0x00, 0x00, 0x00, 0x00, 0x00,
    0x00, 0x00, 0x00, 0x19, 0xe7, 0xbb, 0x00, 0x00, 0x00, 0x43, 0xff, 0xff, 0x00, 0x00, 0x00, 0x44,
    0xff, 0xff, 0x00, 0x00, 0x00, 0x44, 0xff, 0xff, 0x00, 0x00, 0x00, 0x44, 0xff, 0xff, 0x00, 0x00,
    0x00, 0x44, 0xff, 0xff, 0x00, 0x00, 0x00, 0x44, 0xff, 0xff, 0x00, 0x00, 0x00, 0x43, 0xff, 0xff,
    0x00, 0x00, 0x00, 0x19, 0xe7, 0xbb, 0x00, 0x00, 0x00, 0x00, 0x02, 0x21, 0x00, 0x00, 0x00, 0x00,
    0x0f, 0x00, 0x00, 0x00, 0x51, 0xff, 0xdf, 0x7e, 0x53, 0xb9, 0xfe, 0x35, 0x00, 0x00, 0x08, 0x70,
    0xff, 0xff, 0xff, 0xe8, 0x61, 0x02, 0x00, 0x00, 0x5a, 0xe6, 0xff, 0xc9, 0xfb, 0xf2, 0x2e, 0x00,
    0x00, 0x00, 0x78, 0xa0, 0x30, 0x00, 0x5c, 0xff, 0xdf, 0x08, 0x00, 0x00, 0x00, 0x00, 0x00, 0x00,
    0x00, 0xb3, 0xff, 0x66, 0x00, 0x00, 0x27, 0xa8, 0xeb, 0xf1, 0xc4, 0x90, 0xff, 0xba, 0x00, 0x2f,
    0xf3, 0xff, 0xe3, 0xb8, 0xe4, 0xff, 0xff, 0xeb, 0x00, 0xb8, 0xff, 0xc4, 0x09, 0x00, 0x08, 0xc0,
    0xff, 0xfb, 0x00, 0xf1, 0xff, 0x53, 0x00, 0x00, 0x00, 0x56, 0xff, 0xee, 0x00, 0xf0, 0xff, 0x58,
    0x00, 0x00, 0x00, 0x56, 0xff, 0xc2, 0x00, 0xb0, 0xff, 0xc2, 0x0a, 0x00, 0x08, 0xc0, 0xff, 0x69,
    0x00, 0x27, 0xef, 0xff, 0xea, 0xc0, 0xe8, 0xff, 0xc3, 0x04, 0x00, 0x00, 0x21, 0xa3, 0xe8, 0xf9,
    0xdc, 0x83, 0x0a, 0x00, 0x00, 0x00, 0x2d, 0xb9, 0xaf, 0x2b, 0x00, 0x69, 0x97, 0x00, 0x00, 0x00,
    0x00, 0xd9, 0xd3, 0xd2, 0xf7, 0xb4, 0xf4, 0x6c, 0x00, 0x00, 0x00, 0x12, 0xdd, 0x13, 0x02, 0x6f,
    0xc7, 0x91, 0x02, 0x00, 0x00, 0x00, 0x00, 0x00, 0x00, 0x00, 0x00, 0x00, 0x00, 0x00, 0x00, 0x00,
    0x00, 0xbf, 0xe7, 0x27, 0x96, 0xe9, 0xf6, 0xc2, 0x2a, 0x00, 0x00, 0x00, 0xff, 0xff, 0xf4, 0xe9,
    0xc3, 0xf5, 0xff, 0xd7, 0x00, 0x00, 0x00, 0xff, 0xff, 0xc8, 0x0a, 0x00, 0x42, 0xff, 0xff, 0x28,
    0x00, 0x00, 0xff, 0xff, 0x57, 0x00, 0x00, 0x06, 0xff, 0xff, 0x40, 0x00, 0x00, 0xff, 0xff, 0x44,
    0x00, 0x00, 0x00, 0xff, 0xff, 0x44, 0x00, 0x00, 0xff, 0xff, 0x44, 0x00, 0x00, 0x00, 0xff, 0xff,
    0x44, 0x00, 0x00, 0xff, 0xff, 0x44, 0x00, 0x00, 0x00, 0xff, 0xff, 0x44, 0x00, 0x00, 0xff, 0xff,
    0x43, 0x00, 0x00, 0x00, 0xff, 0xff, 0x43, 0x00, 0x00, 0xc1, 0xe8, 0x1b, 0x00, 0x00, 0x00, 0xbe,
    0xea, 0x1c, 0x00, 0x00, 0x00, 0x00, 0x1e, 0x00, 0x00, 0x00, 0x00, 0x00, 0x00, 0x00, 0x00, 0x6d,
    0xfe, 0x46, 0x00, 0x00, 0x00, 0x00, 0x00, 0x00, 0x00, 0x2b, 0xf8, 0xca, 0x00, 0x00, 0x00, 0x00,
    0x00, 0x00, 0x00, 0x00, 0x73, 0xff, 0x4d, 0x00, 0x00, 0x00, 0x00, 0x00, 0x00, 0x00, 0x02, 0xb3,
    0x74, 0x00, 0x00, 0x00, 0x00, 0x00, 0x00, 0x00, 0x00, 0x00, 0x00, 0x00, 0x00, 0x00, 0x00, 0x00,
    0x00, 0x1a, 0x9a, 0xe4, 0xf9, 0xe1, 0x92, 0x13, 0x00, 0x00, 0x1a, 0xe4, 0xff, 0xec, 0xc2, 0xee,
    0xff, 0xe0, 0x14, 0x00, 0x9b, 0xff, 0xd1, 0x0e, 0x00, 0x12, 0xd5, 0xff, 0x95, 0x00, 0xe6, 0xff,
    0x64, 0x00, 0x00, 0x00, 0x68, 0xff, 0xe2, 0x00, 0xfa, 0xff, 0x4a, 0x00, 0x00, 0x00, 0x4a, 0xff,
    0xf9, 0x00, 0xe2, 0xff, 0x69, 0x00, 0x00, 0x00, 0x66, 0xff, 0xe3, 0x00, 0x97, 0xff, 0xd5, 0x12,
    0x00, 0x10, 0xd3, 0xff, 0x96, 0x00, 0x16, 0xe2, 0xff, 0xee, 0xc2, 0xed, 0xff, 0xe2, 0x18, 0x00,
    0x00, 0x17, 0x98, 0xe3, 0xfa, 0xe4, 0x98, 0x18, 0x00, 0x00, 0x00, 0x00, 0x00, 0x00, 0x00, 0x11,
    0x0e, 0x00, 0x00, 0x00, 0x00, 0x00, 0x00, 0x00, 0x07, 0xdd, 0xcd, 0x00, 0x00, 0x00, 0x00, 0x00,
    0x00, 0x00, 0x6c, 0xff, 0x86, 0x00, 0x00, 0x00, 0x00, 0x00, 0x00, 0x08, 0xe5, 0xd0, 0x06, 0x00,
    0x00, 0x00, 0x00, 0x00, 0x00, 0x20, 0xdf, 0x2d, 0x00, 0x00, 0x00, 0x00, 0x00, 0x00, 0x00, 0x00,
    0x00, 0x00, 0x00, 0x00, 0x00, 0x00, 0x00, 0x1a, 0x9a, 0xe4, 0xf9, 0xe1, 0x92, 0x13, 0x00, 0x00,
    0x1a, 0xe4, 0xff, 0xec, 0xc2, 0xee, 0xff, 0xe0, 0x14, 0x00, 0x9b, 0xff, 0xd1, 0x0e, 0x00, 0x12,
    0xd5, 0xff, 0x95, 0x00, 0xe6, 0xff, 0x64, 0x00, 0x00, 0x00, 0x68, 0xff, 0xe2, 0x00, 0xfa, 0xff,
    0x4a, 0x00, 0x00, 0x00, 0x4a, 0xff, 0xf9, 0x00, 0xe2, 0xff, 0x69, 0x00, 0x00, 0x00, 0x66, 0xff,
    0xe3, 0x00, 0x97, 0xff, 0xd5, 0x12, 0x00, 0x10, 0xd3, 0xff, 0x96, 0x00, 0x16, 0xe2, 0xff, 0xee,
    0xc2, 0xed, 0xff, 0xe2, 0x18, 0x00, 0x00, 0x17, 0x98, 0xe3, 0xfa, 0xe4, 0x98, 0x18, 0x00, 0x00,
    0x00, 0x00, 0x00, 0x01, 0x22, 0x01, 0x00, 0x00, 0x00, 0x00, 0x00, 0x00, 0x00, 0xa3, 0xff, 0xa5,
    0x00, 0x00, 0x00, 0x00, 0x00, 0x00, 0x3e, 0xff, 0xc3, 0xff, 0x3e, 0x00, 0x00, 0x00, 0x00, 0x00,
    0xc9, 0xc6, 0x04, 0xc8, 0xc6, 0x00, 0x00, 0x00, 0x00, 0x11, 0xde, 0x2a, 0x00, 0x2d, 0xde, 0x12,
    0x00, 0x00, 0x00, 0x00, 0x00, 0x00, 0x00, 0x00, 0x00, 0x00, 0x00, 0x00, 0x00, 0x1a, 0x9a, 0xe4,
    0xf9, 0xe1, 0x92, 0x13, 0x00, 0x00, 0x1a, 0xe4, 0xff, 0xec, 0xc2, 0xee, 0xff, 0xe0, 0x14, 0x00,
    0x9b, 0xff, 0xd1, 0x0e, 0x00, 0x12, 0xd5, 0xff, 0x95, 0x00, 0xe6, 0xff, 0x64, 0x00, 0x00, 0x00,
    0x68, 0xff, 0xe2, 0x00, 0xfa, 0xff, 0x4a, 0x00, 0x00, 0x00, 0x4a, 0xff, 0xf9, 0x00, 0xe2, 0xff,
    0x69, 0x00, 0x00, 0x00, 0x66, 0xff, 0xe3, 0x00, 0x97, 0xff, 0xd5, 0x12, 0x00, 0x10, 0xd3, 0xff,
    0x96, 0x00, 0x16, 0xe2, 0xff, 0xee, 0xc2, 0xed, 0xff, 0xe2, 0x18, 0x00, 0x00, 0x17, 0x98, 0xe3,
    0xfa, 0xe4, 0x98, 0x18, 0x00, 0x00, 0x00, 0x3e, 0xbe, 0xa5, 0x1f, 0x00, 0x83, 0x7e, 0x00, 0x00,
    0x0a, 0xec, 0xc9, 0xda, 0xf1, 0xb3, 0xfa, 0x50, 0x00, 0x00, 0x29, 0xd2, 0x07, 0x05, 0x7e, 0xc8,
    0x7d, 0x00, 0x00, 0x00, 0x00, 0x00, 0x00, 0x00, 0x00, 0x00, 0x00, 0x00, 0x00, 0x00, 0x00, 0x1a,
    0x9a, 0xe4, 0xf9, 0xe1, 0x92, 0x13, 0x00, 0x00, 0x1a, 0xe4, 0xff, 0xec, 0xc2, 0xee, 0xff, 0xe0,
    0x14, 0x00, 0x9b, 0xff, 0xd1, 0x0e, 0x00, 0x12, 0xd5, 0xff, 0x95, 0x00, 0xe6, 0xff, 0x64, 0x00,
    0x00, 0x00, 0x68, 0xff, 0xe2, 0x00, 0xfa, 0xff, 0x4a, 0x00, 0x00, 0x00, 0x4a, 0xff, 0xf9, 0x00,
    0xe2, 0xff, 0x69, 0x00, 0x00, 0x00, 0x66, 0xff, 0xe3, 0x00, 0x97, 0xff, 0xd5, 0x12, 0x00, 0x10,
    0xd3, 0xff, 0x96, 0x00, 0x16, 0xe2, 0xff, 0xee, 0xc2, 0xed, 0xff, 0xe2, 0x18, 0x00, 0x00, 0x17,
    0x98, 0xe3, 0xfa, 0xe4, 0x98, 0x18, 0x00, 0x00, 0x00, 0x23, 0xe4, 0xc4, 0x00, 0xc4, 0xec, 0x23,
    0x00, 0x00, 0x00, 0x11, 0x9e, 0x80, 0x00, 0x80, 0xa6, 0x12, 0x00, 0x00, 0x00, 0x00, 0x00, 0x00,
    0x00, 0x00, 0x00, 0x00, 0x00, 0x00, 0x00, 0x00, 0x00, 0x00, 0x00, 0x00, 0x00, 0x00, 0x00, 0x00,
    0x00, 0x1a, 0x9a, 0xe4, 0xf9, 0xe1, 0x92, 0x13, 0x00, 0x00, 0x1a, 0xe4, 0xff, 0xec, 0xc2, 0xee,
    0xff, 0xe0, 0x14, 0x00, 0x9b, 0xff, 0xd1, 0x0e, 0x00, 0x12, 0xd5, 0xff, 0x95, 0x00, 0xe6, 0xff,
    0x64, 0x00, 0x00, 0x00, 0x68, 0xff, 0xe2, 0x00, 0xfa, 0xff, 0x4a, 0x00, 0x00, 0x00, 0x4a, 0xff,
    0xf9, 0x00, 0xe2, 0xff, 0x69, 0x00, 0x00, 0x00, 0x66, 0xff, 0xe3, 0x00, 0x97, 0xff, 0xd5, 0x12,
    0x00, 0x10, 0xd3, 0xff, 0x96, 0x00, 0x16, 0xe2, 0xff, 0xee, 0xc2, 0xed, 0xff, 0xe2, 0x18, 0x00,
    0x00, 0x17, 0x98, 0xe3, 0xfa, 0xe4, 0x98, 0x18, 0x00, 0x00, 0x00, 0x00, 0x00, 0xc4, 0xe6, 0x24,
    0x00, 0x00, 0x00, 0x00, 0x00, 0x00, 0x00, 0x00, 0x80, 0xa5, 0x12, 0x00, 0x00, 0x00, 0x00, 0x00,
    0x00, 0x00, 0x00, 0x00, 0x00, 0x00, 0x00, 0x00, 0x00, 0x00, 0x00, 0x88, 0xb8, 0xb8, 0xb8, 0xb8,
    0xb8, 0xb8, 0xb8, 0x88, 0x00, 0x00, 0xd0, 0xff, 0xff, 0xff, 0xff, 0xff, 0xff, 0xff, 0xd0, 0x00,
    0x00, 0x00, 0x00, 0x00, 0x00, 0x00, 0x00, 0x00, 0x00, 0x00, 0x00, 0x00, 0x00, 0x00, 0x00, 0x00,
    0x00, 0x00, 0x00, 0x00, 0x00, 0x00, 0x00, 0x00, 0x00, 0x00, 0x7d, 0x9e, 0x12, 0x00, 0x00, 0x00,
    0x00, 0x00, 0x00, 0x00, 0x00, 0xc7, 0xed, 0x24, 0x00, 0x00, 0x00, 0x00, 0x00, 0x00, 0x00, 0x00,
    0x00, 0x00, 0x00, 0x00, 0x00, 0x00, 0x00, 0x00, 0x00, 0x00, 0x00, 0x00, 0x00, 0x00, 0x89, 0x5c,
    0x00, 0x00, 0x00, 0x1a, 0x9a, 0xe4, 0xf9, 0xff, 0xff, 0x7e, 0x00, 0x00, 0x1a, 0xe4, 0xff, 0xec,
    0xc5, 0xff, 0xff, 0xe4, 0x14, 0x00, 0x9b, 0xff, 0xd1, 0x0e, 0x6a, 0xff, 0xff, 0xff, 0x95, 0x00,
    0xe6, 0xff, 0x64, 0x12, 0xec, 0xaa, 0x68, 0xff, 0xe2, 0x00, 0xfa, 0xff, 0x4a, 0x95, 0xf6, 0x1e,
    0x4a, 0xff, 0xf9, 0x00, 0xe2, 0xff, 0x96, 0xfc, 0x7d, 0x00, 0x66, 0xff, 0xe3, 0x00, 0x97, 0xff,
    0xff, 0xf1, 0x08, 0x10, 0xd3, 0xff, 0x96, 0x00, 0x16, 0xff, 0xff, 0xff, 0xc2, 0xed, 0xff, 0xe2,
    0x18, 0x00, 0x08, 0xf8, 0xff, 0xe3, 0xfa, 0xe4, 0x98, 0x18, 0x00, 0x00, 0x24, 0xe3, 0x28, 0x00,
    0x00, 0x00, 0x00, 0x00, 0x00, 0x00, 0x00, 0x00, 0x00, 0x00, 0x00, 0x00, 0x00, 0x00, 0x00, 0x00,
    0x00, 0x00, 0x1b, 0x00, 0x00, 0x00, 0x00, 0x00, 0x00, 0x00, 0x00, 0x69, 0xfe, 0x4a, 0x00, 0x00,
    0x00, 0x00, 0x00, 0x00, 0x00, 0x29, 0xf8, 0xce, 0x00, 0x00, 0x00, 0x00, 0x00, 0x00, 0x00, 0x00,
    0x72, 0xff, 0x4f, 0x00, 0x00, 0x00, 0x00, 0x00, 0x00, 0x00, 0x01, 0xb3, 0x79, 0x00, 0x00, 0x00,
    0x00, 0x00, 0x00, 0x00, 0x00, 0x00, 0x00, 0x00, 0x00, 0x00, 0x00, 0x00, 0xc3, 0xe8, 0x1b, 0x00,
    0x00, 0x00, 0xc3, 0xe8, 0x1b, 0x00, 0xff, 0xff, 0x43, 0x00, 0x00, 0x00, 0xff, 0xff, 0x43, 0x00,
    0xff, 0xff, 0x44, 0x00, 0x00, 0x00, 0xff, 0xff, 0x44, 0x00, 0xff, 0xff, 0x44, 0x00, 0x00, 0x00,
    0xff, 0xff, 0x44, 0x00, 0xff, 0xff, 0x44, 0x00, 0x00, 0x00, 0xff, 0xff, 0x44, 0x00, 0xfc, 0xff,
    0x48, 0x00, 0x00, 0x12, 0xff, 0xff, 0x44, 0x00, 0xe3, 0xff, 0x81, 0x00, 0x00, 0x87, 0xff, 0xff,
    0x44, 0x00, 0x91, 0xff, 0xff, 0xc9, 0xd7, 0xea, 0xff, 0xff, 0x43, 0x00, 0x0a, 0x97, 0xea, 0xf6,
    0xc1, 0x2f, 0xc0, 0xea, 0x1c, 0x00, 0x00, 0x00, 0x00, 0x00, 0x00, 0x0e, 0x0d, 0x00, 0x00, 0x00,
    0x00, 0x00, 0x00, 0x00, 0x05, 0xd8, 0xd1, 0x00, 0x00, 0x00, 0x00, 0x00, 0x00, 0x00, 0x66, 0xff,
    0x8d, 0x00, 0x00, 0x00, 0x00, 0x00, 0x00, 0x06, 0xe1, 0xd5, 0x08, 0x00, 0x00, 0x00, 0x00, 0x00,
    0x00, 0x1d, 0xe0, 0x32, 0x00, 0x00, 0x00, 0x00, 0x00, 0x00, 0x00, 0x00, 0x00, 0x00, 0x00, 0x00,
    0x00, 0x00, 0xc3, 0xe8, 0x1b, 0x00, 0x00, 0x00, 0xc3, 0xe8, 0x1b, 0x00, 0xff, 0xff, 0x43, 0x00,
    0x00, 0x00, 0xff, 0xff, 0x43, 0x00, 0xff, 0xff, 0x44, 0x00, 0x00, 0x00, 0xff, 0xff, 0x44, 0x00,
    0xff, 0xff, 0x44, 0x00, 0x00, 0x00, 0xff, 0xff, 0x44, 0x00, 0xff, 0xff, 0x44, 0x00, 0x00, 0x00,
    0xff, 0xff, 0x44, 0x00, 0xfc, 0xff, 0x48, 0x00, 0x00, 0x12, 0xff, 0xff, 0x44, 0x00, 0xe3, 0xff,
    0x81, 0x00, 0x00, 0x87, 0xff, 0xff, 0x44, 0x00, 0x91, 0xff, 0xff, 0xc9, 0xd7, 0xea, 0xff, 0xff,
    0x43, 0x00, 0x0a, 0x97, 0xea, 0xf6, 0xc1, 0x2f, 0xc0, 0xea, 0x1c, 0x00, 0x00, 0x00, 0x00, 0x07,
    0x13, 0x00, 0x00, 0x00, 0x00, 0x00, 0x00, 0x00, 0x14, 0xe2, 0xfc, 0x4c, 0x00, 0x00, 0x00, 0x00,
    0x00, 0x00, 0x95, 0xf6, 0xd0, 0xdf, 0x06, 0x00, 0x00, 0x00, 0x00, 0x25, 0xfa, 0x75, 0x2c, 0xfa,
    0x70, 0x00, 0x00, 0x00, 0x00, 0x5b, 0xc0, 0x04, 0x00, 0x79, 0xa4, 0x00, 0x00, 0x00, 0x00, 0x00,
    0x00, 0x00, 0x00, 0x00, 0x00, 0x00, 0x00, 0x00, 0xc3, 0xe8, 0x1c, 0x00, 0x00, 0x00, 0xc3, 0xe8,
    0x1b, 0x00, 0xff, 0xff, 0x43, 0x00, 0x00, 0x00, 0xff, 0xff, 0x43, 0x00, 0xff, 0xff, 0x44, 0x00,
    0x00, 0x00, 0xff, 0xff, 0x44, 0x00, 0xff, 0xff, 0x44, 0x00, 0x00, 0x00, 0xff, 0xff, 0x44, 0x00,
    0xff, 0xff, 0x44, 0x00, 0x00, 0x00, 0xff, 0xff, 0x44, 0x00, 0xfc, 0xff, 0x49, 0x00, 0x00, 0x15,
    0xff, 0xff, 0x44, 0x00, 0xe3, 0xff, 0x8a, 0x00, 0x02, 0x91, 0xff, 0xff, 0x44, 0x00, 0x91, 0xff,
    0xff, 0xd9, 0xe5, 0xe7, 0xff, 0xff, 0x43, 0x00, 0x0a, 0x97, 0xea, 0xf6, 0xbf, 0x2b, 0xc0, 0xea,
    0x1c, 0x00, 0x00, 0xc4, 0xe4, 0x23, 0x23, 0xe4, 0xc5, 0x00, 0x00, 0x00, 0x00, 0x80, 0x9e, 0x11,
    0x11, 0x9e, 0x87, 0x00, 0x00, 0x00, 0x00, 0x00, 0x00, 0x00, 0x00, 0x00, 0x00, 0x00, 0x00, 0x00,
    0x00, 0x00, 0x00, 0x00, 0x00, 0x00, 0x00, 0x00, 0x00, 0x00, 0xc3, 0xe8, 0x1b, 0x00, 0x00, 0x00,
    0xc3, 0xe8, 0x1b, 0x00, 0xff, 0xff, 0x43, 0x00, 0x00, 0x00, 0xff, 0xff, 0x43, 0x00, 0xff, 0xff,
    0x44, 0x00, 0x00, 0x00, 0xff, 0xff, 0x44, 0x00, 0xff, 0xff, 0x44, 0x00, 0x00, 0x00, 0xff, 0xff,
    0x44, 0x00, 0xff, 0xff, 0x44, 0x00, 0x00, 0x00, 0xff, 0xff, 0x44, 0x00, 0xfc, 0xff, 0x48, 0x00,
    0x00, 0x12, 0xff, 0xff, 0x44, 0x00, 0xe3, 0xff, 0x81, 0x00, 0x00, 0x87, 0xff, 0xff, 0x44, 0x00,
    0x91, 0xff, 0xff, 0xc9, 0xd7, 0xea, 0xff, 0xff, 0x43, 0x00, 0x0a, 0x97, 0xea, 0xf6, 0xc1, 0x2f,
    0xc0, 0xea, 0x1c, 0x00, 0x00, 0x00, 0x00, 0x00, 0x00, 0x1f, 0x00, 0x00, 0x00, 0x00, 0x00, 0x00,
    0x00, 0x00, 0x52, 0xff, 0x5f, 0x00, 0x00, 0x00, 0x00, 0x00, 0x00, 0x02, 0xd6, 0xf4, 0x23, 0x00,
    0x00, 0x00, 0x00, 0x00, 0x00, 0x5d, 0xff, 0x66, 0x00, 0x00, 0x00, 0x00, 0x00, 0x00, 0x00, 0x83,
    0xa9, 0x00, 0x00, 0x00, 0x00, 0x00, 0x00, 0x00, 0x00, 0x00, 0x00, 0x00, 0x00, 0x00, 0x00, 0x61,
    0xee, 0x62, 0x00, 0x00, 0x00, 0x01, 0xb6, 0xdc, 0x07, 0x6f, 0xff, 0xdf, 0x02, 0x00, 0x00, 0x45,
    0xff, 0xeb, 0x02, 0x10, 0xf4, 0xff, 0x4b, 0x00, 0x00, 0xb0, 0xff, 0x81, 0x00, 0x00, 0x93, 0xff,
    0xb5, 0x00, 0x1e, 0xfc, 0xf8, 0x16, 0x00, 0x00, 0x23, 0xfd, 0xfd, 0x20, 0x87, 0xff, 0x9b, 0x00,
    0x00, 0x00, 0x00, 0xb0, 0xff, 0x8f, 0xea, 0xfe, 0x29, 0x00, 0x00, 0x00, 0x00, 0x3e, 0xff, 0xff,
    0xff, 0xb5, 0x00, 0x00, 0x00, 0x00, 0x00, 0x00, 0xcc, 0xff, 0xff, 0x41, 0x00, 0x00, 0x00, 0x00,
    0x00, 0x00, 0xa0, 0xff, 0xce, 0x00, 0x00, 0x00, 0x00, 0x00, 0x00, 0x07, 0xe7, 0xff, 0x5b, 0x00,
    0x00, 0x00, 0x00, 0x00, 0x00, 0x5d, 0xff, 0xe3, 0x05, 0x00, 0x00, 0x00, 0x00, 0x00, 0x00, 0x5c,
    0xee, 0x5d, 0x00, 0x00, 0x00, 0x00, 0x00, 0x00, 0xc1, 0xe7, 0x1a, 0x00, 0x00, 0x00, 0x00, 0x00,
    0x00, 0x00, 0x00, 0xff, 0xff, 0x43, 0x00, 0x00, 0x00, 0x00, 0x00, 0x00, 0x00, 0x00, 0xff, 0xff,
    0x44, 0x00, 0x00, 0x00, 0x00, 0x00, 0x00, 0x00, 0x00, 0xff, 0xff, 0x44, 0x00, 0x00, 0x00, 0x00,
    0x00, 0x00, 0x00, 0x00, 0xff, 0xff, 0x51, 0x99, 0xea, 0xf2, 0xb7, 0x2d, 0x00, 0x00, 0x00, 0xff,
    0xff, 0xf5, 0xec, 0xc2, 0xee, 0xff, 0xf3, 0x25, 0x00, 0x00, 0xff, 0xff, 0xd0, 0x0d, 0x00, 0x11,
    0xd3, 0xff, 0xa4, 0x00, 0x00, 0xff, 0xff, 0x62, 0x00, 0x00, 0x00, 0x67, 0xff, 0xe6, 0x00, 0x00,
    0xff, 0xff, 0x4a, 0x00, 0x00, 0x00, 0x4a, 0xff, 0xf9, 0x00, 0x00, 0xff, 0xff, 0x69, 0x00, 0x00,
    0x00, 0x66, 0xff, 0xe5, 0x00, 0x00, 0xff, 0xff, 0xd5, 0x12, 0x00, 0x0e, 0xd2, 0xff, 0xa2, 0x00,
    0x00, 0xff, 0xff, 0xf4, 0xee, 0xc1, 0xec, 0xff, 0xf4, 0x25, 0x00, 0x00, 0xff, 0xff, 0x51, 0x9a,
    0xeb, 0xf3, 0xbb, 0x31, 0x00, 0x00, 0x00, 0xff, 0xff, 0x44, 0x00, 0x00, 0x00, 0x00, 0x00, 0x00,
    0x00, 0x00, 0xff, 0xff, 0x43, 0x00, 0x00, 0x00, 0x00, 0x00, 0x00, 0x00, 0x00, 0xc3, 0xe9, 0x1d,
    0x00, 0x00, 0x00, 0x00, 0x00, 0x00, 0x00, 0x00, 0x00, 0xc4, 0xe4, 0x23, 0x23, 0xec, 0xc5, 0x00,
    0x00, 0x00, 0x00, 0x80, 0x9e, 0x11, 0x11, 0xa5, 0x80, 0x00, 0x00, 0x00, 0x00, 0x00, 0x00, 0x00,
    0x00, 0x00, 0x00, 0x00, 0x00, 0x00, 0x00, 0x00, 0x00, 0x00, 0x00, 0x00, 0x00, 0x00, 0x00, 0x50,
    0xed, 0x73, 0x00, 0x00, 0x00, 0x00, 0x8e, 0xea, 0x21, 0x5b, 0xff, 0xef, 0x0c, 0x00, 0x00, 0x1c,
    0xfc, 0xfd, 0x1c, 0x07, 0xe9, 0xff, 0x70, 0x00, 0x00, 0x84, 0xff, 0xad, 0x00, 0x00, 0x7f, 0xff,
    0xe0, 0x03, 0x06, 0xe9, 0xff, 0x3a, 0x00, 0x00, 0x15, 0xf7, 0xff, 0x57, 0x5b, 0xff, 0xc7, 0x00,
    0x00, 0x00, 0x00, 0x9c, 0xff, 0xcb, 0xc7, 0xff, 0x54, 0x00, 0x00, 0x00, 0x00, 0x2a, 0xfe, 0xff,
    0xff, 0xde, 0x03, 0x00, 0x00, 0x00, 0x00, 0x00, 0xb8, 0xff, 0xff, 0x6d, 0x00, 0x00, 0x00, 0x00,
    0x00, 0x00, 0x8c, 0xff, 0xef, 0x0b, 0x00, 0x00, 0x00, 0x00, 0x00, 0x01, 0xd8, 0xff, 0x87, 0x00,
    0x00, 0x00, 0x00, 0x00, 0x00, 0x49, 0xff, 0xfa, 0x1a, 0x00, 0x00, 0x00, 0x00, 0x00, 0x00, 0x4b,
    0xef, 0x80, 0x00, 0x00, 0x00, 0x00, 0x00,
};

static const atlas_glyph_t NUNITO_BOLD_18_GLYPHS[198] = {
    [ 0] = { .data_offset =     0, .w =   0, .h =   0, .offset_x =   0, .offset_y =   0, .advance =   404 },   // 0x20 ' '
    [ 1] = { .data_offset =     0, .w =   4, .h =  13, .offset_x =   0, .offset_y =   6, .advance =   286 },   // 0x21 '!'
    [ 2] = { .data_offset =    52, .w =   8, .h =  13, .offset_x =   0, .offset_y =   6, .advance =   516 },   // 0x22 '"'
    [ 3] = { .data_offset =   156, .w =  11, .h =  13, .offset_x =   0, .offset_y =   6, .advance =   691 },   // 0x23 '#'
    [ 4] = { .data_offset =   299, .w =  11, .h =  17, .offset_x =   0, .offset_y =   4, .advance =   691 },   // 0x24 '$'
    [ 5] = { .data_offset =   486, .w =  18, .h =  15, .offset_x =   0, .offset_y =   5, .advance =  1089 },   // 0x25 '%'
    [ 6] = { .data_offset =   756, .w =  13, .h =  13, .offset_x =   0, .offset_y =   6, .advance =   836 },   // 0x26 '&'
    [ 7] = { .data_offset =   925, .w =   4, .h =  13, .offset_x =   0, .offset_y =   6, .advance =   280 },   // 0x27 '''
    [ 8] = { .data_offset =   977, .w =   6, .h =  17, .offset_x =   0, .offset_y =   6, .advance =   412 },   // 0x28 '('
    [ 9] = { .data_offset =  1079, .w =   6, .h =  17, .offset_x =   0, .offset_y =   6, .advance =   412 },   // 0x29 ')'
    [10] = { .data_offset =  1181, .w =   8, .h =  13, .offset_x =   0, .offset_y =   6, .advance =   522 },   // 0x2A '*'
    [11] = { .data_offset =  1285, .w =  11, .h =  10, .offset_x =   0, .offset_y =   9, .advance =   691 },   // 0x2B '+'
    [12] = { .data_offset =  1395, .w =   4, .h =   6, .offset_x =   0, .offset_y =  16, .advance =   286 },   // 0x2C ','
    [13] = { .data_offset =  1419, .w =   8, .h =   6, .offset_x =   0, .offset_y =  13, .advance =   500 },   // 0x2D '-'
    [14] = { .data_offset =  1467, .w =   4, .h =   3, .offset_x =   0, .offset_y =  16, .advance =   286 },   // 0x2E '.'
    [15] = { .data_offset =  1479, .w =   7, .h =  15, .offset_x =  -1, .offset_y =   5, .advance =   361 },   // 0x2F '/'
    [16] = { .data_offset =  1584, .w =  11, .h =  13, .offset_x =   0, .offset_y =   6, .advance =   691 },   // 0x30 '0'
    [17] = { .data_offset =  1727, .w =  11, .h =  13, .offset_x =   0, .offset_y =   6, .advance =   691 },   // 0x31 '1'
    [18] = { .data_offset =  1870, .w =  11, .h =  13, .offset_x =   0, .offset_y =   6, .advance =   691 },   // 0x32 '2'
    [19] = { .data_offset =  2013, .w =  11, .h =  13, .offset_x =   0, .offset_y =   6, .advance =   691 },   // 0x33 '3'
    [20] = { .data_offset =  2156, .w =  11, .h =  13, .offset_x =   0, .offset_y =   6, .advance =   691 },   // 0x34 '4'
    [21] = { .data_offset =  2299, .w =  11, .h =  13, .offset_x =   0, .offset_y =   6, .advance =   691 },   // 0x35 '5'
    [22] = { .data_offset =  2442, .w =  11, .h =  13, .offset_x =   0, .offset_y =   6, .advance =   691 },   // 0x36 '6'
    [23] = { .data_offset =  2585, .w =  11, .h =  13, .offset_x =   0, .offset_y =   6, .advance =   691 },   // 0x37 '7'
    [24] = { .data_offset =  2728, .w =  11, .h =  13, .offset_x =   0, .offset_y =   6, .advance =   691 },   // 0x38 '8'
    [25] = { .data_offset =  2871, .w =  11, .h =  13, .offset_x =   0, .offset_y =   6, .advance =   691 },   // 0x39 '9'
    [26] = { .data_offset =  3014, .w =   4, .h =   9, .offset_x =   0, .offset_y =  10, .advance =   286 },   // 0x3A ':'
    [27] = { .data_offset =  3050, .w =   4, .h =  12, .offset_x =   0, .offset_y =  10, .advance =   286 },   // 0x3B ';'
    [28] = { .data_offset =  3098, .w =  11, .h =  10, .offset_x =   0, .offset_y =   9, .advance =   691 },   // 0x3C '<'
    [29] = { .data_offset =  3208, .w =  11, .h =   8, .offset_x =   0, .offset_y =  11, .advance =   691 },   // 0x3D '='
    [30] = { .data_offset =  3296, .w =  11, .h =  10, .offset_x =   0, .offset_y =   9, .advance =   691 },   // 0x3E '>'
    [31] = { .data_offset =  3406, .w =   9, .h =  13, .offset_x =   0, .offset_y =   6, .advance =   529 },   // 0x3F '?'
    [32] = { .data_offset =  3523, .w =  17, .h =  16, .offset_x =   0, .offset_y =   6, .advance =  1094 },   // 0x40 '@'
    [33] = { .data_offset =  3795, .w =  13, .h =  13, .offset_x =   0, .offset_y =   6, .advance =   857 },   // 0x41 'A'
    [34] = { .data_offset =  3964, .w =  12, .h =  13, .offset_x =   0, .offset_y =   6, .advance =   793 },   // 0x42 'B'
    [35] = { .data_offset =  4120, .w =  12, .h =  13, .offset_x =   0, .offset_y =   6, .advance =   783 },   // 0x43 'C'
    [36] = { .data_offset =  4276, .w =  14, .h =  13, .offset_x =   0, .offset_y =   6, .advance =   878 },   // 0x44 'D'
    [37] = { .data_offset =  4458, .w =  11, .h =  13, .offset_x =   0, .offset_y =   6, .advance =   688 },   // 0x45 'E'
    [38] = { .data_offset =  4601, .w =  10, .h =  13, .offset_x =   0, .offset_y =   6, .advance =   647 },   // 0x46 'F'
    [39] = { .data_offset =  4731, .w =  13, .h =  13, .offset_x =   0, .offset_y =   6, .advance =   848 },   // 0x47 'G'
    [40] = { .data_offset =  4900, .w =  14, .h =  13, .offset_x =   0, .offset_y =   6, .advance =   890 },   // 0x48 'H'
    [41] = { .data_offset =  5082, .w =   5, .h =  13, .offset_x =   0, .offset_y =   6, .advance =   325 },   // 0x49 'I'
    [42] = { .data_offset =  5147, .w =   6, .h =  13, .offset_x =   0, .offset_y =   6, .advance =   408 },   // 0x4A 'J'
    [43] = { .data_offset =  5225, .w =  12, .h =  13, .offset_x =   0, .offset_y =   6, .advance =   766 },   // 0x4B 'K'
    [44] = { .data_offset =  5381, .w =  10, .h =  13, .offset_x =   0, .offset_y =   6, .advance =   647 },   // 0x4C 'L'
    [45] = { .data_offset =  5511, .w =  16, .h =  13, .offset_x =   0, .offset_y =   6, .advance =  1000 },   // 0x4D 'M'
    [46] = { .data_offset =  5719, .w =  13, .h =  13, .offset_x =   0, .offset_y =   6, .advance =   862 },   // 0x4E 'N'
    [47] = { .data_offset =  5888, .w =  14, .h =  13, .offset_x =   0, .offset_y =   6, .advance =   904 },   // 0x4F 'O'
    [48] = { .data_offset =  6070, .w =  12, .h =  13, .offset_x =   0, .offset_y =   6, .advance =   751 },   // 0x50 'P'
    [49] = { .data_offset =  6226, .w =  14, .h =  17, .offset_x =   0, .offset_y =   6, .advance =   904 },   // 0x51 'Q'
    [50] = { .data_offset =  6464, .w =  12, .h =  13, .offset_x =   0, .offset_y =   6, .advance =   790 },   // 0x52 'R'
    [51] = { .data_offset =  6620, .w =  11, .h =  13, .offset_x =   0, .offset_y =   6, .advance =   727 },   // 0x53 'S'
    [52] = { .data_offset =  6763, .w =  11, .h =  13, .offset_x =   0, .offset_y =   6, .advance =   715 },   // 0x54 'T'
    [53] = { .data_offset =  6906, .w =  13, .h =  13, .offset_x =   0, .offset_y =   6, .advance =   850 },   // 0x55 'U'
    [54] = { .data_offset =  7075, .w =  13, .h =  13, .offset_x =   0, .offset_y =   6, .advance =   821 },   // 0x56 'V'
    [55] = { .data_offset =  7244, .w =  20, .h =  13, .offset_x =   0, .offset_y =   6, .advance =  1282 },   // 0x57 'W'
    [56] = { .data_offset =  7504, .w =  12, .h =  13, .offset_x =   0, .offset_y =   6, .advance =   774 },   // 0x58 'X'
    [57] = { .data_offset =  7660, .w =  12, .h =  13, .offset_x =  -1, .offset_y =   6, .advance =   712 },   // 0x59 'Y'
    [58] = { .data_offset =  7816, .w =  11, .h =  13, .offset_x =   0, .offset_y =   6, .advance =   697 },   // 0x5A 'Z'
    [59] = { .data_offset =  7959, .w =   7, .h =  16, .offset_x =   0, .offset_y =   6, .advance =   408 },   // 0x5B '['
    [60] = { .data_offset =  8071, .w =   7, .h =  15, .offset_x =  -1, .offset_y =   5, .advance =   361 },   // 0x5C '\'
    [61] = { .data_offset =  8176, .w =   7, .h =  16, .offset_x =  -1, .offset_y =   6, .advance =   408 },   // 0x5D ']'
    [62] = { .data_offset =  8288, .w =  11, .h =  11, .offset_x =   0, .offset_y =   8, .advance =   691 },   // 0x5E '^'
    [63] = { .data_offset =  8409, .w =   9, .h =   2, .offset_x =   0, .offset_y =  18, .advance =   576 },   // 0x5F '_'
    [64] = { .data_offset =  8427, .w =   7, .h =  15, .offset_x =   0, .offset_y =   4, .advance =   434 },   // 0x60 '`'
    [65] = { .data_offset =  8532, .w =  10, .h =   9, .offset_x =   0, .offset_y =  10, .advance =   630 },   // 0x61 'a'
    [66] = { .data_offset =  8622, .w =  11, .h =  13, .offset_x =   0, .offset_y =   6, .advance =   691 },   // 0x62 'b'
    [67] = { .data_offset =  8765, .w =   9, .h =   9, .offset_x =   0, .offset_y =  10, .advance =   544 },   // 0x63 'c'
    [68] = { .data_offset =  8846, .w =  11, .h =  13, .offset_x =   0, .offset_y =   6, .advance =   691 },   // 0x64 'd'
    [69] = { .data_offset =  8989, .w =  11, .h =   9, .offset_x =   0, .offset_y =  10, .advance =   624 },   // 0x65 'e'
    [70] = { .data_offset =  9088, .w =   8, .h =  14, .offset_x =   0, .offset_y =   5, .advance =   419 },   // 0x66 'f'
    [71] = { .data_offset =  9200, .w =  11, .h =  12, .offset_x =   0, .offset_y =  10, .advance =   696 },   // 0x67 'g'
    [72] = { .data_offset =  9332, .w =  11, .h =  13, .offset_x =   0, .offset_y =   6, .advance =   674 },   // 0x68 'h'
    [73] = { .data_offset =  9475, .w =   5, .h =  13, .offset_x =   0, .offset_y =   6, .advance =   294 },   // 0x69 'i'
    [74] = { .data_offset =  9540, .w =   7, .h =  17, .offset_x =  -2, .offset_y =   6, .advance =   298 },   // 0x6A 'j'
    [75] = { .data_offset =  9659, .w =  10, .h =  13, .offset_x =   0, .offset_y =   6, .advance =   617 },   // 0x6B 'k'
    [76] = { .data_offset =  9789, .w =   6, .h =  13, .offset_x =   0, .offset_y =   6, .advance =   367 },   // 0x6C 'l'
    [77] = { .data_offset =  9867, .w =  16, .h =   9, .offset_x =   0, .offset_y =  10, .advance =  1010 },   // 0x6D 'm'
    [78] = { .data_offset = 10011, .w =  11, .h =   9, .offset_x =   0, .offset_y =  10, .advance =   674 },   // 0x6E 'n'
    [79] = { .data_offset = 10110, .w =  10, .h =   9, .offset_x =   0, .offset_y =  10, .advance =   664 },   // 0x6F 'o'
    [80] = { .data_offset = 10200, .w =  11, .h =  12, .offset_x =   0, .offset_y =  10, .advance =   691 },   // 0x70 'p'
    [81] = { .data_offset = 10332, .w =  11, .h =  12, .offset_x =   0, .offset_y =  10, .advance =   691 },   // 0x71 'q'
    [82] = { .data_offset = 10464, .w =   7, .h =  10, .offset_x =   0, .offset_y =   9, .advance =   452 },   // 0x72 'r'
    [83] = { .data_offset = 10534, .w =   9, .h =   9, .offset_x =   0, .offset_y =  10, .advance =   562 },   // 0x73 's'
    [84] = { .data_offset = 10615, .w =   7, .h =  12, .offset_x =   0, .offset_y =   7, .advance =   442 },   // 0x74 't'
    [85] = { .data_offset = 10699, .w =  10, .h =   9, .offset_x =   0, .offset_y =  10, .advance =   667 },   // 0x75 'u'
    [86] = { .data_offset = 10789, .w =  10, .h =   9, .offset_x =   0, .offset_y =  10, .advance =   607 },   // 0x76 'v'
    [87] = { .data_offset = 10879, .w =  15, .h =   9, .offset_x =   0, .offset_y =  10, .advance =   983 },   // 0x77 'w'
    [88] = { .data_offset = 11014, .w =  10, .h =   9, .offset_x =   0, .offset_y =  10, .advance =   629 },   // 0x78 'x'
    [89] = { .data_offset = 11104, .w =  10, .h =  12, .offset_x =   0, .offset_y =  10, .advance =   606 },   // 0x79 'y'
    [90] = { .data_offset = 11224, .w =   9, .h =   9, .offset_x =   0, .offset_y =  10, .advance =   546 },   // 0x7A 'z'
    [91] = { .data_offset = 11305, .w =   8, .h =  16, .offset_x =   0, .offset_y =   6, .advance =   450 },   // 0x7B '{'
    [92] = { .data_offset = 11433, .w =   5, .h =  16, .offset_x =   0, .offset_y =   6, .advance =   332 },   // 0x7C '|'
    [93] = { .data_offset = 11513, .w =   7, .h =  16, .offset_x =   0, .offset_y =   6, .advance =   450 },   // 0x7D '}'
    [94] = { .data_offset = 11625, .w =  11, .h =   7, .offset_x =   0, .offset_y =  12, .advance =   691 },   // 0x7E '~'
    [95] = { .data_offset = 11702, .w =   5, .h =   9, .offset_x =   0, .offset_y =  10, .advance =   331 },   // U+2039 '‹' (extra)
    [96] = { .data_offset = 11747, .w =   5, .h =   9, .offset_x =   0, .offset_y =  10, .advance =   331 },   // U+203A '›' (extra)
    [97] = { .data_offset = 11792, .w =   4, .h =   7, .offset_x =   0, .offset_y =  12, .advance =   286 },   // U+00B7 '·' (extra)
    [98] = { .data_offset = 11820, .w =   4, .h =  14, .offset_x =   0, .offset_y =   5, .advance =   286 },   // U+2018 '‘' (extra)
    [99] = { .data_offset = 11876, .w =   4, .h =  13, .offset_x =   0, .offset_y =   6, .advance =   286 },   // U+2019 '’' (extra)
    [100] = { .data_offset = 11928, .w =   8, .h =  14, .offset_x =   0, .offset_y =   5, .advance =   510 },   // U+201C '“' (extra)
    [101] = { .data_offset = 12040, .w =   8, .h =  13, .offset_x =   0, .offset_y =   6, .advance =   510 },   // U+201D '”' (extra)
    [102] = { .data_offset = 12144, .w =  11, .h =   6, .offset_x =  -1, .offset_y =  13, .advance =   576 },   // U+2013 '–' (extra)
    [103] = { .data_offset = 12210, .w =  20, .h =   6, .offset_x =  -1, .offset_y =  13, .advance =  1152 },   // U+2014 '—' (extra)
    [104] = { .data_offset = 12330, .w =  13, .h =   3, .offset_x =   0, .offset_y =  16, .advance =   858 },   // U+2026 '…' (extra)
    [105] = { .data_offset = 12369, .w =   4, .h =  12, .offset_x =   0, .offset_y =  10, .advance =   286 },   // U+00A1 '¡' (extra)
    [106] = { .data_offset = 12417, .w =  11, .h =  14, .offset_x =   0, .offset_y =   7, .advance =   691 },   // U+00A2 '¢' (extra)
    [107] = { .data_offset = 12571, .w =  11, .h =  13, .offset_x =   0, .offset_y =   6, .advance =   691 },   // U+00A3 '£' (extra)
    [108] = { .data_offset = 12714, .w =  11, .h =   9, .offset_x =   0, .offset_y =  10, .advance =   691 },   // U+00A4 '¤' (extra)
    [109] = { .data_offset = 12813, .w =  11, .h =  13, .offset_x =   0, .offset_y =   6, .advance =   691 },   // U+00A5 '¥' (extra)
    [110] = { .data_offset = 12956, .w =   5, .h =  16, .offset_x =   0, .offset_y =   6, .advance =   332 },   // U+00A6 '¦' (extra)
    [111] = { .data_offset = 13036, .w =  11, .h =  16, .offset_x =   0, .offset_y =   6, .advance =   657 },   // U+00A7 '§' (extra)
    [112] = { .data_offset = 13212, .w =   9, .h =  13, .offset_x =   0, .offset_y =   6, .advance =   590 },   // U+00A8 '¨' (extra)
    [113] = { .data_offset = 13329, .w =  15, .h =  13, .offset_x =   0, .offset_y =   6, .advance =   939 },   // U+00A9 '©' (extra)
    [114] = { .data_offset = 13524, .w =   6, .h =  13, .offset_x =   0, .offset_y =   6, .advance =   391 },   // U+00AA 'ª' (extra)
    [115] = { .data_offset = 13602, .w =   9, .h =   9, .offset_x =   0, .offset_y =  10, .advance =   569 },   // U+00AB '«' (extra)
    [116] = { .data_offset = 13683, .w =  11, .h =   8, .offset_x =   0, .offset_y =  11, .advance =   691 },   // U+00AC '¬' (extra)
    [117] = { .data_offset = 13771, .w =  15, .h =  13, .offset_x =   0, .offset_y =   6, .advance =   939 },   // U+00AE '®' (extra)
    [118] = { .data_offset = 13966, .w =   9, .h =  13, .offset_x =   0, .offset_y =   6, .advance =   605 },   // U+00AF '¯' (extra)
    [119] = { .data_offset = 14083, .w =   7, .h =  13, .offset_x =   0, .offset_y =   6, .advance =   437 },   // U+00B0 '°' (extra)
    [120] = { .data_offset = 14174, .w =  11, .h =  10, .offset_x =   0, .offset_y =   9, .advance =   691 },   // U+00B1 '±' (extra)
    [121] = { .data_offset = 14284, .w =   7, .h =  13, .offset_x =   0, .offset_y =   6, .advance =   438 },   // U+00B2 '²' (extra)
    [122] = { .data_offset = 14375, .w =   7, .h =  13, .offset_x =   0, .offset_y =   6, .advance =   438 },   // U+00B3 '³' (extra)
    [123] = { .data_offset = 14466, .w =   7, .h =  15, .offset_x =   0, .offset_y =   4, .advance =   434 },   // U+00B4 '´' (extra)
    [124] = { .data_offset = 14571, .w =  11, .h =  12, .offset_x =   0, .offset_y =  10, .advance =   691 },   // U+00B5 'µ' (extra)
    [125] = { .data_offset = 14703, .w =  11, .h =  16, .offset_x =   0, .offset_y =   6, .advance =   719 },   // U+00B6 '¶' (extra)
    [126] = { .data_offset = 14879, .w =   8, .h =   5, .offset_x =   0, .offset_y =  18, .advance =   485 },   // U+00B8 '¸' (extra)
    [127] = { .data_offset = 14919, .w =   7, .h =  13, .offset_x =   0, .offset_y =   6, .advance =   438 },   // U+00B9 '¹' (extra)
    [128] = { .data_offset = 15010, .w =   7, .h =  13, .offset_x =   0, .offset_y =   6, .advance =   407 },   // U+00BA 'º' (extra)
    [129] = { .data_offset = 15101, .w =   9, .h =   9, .offset_x =   0, .offset_y =  10, .advance =   569 },   // U+00BB '»' (extra)
    [130] = { .data_offset = 15182, .w =  16, .h =  15, .offset_x =   0, .offset_y =   5, .advance =  1051 },   // U+00BC '¼' (extra)
    [131] = { .data_offset = 15422, .w =  17, .h =  15, .offset_x =   0, .offset_y =   5, .advance =  1106 },   // U+00BD '½' (extra)
    [132] = { .data_offset = 15677, .w =  17, .h =  15, .offset_x =   0, .offset_y =   5, .advance =  1051 },   // U+00BE '¾' (extra)
    [133] = { .data_offset = 15932, .w =   9, .h =  12, .offset_x =   0, .offset_y =  10, .advance =   529 },   // U+00BF '¿' (extra)
    [134] = { .data_offset = 16040, .w =  13, .h =  18, .offset_x =   0, .offset_y =   1, .advance =   857 },   // U+00C0 'À' (extra)
    [135] = { .data_offset = 16274, .w =  13, .h =  18, .offset_x =   0, .offset_y =   1, .advance =   857 },   // U+00C1 'Á' (extra)
    [136] = { .data_offset = 16508, .w =  13, .h =  18, .offset_x =   0, .offset_y =   1, .advance =   857 },   // U+00C2 'Â' (extra)
    [137] = { .data_offset = 16742, .w =  13, .h =  17, .offset_x =   0, .offset_y =   2, .advance =   857 },   // U+00C3 'Ã' (extra)
    [138] = { .data_offset = 16963, .w =  14, .h =  16, .offset_x =   0, .offset_y =   3, .advance =   857 },   // U+00C4 'Ä' (extra)
    [139] = { .data_offset = 17187, .w =  13, .h =  18, .offset_x =   0, .offset_y =   1, .advance =   857 },   // U+00C5 'Å' (extra)
    [140] = { .data_offset = 17421, .w =  18, .h =  13, .offset_x =   0, .offset_y =   6, .advance =  1144 },   // U+00C6 'Æ' (extra)
    [141] = { .data_offset = 17655, .w =  12, .h =  17, .offset_x =   0, .offset_y =   6, .advance =   783 },   // U+00C7 'Ç' (extra)
    [142] = { .data_offset = 17859, .w =  11, .h =  18, .offset_x =   0, .offset_y =   1, .advance =   688 },   // U+00C8 'È' (extra)
    [143] = { .data_offset = 18057, .w =  11, .h =  18, .offset_x =   0, .offset_y =   1, .advance =   688 },   // U+00C9 'É' (extra)
    [144] = { .data_offset = 18255, .w =  11, .h =  18, .offset_x =   0, .offset_y =   1, .advance =   688 },   // U+00CA 'Ê' (extra)
    [145] = { .data_offset = 18453, .w =  11, .h =  16, .offset_x =   0, .offset_y =   3, .advance =   688 },   // U+00CB 'Ë' (extra)
    [146] = { .data_offset = 18629, .w =   6, .h =  18, .offset_x =  -1, .offset_y =   1, .advance =   325 },   // U+00CC 'Ì' (extra)
    [147] = { .data_offset = 18737, .w =   6, .h =  18, .offset_x =   0, .offset_y =   1, .advance =   325 },   // U+00CD 'Í' (extra)
    [148] = { .data_offset = 18845, .w =   6, .h =  18, .offset_x =  -1, .offset_y =   1, .advance =   325 },   // U+00CE 'Î' (extra)
    [149] = { .data_offset = 18953, .w =   6, .h =  16, .offset_x =   0, .offset_y =   3, .advance =   325 },   // U+00CF 'Ï' (extra)
    [150] = { .data_offset = 19049, .w =  15, .h =  13, .offset_x =  -1, .offset_y =   6, .advance =   878 },   // U+00D0 'Ð' (extra)
    [151] = { .data_offset = 19244, .w =  13, .h =  17, .offset_x =   0, .offset_y =   2, .advance =   862 },   // U+00D1 'Ñ' (extra)
    [152] = { .data_offset = 19465, .w =  14, .h =  18, .offset_x =   0, .offset_y =   1, .advance =   904 },   // U+00D2 'Ò' (extra)
    [153] = { .data_offset = 19717, .w =  14, .h =  18, .offset_x =   0, .offset_y =   1, .advance =   904 },   // U+00D3 'Ó' (extra)
    [154] = { .data_offset = 19969, .w =  14, .h =  18, .offset_x =   0, .offset_y =   1, .advance =   904 },   // U+00D4 'Ô' (extra)
    [155] = { .data_offset = 20221, .w =  14, .h =  17, .offset_x =   0, .offset_y =   2, .advance =   904 },   // U+00D5 'Õ' (extra)
    [156] = { .data_offset = 20459, .w =  14, .h =  16, .offset_x =   0, .offset_y =   3, .advance =   904 },   // U+00D6 'Ö' (extra)
    [157] = { .data_offset = 20683, .w =  11, .h =  10, .offset_x =   0, .offset_y =   9, .advance =   691 },   // U+00D7 '×' (extra)
    [158] = { .data_offset = 20793, .w =  14, .h =  16, .offset_x =   0, .offset_y =   5, .advance =   904 },   // U+00D8 'Ø' (extra)
    [159] = { .data_offset = 21017, .w =  13, .h =  18, .offset_x =   0, .offset_y =   1, .advance =   850 },   // U+00D9 'Ù' (extra)
    [160] = { .data_offset = 21251, .w =  13, .h =  18, .offset_x =   0, .offset_y =   1, .advance =   850 },   // U+00DA 'Ú' (extra)
    [161] = { .data_offset = 21485, .w =  13, .h =  18, .offset_x =   0, .offset_y =   1, .advance =   850 },   // U+00DB 'Û' (extra)
    [162] = { .data_offset = 21719, .w =  13, .h =  16, .offset_x =   0, .offset_y =   3, .advance =   850 },   // U+00DC 'Ü' (extra)
    [163] = { .data_offset = 21927, .w =  12, .h =  18, .offset_x =  -1, .offset_y =   1, .advance =   712 },   // U+00DD 'Ý' (extra)
    [164] = { .data_offset = 22143, .w =  12, .h =  13, .offset_x =   0, .offset_y =   6, .advance =   755 },   // U+00DE 'Þ' (extra)
    [165] = { .data_offset = 22299, .w =  12, .h =  13, .offset_x =   0, .offset_y =   6, .advance =   752 },   // U+00DF 'ß' (extra)
    [166] = { .data_offset = 22455, .w =  10, .h =  15, .offset_x =   0, .offset_y =   4, .advance =   630 },   // U+00E0 'à' (extra)
    [167] = { .data_offset = 22605, .w =  10, .h =  15, .offset_x =   0, .offset_y =   4, .advance =   630 },   // U+00E1 'á' (extra)
    [168] = { .data_offset = 22755, .w =  10, .h =  15, .offset_x =   0, .offset_y =   4, .advance =   630 },   // U+00E2 'â' (extra)
    [169] = { .data_offset = 22905, .w =  10, .h =  13, .offset_x =   0, .offset_y =   6, .advance =   630 },   // U+00E3 'ã' (extra)
    [170] = { .data_offset = 23035, .w =  10, .h =  13, .offset_x =   0, .offset_y =   6, .advance =   630 },   // U+00E4 'ä' (extra)
    [171] = { .data_offset = 23165, .w =  10, .h =  14, .offset_x =   0, .offset_y =   5, .advance =   630 },   // U+00E5 'å' (extra)
    [172] = { .data_offset = 23305, .w =  16, .h =   9, .offset_x =   0, .offset_y =  10, .advance =   996 },   // U+00E6 'æ' (extra)
    [173] = { .data_offset = 23449, .w =   9, .h =  13, .offset_x =   0, .offset_y =  10, .advance =   544 },   // U+00E7 'ç' (extra)
    [174] = { .data_offset = 23566, .w =  11, .h =  15, .offset_x =   0, .offset_y =   4, .advance =   624 },   // U+00E8 'è' (extra)
    [175] = { .data_offset = 23731, .w =  11, .h =  15, .offset_x =   0, .offset_y =   4, .advance =   624 },   // U+00E9 'é' (extra)
    [176] = { .data_offset = 23896, .w =  11, .h =  15, .offset_x =   0, .offset_y =   4, .advance =   624 },   // U+00EA 'ê' (extra)
    [177] = { .data_offset = 24061, .w =  11, .h =  13, .offset_x =   0, .offset_y =   6, .advance =   624 },   // U+00EB 'ë' (extra)
    [178] = { .data_offset = 24204, .w =   6, .h =  15, .offset_x =  -1, .offset_y =   4, .advance =   294 },   // U+00EC 'ì' (extra)
    [179] = { .data_offset = 24294, .w =   6, .h =  15, .offset_x =   0, .offset_y =   4, .advance =   294 },   // U+00ED 'í' (extra)
    [180] = { .data_offset = 24384, .w =   6, .h =  15, .offset_x =  -1, .offset_y =   4, .advance =   294 },   // U+00EE 'î' (extra)
    [181] = { .data_offset = 24474, .w =   6, .h =  13, .offset_x =   0, .offset_y =   6, .advance =   294 },   // U+00EF 'ï' (extra)
    [182] = { .data_offset = 24552, .w =  10, .h =  14, .offset_x =   0, .offset_y =   5, .advance =   669 },   // U+00F0 'ð' (extra)
    [183] = { .data_offset = 24692, .w =  11, .h =  13, .offset_x =   0, .offset_y =   6, .advance =   674 },   // U+00F1 'ñ' (extra)
    [184] = { .data_offset = 24835, .w =  10, .h =  15, .offset_x =   0, .offset_y =   4, .advance =   664 },   // U+00F2 'ò' (extra)
    [185] = { .data_offset = 24985, .w =  10, .h =  15, .offset_x =   0, .offset_y =   4, .advance =   664 },   // U+00F3 'ó' (extra)
    [186] = { .data_offset = 25135, .w =  10, .h =  15, .offset_x =   0, .offset_y =   4, .advance =   664 },   // U+00F4 'ô' (extra)
    [187] = { .data_offset = 25285, .w =  10, .h =  13, .offset_x =   0, .offset_y =   6, .advance =   664 },   // U+00F5 'õ' (extra)
    [188] = { .data_offset = 25415, .w =  10, .h =  13, .offset_x =   0, .offset_y =   6, .advance =   664 },   // U+00F6 'ö' (extra)
    [189] = { .data_offset = 25545, .w =  11, .h =  10, .offset_x =   0, .offset_y =   9, .advance =   691 },   // U+00F7 '÷' (extra)
    [190] = { .data_offset = 25655, .w =  10, .h =  12, .offset_x =   0, .offset_y =   9, .advance =   664 },   // U+00F8 'ø' (extra)
    [191] = { .data_offset = 25775, .w =  10, .h =  15, .offset_x =   0, .offset_y =   4, .advance =   667 },   // U+00F9 'ù' (extra)
    [192] = { .data_offset = 25925, .w =  10, .h =  15, .offset_x =   0, .offset_y =   4, .advance =   667 },   // U+00FA 'ú' (extra)
    [193] = { .data_offset = 26075, .w =  10, .h =  15, .offset_x =   0, .offset_y =   4, .advance =   667 },   // U+00FB 'û' (extra)
    [194] = { .data_offset = 26225, .w =  10, .h =  13, .offset_x =   0, .offset_y =   6, .advance =   667 },   // U+00FC 'ü' (extra)
    [195] = { .data_offset = 26355, .w =  10, .h =  18, .offset_x =   0, .offset_y =   4, .advance =   606 },   // U+00FD 'ý' (extra)
    [196] = { .data_offset = 26535, .w =  11, .h =  16, .offset_x =   0, .offset_y =   6, .advance =   691 },   // U+00FE 'þ' (extra)
    [197] = { .data_offset = 26711, .w =  10, .h =  16, .offset_x =   0, .offset_y =   6, .advance =   606 },   // U+00FF 'ÿ' (extra)
};

/* 5916 kern pairs, adj in 1/32 px, sorted by
 * (left<<8)|right for binary search. */
static const atlas_kern_t NUNITO_BOLD_18_KERN[5916] = {
    {   1,  42,   18 },   // '!''J'  +0.56px
    {   6,  42,   18 },   // '&''J'  +0.56px
    {   6,  52,  -14 },   // '&''T'  -0.44px
    {   6,  54,  -20 },   // '&''V'  -0.62px
    {   6,  55,  -20 },   // '&''W'  -0.62px
    {   6,  57,  -18 },   // '&''Y'  -0.56px
    {   6,  83,    8 },   // '&''s'  +0.25px
    {   6,  86,   -8 },   // '&''v'  -0.25px
    {   6,  87,   -8 },   // '&''w'  -0.25px
    {   6,  89,   -8 },   // '&''y'  -0.25px
    {   6, 163,  -18 },   // '&''Ý'  -0.56px
    {   6, 195,   -8 },   // '&''ý'  -0.25px
    {   6, 197,   -8 },   // '&''ÿ'  -0.25px
    {   8,   9,   23 },   // '('')'  +0.72px
    {   8,  15,   23 },   // '(''/'  +0.72px
    {   8,  31,   18 },   // '(''?'  +0.56px
    {   8,  52,   23 },   // '(''T'  +0.72px
    {   8,  54,   18 },   // '(''V'  +0.56px
    {   8,  55,   18 },   // '(''W'  +0.56px
    {   8,  57,   20 },   // '(''Y'  +0.62px
    {   8,  58,   12 },   // '(''Z'  +0.38px
    {   8,  61,   23 },   // '('']'  +0.72px
    {   8,  74,   46 },   // '(''j'  +1.44px
    {   8,  93,   23 },   // '(''}'  +0.72px
    {   8, 133,   12 },   // '(''¿'  +0.38px
    {   8, 163,   20 },   // '(''Ý'  +0.62px
    {  10,  12,  -29 },   // '*'','  -0.91px
    {  10,  13,  -38 },   // '*''-'  -1.19px
    {  10,  14,  -29 },   // '*''.'  -0.91px
    {  10,  15,  -64 },   // '*''/'  -2.00px
    {  10,  33,  -42 },   // '*''A'  -1.31px
    {  10,  42,  -32 },   // '*''J'  -1.00px
    {  10,  52,    8 },   // '*''T'  +0.25px
    {  10,  57,   12 },   // '*''Y'  +0.38px
    {  10,  63,  -29 },   // '*''_'  -0.91px
    {  10,  66,   14 },   // '*''b'  +0.44px
    {  10,  67,  -13 },   // '*''c'  -0.41px
    {  10,  68,  -13 },   // '*''d'  -0.41px
    {  10,  69,  -13 },   // '*''e'  -0.41px
    {  10,  70,   14 },   // '*''f'  +0.44px
    {  10,  71,  -13 },   // '*''g'  -0.41px
    {  10,  72,   14 },   // '*''h'  +0.44px
    {  10,  73,   14 },   // '*''i'  +0.44px
    {  10,  75,   14 },   // '*''k'  +0.44px
    {  10,  76,   14 },   // '*''l'  +0.44px
    {  10,  79,  -13 },   // '*''o'  -0.41px
    {  10,  81,  -13 },   // '*''q'  -0.41px
    {  10,  84,   14 },   // '*''t'  +0.44px
    {  10,  86,   12 },   // '*''v'  +0.38px
    {  10,  87,   12 },   // '*''w'  +0.38px
    {  10,  89,   12 },   // '*''y'  +0.38px
    {  10,  91,  -38 },   // '*''{'  -1.19px
    {  10,  95,  -26 },   // '*''‹'  -0.81px
    {  10,  96,   -8 },   // '*''›'  -0.25px
    {  10,  97,  -38 },   // '*''·'  -1.19px
    {  10, 102,  -38 },   // '*''–'  -1.19px
    {  10, 103,  -38 },   // '*''—'  -1.19px
    {  10, 104,  -29 },   // '*''…'  -0.91px
    {  10, 114,   12 },   // '*''ª'  +0.38px
    {  10, 115,  -26 },   // '*''«'  -0.81px
    {  10, 128,   12 },   // '*''º'  +0.38px
    {  10, 129,   -8 },   // '*''»'  -0.25px
    {  10, 133,  -29 },   // '*''¿'  -0.91px
    {  10, 134,  -42 },   // '*''À'  -1.31px
    {  10, 135,  -42 },   // '*''Á'  -1.31px
    {  10, 136,  -42 },   // '*''Â'  -1.31px
    {  10, 137,  -42 },   // '*''Ã'  -1.31px
    {  10, 138,  -42 },   // '*''Ä'  -1.31px
    {  10, 139,  -42 },   // '*''Å'  -1.31px
    {  10, 140,  -42 },   // '*''Æ'  -1.31px
    {  10, 163,   12 },   // '*''Ý'  +0.38px
    {  10, 165,   14 },   // '*''ß'  +0.44px
    {  10, 173,  -13 },   // '*''ç'  -0.41px
    {  10, 174,  -13 },   // '*''è'  -0.41px
    {  10, 175,  -13 },   // '*''é'  -0.41px
    {  10, 176,  -13 },   // '*''ê'  -0.41px
    {  10, 177,  -13 },   // '*''ë'  -0.41px
    {  10, 178,   14 },   // '*''ì'  +0.44px
    {  10, 179,   14 },   // '*''í'  +0.44px
    {  10, 180,   14 },   // '*''î'  +0.44px
    {  10, 181,   14 },   // '*''ï'  +0.44px
    {  10, 182,  -13 },   // '*''ð'  -0.41px
    {  10, 184,  -13 },   // '*''ò'  -0.41px
    {  10, 185,  -13 },   // '*''ó'  -0.41px
    {  10, 186,  -13 },   // '*''ô'  -0.41px
    {  10, 187,  -13 },   // '*''õ'  -0.41px
    {  10, 188,  -13 },   // '*''ö'  -0.41px
    {  10, 190,  -13 },   // '*''ø'  -0.41px
    {  10, 195,   12 },   // '*''ý'  +0.38px
    {  10, 196,   14 },   // '*''þ'  +0.44px
    {  10, 197,   12 },   // '*''ÿ'  +0.38px
    {  12,  10,  -32 },   // ',''*'  -1.00px
    {  12,  13,  -26 },   // ',''-'  -0.81px
    {  12,  15,   38 },   // ',''/'  +1.19px
    {  12,  31,  -42 },   // ',''?'  -1.31px
    {  12,  32,  -22 },   // ',''@'  -0.69px
    {  12,  33,   12 },   // ',''A'  +0.38px
    {  12,  35,  -22 },   // ',''C'  -0.69px
    {  12,  39,  -22 },   // ',''G'  -0.69px
    {  12,  42,   20 },   // ',''J'  +0.62px
    {  12,  47,  -22 },   // ',''O'  -0.69px
    {  12,  49,  -22 },   // ',''Q'  -0.69px
    {  12,  52,  -38 },   // ',''T'  -1.19px
    {  12,  53,  -12 },   // ',''U'  -0.38px
    {  12,  54,  -32 },   // ',''V'  -1.00px
    {  12,  55,  -32 },   // ',''W'  -1.00px
    {  12,  57,  -39 },   // ',''Y'  -1.22px
    {  12,  67,  -10 },   // ',''c'  -0.31px
    {  12,  68,  -10 },   // ',''d'  -0.31px
    {  12,  69,  -10 },   // ',''e'  -0.31px
    {  12,  70,  -12 },   // ',''f'  -0.38px
    {  12,  71,  -10 },   // ',''g'  -0.31px
    {  12,  74,   12 },   // ',''j'  +0.38px
    {  12,  79,  -10 },   // ',''o'  -0.31px
    {  12,  81,  -10 },   // ',''q'  -0.31px
    {  12,  84,  -18 },   // ',''t'  -0.56px
    {  12,  86,  -28 },   // ',''v'  -0.88px
    {  12,  87,  -28 },   // ',''w'  -0.88px
    {  12,  88,    8 },   // ',''x'  +0.25px
    {  12,  89,  -28 },   // ',''y'  -0.88px
    {  12,  91,  -26 },   // ',''{'  -0.81px
    {  12,  95,  -18 },   // ',''‹'  -0.56px
    {  12,  97,  -26 },   // ',''·'  -0.81px
    {  12,  98,  -32 },   // ',''‘'  -1.00px
    {  12,  99,  -32 },   // ',''’'  -1.00px
    {  12, 100,  -32 },   // ',''“'  -1.00px
    {  12, 101,  -32 },   // ',''”'  -1.00px
    {  12, 102,  -26 },   // ',''–'  -0.81px
    {  12, 103,  -26 },   // ',''—'  -0.81px
    {  12, 113,  -22 },   // ',''©'  -0.69px
    {  12, 114,  -32 },   // ',''ª'  -1.00px
    {  12, 115,  -18 },   // ',''«'  -0.56px
    {  12, 117,  -22 },   // ',''®'  -0.69px
    {  12, 119,  -38 },   // ',''°'  -1.19px
    {  12, 128,  -32 },   // ',''º'  -1.00px
    {  12, 134,   12 },   // ',''À'  +0.38px
    {  12, 135,   12 },   // ',''Á'  +0.38px
    {  12, 136,   12 },   // ',''Â'  +0.38px
    {  12, 137,   12 },   // ',''Ã'  +0.38px
    {  12, 138,   12 },   // ',''Ä'  +0.38px
    {  12, 139,   12 },   // ',''Å'  +0.38px
    {  12, 140,   12 },   // ',''Æ'  +0.38px
    {  12, 141,  -22 },   // ',''Ç'  -0.69px
    {  12, 152,  -22 },   // ',''Ò'  -0.69px
    {  12, 153,  -22 },   // ',''Ó'  -0.69px
    {  12, 154,  -22 },   // ',''Ô'  -0.69px
    {  12, 155,  -22 },   // ',''Õ'  -0.69px
    {  12, 156,  -22 },   // ',''Ö'  -0.69px
    {  12, 158,  -22 },   // ',''Ø'  -0.69px
    {  12, 159,  -12 },   // ',''Ù'  -0.38px
    {  12, 160,  -12 },   // ',''Ú'  -0.38px
    {  12, 161,  -12 },   // ',''Û'  -0.38px
    {  12, 162,  -12 },   // ',''Ü'  -0.38px
    {  12, 163,  -39 },   // ',''Ý'  -1.22px
    {  12, 173,  -10 },   // ',''ç'  -0.31px
    {  12, 174,  -10 },   // ',''è'  -0.31px
    {  12, 175,  -10 },   // ',''é'  -0.31px
    {  12, 176,  -10 },   // ',''ê'  -0.31px
    {  12, 177,  -10 },   // ',''ë'  -0.31px
    {  12, 182,  -10 },   // ',''ð'  -0.31px
    {  12, 184,  -10 },   // ',''ò'  -0.31px
    {  12, 185,  -10 },   // ',''ó'  -0.31px
    {  12, 186,  -10 },   // ',''ô'  -0.31px
    {  12, 187,  -10 },   // ',''õ'  -0.31px
    {  12, 188,  -10 },   // ',''ö'  -0.31px
    {  12, 190,  -10 },   // ',''ø'  -0.31px
    {  12, 195,  -28 },   // ',''ý'  -0.88px
    {  12, 197,  -28 },   // ',''ÿ'  -0.88px
    {  13,  10,  -38 },   // '-''*'  -1.19px
    {  13,  12,  -26 },   // '-'','  -0.81px
    {  13,  14,  -26 },   // '-''.'  -0.81px
    {  13,  26,  -10 },   // '-'':'  -0.31px
    {  13,  27,  -10 },   // '-'';'  -0.31px
    {  13,  31,  -22 },   // '-''?'  -0.69px
    {  13,  33,  -10 },   // '-''A'  -0.31px
    {  13,  42,  -16 },   // '-''J'  -0.50px
    {  13,  51,  -12 },   // '-''S'  -0.38px
    {  13,  52,  -28 },   // '-''T'  -0.88px
    {  13,  54,  -29 },   // '-''V'  -0.91px
    {  13,  55,  -29 },   // '-''W'  -0.91px
    {  13,  56,  -14 },   // '-''X'  -0.44px
    {  13,  57,  -30 },   // '-''Y'  -0.94px
    {  13,  63,  -26 },   // '-''_'  -0.81px
    {  13,  67,    8 },   // '-''c'  +0.25px
    {  13,  68,    8 },   // '-''d'  +0.25px
    {  13,  69,    8 },   // '-''e'  +0.25px
    {  13,  71,    8 },   // '-''g'  +0.25px
    {  13,  79,    8 },   // '-''o'  +0.25px
    {  13,  81,    8 },   // '-''q'  +0.25px
    {  13,  86,  -10 },   // '-''v'  -0.31px
    {  13,  87,  -10 },   // '-''w'  -0.31px
    {  13,  88,  -14 },   // '-''x'  -0.44px
    {  13,  89,  -10 },   // '-''y'  -0.31px
    {  13,  96,  -13 },   // '-''›'  -0.41px
    {  13,  98,  -26 },   // '-''‘'  -0.81px
    {  13,  99,  -26 },   // '-''’'  -0.81px
    {  13, 100,  -26 },   // '-''“'  -0.81px
    {  13, 101,  -26 },   // '-''”'  -0.81px
    {  13, 104,  -26 },   // '-''…'  -0.81px
    {  13, 114,  -29 },   // '-''ª'  -0.91px
    {  13, 119,  -32 },   // '-''°'  -1.00px
    {  13, 128,  -29 },   // '-''º'  -0.91px
    {  13, 129,  -13 },   // '-''»'  -0.41px
    {  13, 133,  -29 },   // '-''¿'  -0.91px
    {  13, 134,  -10 },   // '-''À'  -0.31px
    {  13, 135,  -10 },   // '-''Á'  -0.31px
    {  13, 136,  -10 },   // '-''Â'  -0.31px
    {  13, 137,  -10 },   // '-''Ã'  -0.31px
    {  13, 138,  -10 },   // '-''Ä'  -0.31px
    {  13, 139,  -10 },   // '-''Å'  -0.31px
    {  13, 140,  -10 },   // '-''Æ'  -0.31px
    {  13, 163,  -30 },   // '-''Ý'  -0.94px
    {  13, 173,    8 },   // '-''ç'  +0.25px
    {  13, 174,    8 },   // '-''è'  +0.25px
    {  13, 175,    8 },   // '-''é'  +0.25px
    {  13, 176,    8 },   // '-''ê'  +0.25px
    {  13, 177,    8 },   // '-''ë'  +0.25px
    {  13, 182,    8 },   // '-''ð'  +0.25px
    {  13, 184,    8 },   // '-''ò'  +0.25px
    {  13, 185,    8 },   // '-''ó'  +0.25px
    {  13, 186,    8 },   // '-''ô'  +0.25px
    {  13, 187,    8 },   // '-''õ'  +0.25px
    {  13, 188,    8 },   // '-''ö'  +0.25px
    {  13, 190,    8 },   // '-''ø'  +0.25px
    {  13, 195,  -10 },   // '-''ý'  -0.31px
    {  13, 197,  -10 },   // '-''ÿ'  -0.31px
    {  14,  10,  -32 },   // '.''*'  -1.00px
    {  14,  13,  -26 },   // '.''-'  -0.81px
    {  14,  15,   38 },   // '.''/'  +1.19px
    {  14,  31,  -42 },   // '.''?'  -1.31px
    {  14,  32,  -22 },   // '.''@'  -0.69px
    {  14,  33,   12 },   // '.''A'  +0.38px
    {  14,  35,  -22 },   // '.''C'  -0.69px
    {  14,  39,  -22 },   // '.''G'  -0.69px
    {  14,  42,   20 },   // '.''J'  +0.62px
    {  14,  47,  -22 },   // '.''O'  -0.69px
    {  14,  49,  -22 },   // '.''Q'  -0.69px
    {  14,  52,  -38 },   // '.''T'  -1.19px
    {  14,  53,  -12 },   // '.''U'  -0.38px
    {  14,  54,  -32 },   // '.''V'  -1.00px
    {  14,  55,  -32 },   // '.''W'  -1.00px
    {  14,  57,  -39 },   // '.''Y'  -1.22px
    {  14,  67,  -10 },   // '.''c'  -0.31px
    {  14,  68,  -10 },   // '.''d'  -0.31px
    {  14,  69,  -10 },   // '.''e'  -0.31px
    {  14,  70,  -12 },   // '.''f'  -0.38px
    {  14,  71,  -10 },   // '.''g'  -0.31px
    {  14,  74,   12 },   // '.''j'  +0.38px
    {  14,  79,  -10 },   // '.''o'  -0.31px
    {  14,  81,  -10 },   // '.''q'  -0.31px
    {  14,  84,  -18 },   // '.''t'  -0.56px
    {  14,  86,  -28 },   // '.''v'  -0.88px
    {  14,  87,  -28 },   // '.''w'  -0.88px
    {  14,  88,    8 },   // '.''x'  +0.25px
    {  14,  89,  -28 },   // '.''y'  -0.88px
    {  14,  91,  -26 },   // '.''{'  -0.81px
    {  14,  95,  -18 },   // '.''‹'  -0.56px
    {  14,  97,  -26 },   // '.''·'  -0.81px
    {  14,  98,  -32 },   // '.''‘'  -1.00px
    {  14,  99,  -32 },   // '.''’'  -1.00px
    {  14, 100,  -32 },   // '.''“'  -1.00px
    {  14, 101,  -32 },   // '.''”'  -1.00px
    {  14, 102,  -26 },   // '.''–'  -0.81px
    {  14, 103,  -26 },   // '.''—'  -0.81px
    {  14, 113,  -22 },   // '.''©'  -0.69px
    {  14, 114,  -32 },   // '.''ª'  -1.00px
    {  14, 115,  -18 },   // '.''«'  -0.56px
    {  14, 117,  -22 },   // '.''®'  -0.69px
    {  14, 119,  -38 },   // '.''°'  -1.19px
    {  14, 128,  -32 },   // '.''º'  -1.00px
    {  14, 134,   12 },   // '.''À'  +0.38px
    {  14, 135,   12 },   // '.''Á'  +0.38px
    {  14, 136,   12 },   // '.''Â'  +0.38px
    {  14, 137,   12 },   // '.''Ã'  +0.38px
    {  14, 138,   12 },   // '.''Ä'  +0.38px
    {  14, 139,   12 },   // '.''Å'  +0.38px
    {  14, 140,   12 },   // '.''Æ'  +0.38px
    {  14, 141,  -22 },   // '.''Ç'  -0.69px
    {  14, 152,  -22 },   // '.''Ò'  -0.69px
    {  14, 153,  -22 },   // '.''Ó'  -0.69px
    {  14, 154,  -22 },   // '.''Ô'  -0.69px
    {  14, 155,  -22 },   // '.''Õ'  -0.69px
    {  14, 156,  -22 },   // '.''Ö'  -0.69px
    {  14, 158,  -22 },   // '.''Ø'  -0.69px
    {  14, 159,  -12 },   // '.''Ù'  -0.38px
    {  14, 160,  -12 },   // '.''Ú'  -0.38px
    {  14, 161,  -12 },   // '.''Û'  -0.38px
    {  14, 162,  -12 },   // '.''Ü'  -0.38px
    {  14, 163,  -39 },   // '.''Ý'  -1.22px
    {  14, 173,  -10 },   // '.''ç'  -0.31px
    {  14, 174,  -10 },   // '.''è'  -0.31px
    {  14, 175,  -10 },   // '.''é'  -0.31px
    {  14, 176,  -10 },   // '.''ê'  -0.31px
    {  14, 177,  -10 },   // '.''ë'  -0.31px
    {  14, 182,  -10 },   // '.''ð'  -0.31px
    {  14, 184,  -10 },   // '.''ò'  -0.31px
    {  14, 185,  -10 },   // '.''ó'  -0.31px
    {  14, 186,  -10 },   // '.''ô'  -0.31px
    {  14, 187,  -10 },   // '.''õ'  -0.31px
    {  14, 188,  -10 },   // '.''ö'  -0.31px
    {  14, 190,  -10 },   // '.''ø'  -0.31px
    {  14, 195,  -28 },   // '.''ý'  -0.88px
    {  14, 197,  -28 },   // '.''ÿ'  -0.88px
    {  15,   9,   23 },   // '/'')'  +0.72px
    {  15,  12,  -60 },   // '/'','  -1.88px
    {  15,  13,  -38 },   // '/''-'  -1.19px
    {  15,  14,  -60 },   // '/''.'  -1.88px
    {  15,  15,  -26 },   // '/''/'  -0.81px
    {  15,  26,  -12 },   // '/'':'  -0.38px
    {  15,  27,  -12 },   // '/'';'  -0.38px
    {  15,  31,   29 },   // '/''?'  +0.91px
    {  15,  33,  -12 },   // '/''A'  -0.38px
    {  15,  42,  -23 },   // '/''J'  -0.72px
    {  15,  52,   23 },   // '/''T'  +0.72px
    {  15,  54,   23 },   // '/''V'  +0.72px
    {  15,  55,   23 },   // '/''W'  +0.72px
    {  15,  57,   20 },   // '/''Y'  +0.62px
    {  15,  58,    8 },   // '/''Z'  +0.25px
    {  15,  61,   23 },   // '/'']'  +0.72px
    {  15,  63,  -60 },   // '/''_'  -1.88px
    {  15,  65,  -34 },   // '/''a'  -1.06px
    {  15,  67,  -34 },   // '/''c'  -1.06px
    {  15,  68,  -34 },   // '/''d'  -1.06px
    {  15,  69,  -34 },   // '/''e'  -1.06px
    {  15,  71,  -34 },   // '/''g'  -1.06px
    {  15,  77,  -34 },   // '/''m'  -1.06px
    {  15,  78,  -34 },   // '/''n'  -1.06px
    {  15,  79,  -34 },   // '/''o'  -1.06px
    {  15,  80,  -34 },   // '/''p'  -1.06px
    {  15,  81,  -34 },   // '/''q'  -1.06px
    {  15,  82,  -34 },   // '/''r'  -1.06px
    {  15,  83,  -34 },   // '/''s'  -1.06px
    {  15,  85,  -34 },   // '/''u'  -1.06px
    {  15,  86,  -18 },   // '/''v'  -0.56px
    {  15,  87,  -18 },   // '/''w'  -0.56px
    {  15,  88,  -29 },   // '/''x'  -0.91px
    {  15,  89,  -18 },   // '/''y'  -0.56px
    {  15,  90,  -34 },   // '/''z'  -1.06px
    {  15,  91,  -38 },   // '/''{'  -1.19px
    {  15,  93,   23 },   // '/''}'  +0.72px
    {  15,  95,  -38 },   // '/''‹'  -1.19px
    {  15,  96,  -29 },   // '/''›'  -0.91px
    {  15,  97,  -38 },   // '/''·'  -1.19px
    {  15, 102,  -38 },   // '/''–'  -1.19px
    {  15, 103,  -38 },   // '/''—'  -1.19px
    {  15, 104,  -60 },   // '/''…'  -1.88px
    {  15, 105,  -34 },   // '/''¡'  -1.06px
    {  15, 114,   12 },   // '/''ª'  +0.38px
    {  15, 115,  -38 },   // '/''«'  -1.19px
    {  15, 124,  -34 },   // '/''µ'  -1.06px
    {  15, 128,   12 },   // '/''º'  +0.38px
    {  15, 129,  -29 },   // '/''»'  -0.91px
    {  15, 133,  -34 },   // '/''¿'  -1.06px
    {  15, 134,  -12 },   // '/''À'  -0.38px
    {  15, 135,  -12 },   // '/''Á'  -0.38px
    {  15, 136,  -12 },   // '/''Â'  -0.38px
    {  15, 137,  -12 },   // '/''Ã'  -0.38px
    {  15, 138,  -12 },   // '/''Ä'  -0.38px
    {  15, 139,  -12 },   // '/''Å'  -0.38px
    {  15, 140,  -12 },   // '/''Æ'  -0.38px
    {  15, 163,   20 },   // '/''Ý'  +0.62px
    {  15, 172,  -34 },   // '/''æ'  -1.06px
    {  15, 173,  -34 },   // '/''ç'  -1.06px
    {  15, 174,  -34 },   // '/''è'  -1.06px
    {  15, 175,  -34 },   // '/''é'  -1.06px
    {  15, 176,  -34 },   // '/''ê'  -1.06px
    {  15, 177,  -34 },   // '/''ë'  -1.06px
    {  15, 182,  -34 },   // '/''ð'  -1.06px
    {  15, 183,  -34 },   // '/''ñ'  -1.06px
    {  15, 184,  -34 },   // '/''ò'  -1.06px
    {  15, 185,  -34 },   // '/''ó'  -1.06px
    {  15, 186,  -34 },   // '/''ô'  -1.06px
    {  15, 187,  -34 },   // '/''õ'  -1.06px
    {  15, 188,  -34 },   // '/''ö'  -1.06px
    {  15, 190,  -34 },   // '/''ø'  -1.06px
    {  15, 191,  -34 },   // '/''ù'  -1.06px
    {  15, 192,  -34 },   // '/''ú'  -1.06px
    {  15, 193,  -34 },   // '/''û'  -1.06px
    {  15, 194,  -34 },   // '/''ü'  -1.06px
    {  15, 195,  -18 },   // '/''ý'  -0.56px
    {  15, 197,  -18 },   // '/''ÿ'  -0.56px
    {  26,  13,  -10 },   // ':''-'  -0.31px
    {  26,  15,   32 },   // ':''/'  +1.00px
    {  26,  42,   12 },   // ':''J'  +0.38px
    {  26,  52,  -18 },   // ':''T'  -0.56px
    {  26,  54,  -18 },   // ':''V'  -0.56px
    {  26,  55,  -18 },   // ':''W'  -0.56px
    {  26,  57,  -22 },   // ':''Y'  -0.69px
    {  26,  74,   12 },   // ':''j'  +0.38px
    {  26,  91,  -10 },   // ':''{'  -0.31px
    {  26,  97,  -10 },   // ':''·'  -0.31px
    {  26, 102,  -10 },   // ':''–'  -0.31px
    {  26, 103,  -10 },   // ':''—'  -0.31px
    {  26, 163,  -22 },   // ':''Ý'  -0.69px
    {  27,  13,  -10 },   // ';''-'  -0.31px
    {  27,  15,   32 },   // ';''/'  +1.00px
    {  27,  42,   12 },   // ';''J'  +0.38px
    {  27,  52,  -18 },   // ';''T'  -0.56px
    {  27,  54,  -18 },   // ';''V'  -0.56px
    {  27,  55,  -18 },   // ';''W'  -0.56px
    {  27,  57,  -22 },   // ';''Y'  -0.69px
    {  27,  74,   12 },   // ';''j'  +0.38px
    {  27,  91,  -10 },   // ';''{'  -0.31px
    {  27,  97,  -10 },   // ';''·'  -0.31px
    {  27, 102,  -10 },   // ';''–'  -0.31px
    {  27, 103,  -10 },   // ';''—'  -0.31px
    {  27, 163,  -22 },   // ';''Ý'  -0.69px
    {  31,  12,  -49 },   // '?'','  -1.53px
    {  31,  14,  -49 },   // '?''.'  -1.53px
    {  31,  63,  -49 },   // '?''_'  -1.53px
    {  31, 104,  -49 },   // '?''…'  -1.53px
    {  31, 114,   14 },   // '?''ª'  +0.44px
    {  31, 119,    8 },   // '?''°'  +0.25px
    {  31, 128,   14 },   // '?''º'  +0.44px
    {  31, 133,  -10 },   // '?''¿'  -0.31px
    {  32,  12,  -22 },   // '@'','  -0.69px
    {  32,  14,  -22 },   // '@''.'  -0.69px
    {  32,  33,   -8 },   // '@''A'  -0.25px
    {  32,  42,  -19 },   // '@''J'  -0.59px
    {  32,  52,  -25 },   // '@''T'  -0.78px
    {  32,  54,  -10 },   // '@''V'  -0.31px
    {  32,  55,  -10 },   // '@''W'  -0.31px
    {  32,  56,  -16 },   // '@''X'  -0.50px
    {  32,  57,  -25 },   // '@''Y'  -0.78px
    {  32,  58,   -8 },   // '@''Z'  -0.25px
    {  32,  63,  -22 },   // '@''_'  -0.69px
    {  32,  74,   12 },   // '@''j'  +0.38px
    {  32, 104,  -22 },   // '@''…'  -0.69px
    {  32, 134,   -8 },   // '@''À'  -0.25px
    {  32, 135,   -8 },   // '@''Á'  -0.25px
    {  32, 136,   -8 },   // '@''Â'  -0.25px
    {  32, 137,   -8 },   // '@''Ã'  -0.25px
    {  32, 138,   -8 },   // '@''Ä'  -0.25px
    {  32, 139,   -8 },   // '@''Å'  -0.25px
    {  32, 140,   -8 },   // '@''Æ'  -0.25px
    {  32, 163,  -25 },   // '@''Ý'  -0.78px
    {  33,  10,  -42 },   // 'A''*'  -1.31px
    {  33,  12,   12 },   // 'A'','  +0.38px
    {  33,  13,  -10 },   // 'A''-'  -0.31px
    {  33,  14,   12 },   // 'A''.'  +0.38px
    {  33,  15,   18 },   // 'A''/'  +0.56px
    {  33,  31,  -32 },   // 'A''?'  -1.00px
    {  33,  32,   -8 },   // 'A''@'  -0.25px
    {  33,  33,   16 },   // 'A''A'  +0.50px
    {  33,  34,   16 },   // 'A''B'  +0.50px
    {  33,  35,  -16 },   // 'A''C'  -0.50px
    {  33,  36,   16 },   // 'A''D'  +0.50px
    {  33,  37,   16 },   // 'A''E'  +0.50px
    {  33,  38,   16 },   // 'A''F'  +0.50px
    {  33,  39,  -16 },   // 'A''G'  -0.50px
    {  33,  40,   16 },   // 'A''H'  +0.50px
    {  33,  41,   16 },   // 'A''I'  +0.50px
    {  33,  42,   16 },   // 'A''J'  +0.50px
    {  33,  43,   16 },   // 'A''K'  +0.50px
    {  33,  44,   16 },   // 'A''L'  +0.50px
    {  33,  45,   16 },   // 'A''M'  +0.50px
    {  33,  46,   16 },   // 'A''N'  +0.50px
    {  33,  47,  -16 },   // 'A''O'  -0.50px
    {  33,  48,   16 },   // 'A''P'  +0.50px
    {  33,  49,  -16 },   // 'A''Q'  -0.50px
    {  33,  50,   16 },   // 'A''R'  +0.50px
    {  33,  51,  -16 },   // 'A''S'  -0.50px
    {  33,  52,  -80 },   // 'A''T'  -2.50px
    {  33,  53,   16 },   // 'A''U'  +0.50px
    {  33,  54,  -48 },   // 'A''V'  -1.50px
    {  33,  55,  -48 },   // 'A''W'  -1.50px
    {  33,  56,  -16 },   // 'A''X'  -0.50px
    {  33,  57,  -80 },   // 'A''Y'  -2.50px
    {  33,  58,  -16 },   // 'A''Z'  -0.50px
    {  33,  63,   12 },   // 'A''_'  +0.38px
    {  33,  65,   16 },   // 'A''a'  +0.50px
    {  33,  66,   16 },   // 'A''b'  +0.50px
    {  33,  67,  -16 },   // 'A''c'  -0.50px
    {  33,  68,  -16 },   // 'A''d'  -0.50px
    {  33,  69,  -16 },   // 'A''e'  -0.50px
    {  33,  70,  -16 },   // 'A''f'  -0.50px
    {  33,  71,  -16 },   // 'A''g'  -0.50px
    {  33,  72,   16 },   // 'A''h'  +0.50px
    {  33,  73,   16 },   // 'A''i'  +0.50px
    {  33,  74,   16 },   // 'A''j'  +0.50px
    {  33,  75,   16 },   // 'A''k'  +0.50px
    {  33,  76,   16 },   // 'A''l'  +0.50px
    {  33,  77,   16 },   // 'A''m'  +0.50px
    {  33,  78,   16 },   // 'A''n'  +0.50px
    {  33,  79,  -16 },   // 'A''o'  -0.50px
    {  33,  80,   16 },   // 'A''p'  +0.50px
    {  33,  81,  -16 },   // 'A''q'  -0.50px
    {  33,  82,   16 },   // 'A''r'  +0.50px
    {  33,  83,   16 },   // 'A''s'  +0.50px
    {  33,  84,   16 },   // 'A''t'  +0.50px
    {  33,  85,   16 },   // 'A''u'  +0.50px
    {  33,  86,  -16 },   // 'A''v'  -0.50px
    {  33,  87,  -16 },   // 'A''w'  -0.50px
    {  33,  88,  -16 },   // 'A''x'  -0.50px
    {  33,  89,  -16 },   // 'A''y'  -0.50px
    {  33,  90,  -16 },   // 'A''z'  -0.50px
    {  33,  91,  -10 },   // 'A''{'  -0.31px
    {  33,  95,  -10 },   // 'A''‹'  -0.31px
    {  33,  97,  -10 },   // 'A''·'  -0.31px
    {  33,  98,  -34 },   // 'A''‘'  -1.06px
    {  33,  99,  -34 },   // 'A''’'  -1.06px
    {  33, 100,  -34 },   // 'A''“'  -1.06px
    {  33, 101,  -34 },   // 'A''”'  -1.06px
    {  33, 102,  -10 },   // 'A''–'  -0.31px
    {  33, 103,  -10 },   // 'A''—'  -0.31px
    {  33, 104,   12 },   // 'A''…'  +0.38px
    {  33, 113,   -8 },   // 'A''©'  -0.25px
    {  33, 114,  -50 },   // 'A''ª'  -1.56px
    {  33, 115,  -10 },   // 'A''«'  -0.31px
    {  33, 117,   -8 },   // 'A''®'  -0.25px
    {  33, 119,  -49 },   // 'A''°'  -1.53px
    {  33, 128,  -50 },   // 'A''º'  -1.56px
    {  33, 141,   -8 },   // 'A''Ç'  -0.25px
    {  33, 152,   -8 },   // 'A''Ò'  -0.25px
    {  33, 153,   -8 },   // 'A''Ó'  -0.25px
    {  33, 154,   -8 },   // 'A''Ô'  -0.25px
    {  33, 155,   -8 },   // 'A''Õ'  -0.25px
    {  33, 156,   -8 },   // 'A''Ö'  -0.25px
    {  33, 158,   -8 },   // 'A''Ø'  -0.25px
    {  33, 163,  -38 },   // 'A''Ý'  -1.19px
    {  33, 195,  -16 },   // 'A''ý'  -0.50px
    {  33, 197,  -16 },   // 'A''ÿ'  -0.50px
    {  34,  33,  -16 },   // 'B''A'  -0.50px
    {  34,  34,  -16 },   // 'B''B'  -0.50px
    {  34,  35,  -16 },   // 'B''C'  -0.50px
    {  34,  36,  -16 },   // 'B''D'  -0.50px
    {  34,  37,  -16 },   // 'B''E'  -0.50px
    {  34,  38,  -16 },   // 'B''F'  -0.50px
    {  34,  39,  -16 },   // 'B''G'  -0.50px
    {  34,  40,  -16 },   // 'B''H'  -0.50px
    {  34,  41,  -16 },   // 'B''I'  -0.50px
    {  34,  42,  -16 },   // 'B''J'  -0.50px
    {  34,  43,  -16 },   // 'B''K'  -0.50px
    {  34,  44,  -16 },   // 'B''L'  -0.50px
    {  34,  45,  -16 },   // 'B''M'  -0.50px
    {  34,  46,  -16 },   // 'B''N'  -0.50px
    {  34,  47,  -16 },   // 'B''O'  -0.50px
    {  34,  48,  -16 },   // 'B''P'  -0.50px
    {  34,  49,  -16 },   // 'B''Q'  -0.50px
    {  34,  50,  -16 },   // 'B''R'  -0.50px
    {  34,  51,  -48 },   // 'B''S'  -1.50px
    {  34,  52,  -16 },   // 'B''T'  -0.50px
    {  34,  53,  -16 },   // 'B''U'  -0.50px
    {  34,  54,  -16 },   // 'B''V'  -0.50px
    {  34,  55,  -48 },   // 'B''W'  -1.50px
    {  34,  56,  -16 },   // 'B''X'  -0.50px
    {  34,  57,  -16 },   // 'B''Y'  -0.50px
    {  34,  58,  -48 },   // 'B''Z'  -1.50px
    {  34,  65,  -16 },   // 'B''a'  -0.50px
    {  34,  66,  -16 },   // 'B''b'  -0.50px
    {  34,  67,  -16 },   // 'B''c'  -0.50px
    {  34,  68,  -16 },   // 'B''d'  -0.50px
    {  34,  69,  -16 },   // 'B''e'  -0.50px
    {  34,  70,  -16 },   // 'B''f'  -0.50px
    {  34,  71,  -16 },   // 'B''g'  -0.50px
    {  34,  72,  -16 },   // 'B''h'  -0.50px
    {  34,  73,  -16 },   // 'B''i'  -0.50px
    {  34,  74,  -16 },   // 'B''j'  -0.50px
    {  34,  75,  -16 },   // 'B''k'  -0.50px
    {  34,  76,  -16 },   // 'B''l'  -0.50px
    {  34,  77,  -16 },   // 'B''m'  -0.50px
    {  34,  78,  -16 },   // 'B''n'  -0.50px
    {  34,  79,  -16 },   // 'B''o'  -0.50px
    {  34,  80,  -16 },   // 'B''p'  -0.50px
    {  34,  81,  -16 },   // 'B''q'  -0.50px
    {  34,  82,  -16 },   // 'B''r'  -0.50px
    {  34,  83,   16 },   // 'B''s'  +0.50px
    {  34,  84,  -16 },   // 'B''t'  -0.50px
    {  34,  85,  -16 },   // 'B''u'  -0.50px
    {  34,  86,  -16 },   // 'B''v'  -0.50px
    {  34,  87,  -16 },   // 'B''w'  -0.50px
    {  34,  88,  -16 },   // 'B''x'  -0.50px
    {  34,  89,  -16 },   // 'B''y'  -0.50px
    {  34,  90,  -48 },   // 'B''z'  -1.50px
    {  35,   6,  -13 },   // 'C''&'  -0.41px
    {  35,  13,  -19 },   // 'C''-'  -0.59px
    {  35,  15,   10 },   // 'C''/'  +0.31px
    {  35,  31,   12 },   // 'C''?'  +0.38px
    {  35,  32,  -13 },   // 'C''@'  -0.41px
    {  35,  33,   22 },   // 'C''A'  +0.69px
    {  35,  34,  -10 },   // 'C''B'  -0.31px
    {  35,  35,  -74 },   // 'C''C'  -2.31px
    {  35,  36,  -10 },   // 'C''D'  -0.31px
    {  35,  37,  -10 },   // 'C''E'  -0.31px
    {  35,  38,  -10 },   // 'C''F'  -0.31px
    {  35,  39,  -74 },   // 'C''G'  -2.31px
    {  35,  40,  -10 },   // 'C''H'  -0.31px
    {  35,  41,  -10 },   // 'C''I'  -0.31px
    {  35,  42,   22 },   // 'C''J'  +0.69px
    {  35,  43,  -10 },   // 'C''K'  -0.31px
    {  35,  44,  -10 },   // 'C''L'  -0.31px
    {  35,  45,  -10 },   // 'C''M'  -0.31px
    {  35,  46,  -10 },   // 'C''N'  -0.31px
    {  35,  47,  -74 },   // 'C''O'  -2.31px
    {  35,  48,  -10 },   // 'C''P'  -0.31px
    {  35,  49,  -74 },   // 'C''Q'  -2.31px
    {  35,  50,  -10 },   // 'C''R'  -0.31px
    {  35,  51,  -10 },   // 'C''S'  -0.31px
    {  35,  52,  -10 },   // 'C''T'  -0.31px
    {  35,  53,  -42 },   // 'C''U'  -1.31px
    {  35,  54,  -10 },   // 'C''V'  -0.31px
    {  35,  55,  -42 },   // 'C''W'  -1.31px
    {  35,  56,  -10 },   // 'C''X'  -0.31px
    {  35,  57,  -10 },   // 'C''Y'  -0.31px
    {  35,  58,  -10 },   // 'C''Z'  -0.31px
    {  35,  65,  -10 },   // 'C''a'  -0.31px
    {  35,  66,  -10 },   // 'C''b'  -0.31px
    {  35,  67,  -42 },   // 'C''c'  -1.31px
    {  35,  68,  -42 },   // 'C''d'  -1.31px
    {  35,  69,  -42 },   // 'C''e'  -1.31px
    {  35,  70,  -42 },   // 'C''f'  -1.31px
    {  35,  71,  -42 },   // 'C''g'  -1.31px
    {  35,  72,  -10 },   // 'C''h'  -0.31px
    {  35,  73,  -10 },   // 'C''i'  -0.31px
    {  35,  74,  -10 },   // 'C''j'  -0.31px
    {  35,  75,  -10 },   // 'C''k'  -0.31px
    {  35,  76,  -10 },   // 'C''l'  -0.31px
    {  35,  77,  -10 },   // 'C''m'  -0.31px
    {  35,  78,  -10 },   // 'C''n'  -0.31px
    {  35,  79,  -42 },   // 'C''o'  -1.31px
    {  35,  80,  -10 },   // 'C''p'  -0.31px
    {  35,  81,  -42 },   // 'C''q'  -1.31px
    {  35,  82,  -10 },   // 'C''r'  -0.31px
    {  35,  83,   22 },   // 'C''s'  +0.69px
    {  35,  84,  -42 },   // 'C''t'  -1.31px
    {  35,  85,  -10 },   // 'C''u'  -0.31px
    {  35,  86,  -74 },   // 'C''v'  -2.31px
    {  35,  87,  -74 },   // 'C''w'  -2.31px
    {  35,  88,  -10 },   // 'C''x'  -0.31px
    {  35,  89,  -74 },   // 'C''y'  -2.31px
    {  35,  90,  -10 },   // 'C''z'  -0.31px
    {  35,  91,  -19 },   // 'C''{'  -0.59px
    {  35,  95,  -13 },   // 'C''‹'  -0.41px
    {  35,  97,  -19 },   // 'C''·'  -0.59px
    {  35, 102,  -19 },   // 'C''–'  -0.59px
    {  35, 103,  -19 },   // 'C''—'  -0.59px
    {  35, 113,  -13 },   // 'C''©'  -0.41px
    {  35, 115,  -13 },   // 'C''«'  -0.41px
    {  35, 117,  -13 },   // 'C''®'  -0.41px
    {  35, 134,   -8 },   // 'C''À'  -0.25px
    {  35, 135,   -8 },   // 'C''Á'  -0.25px
    {  35, 136,   -8 },   // 'C''Â'  -0.25px
    {  35, 137,   -8 },   // 'C''Ã'  -0.25px
    {  35, 138,   -8 },   // 'C''Ä'  -0.25px
    {  35, 139,   -8 },   // 'C''Å'  -0.25px
    {  35, 140,   -8 },   // 'C''Æ'  -0.25px
    {  35, 141,  -13 },   // 'C''Ç'  -0.41px
    {  35, 152,  -13 },   // 'C''Ò'  -0.41px
    {  35, 153,  -13 },   // 'C''Ó'  -0.41px
    {  35, 154,  -13 },   // 'C''Ô'  -0.41px
    {  35, 155,  -13 },   // 'C''Õ'  -0.41px
    {  35, 156,  -13 },   // 'C''Ö'  -0.41px
    {  35, 158,  -13 },   // 'C''Ø'  -0.41px
    {  35, 163,   -8 },   // 'C''Ý'  -0.25px
    {  35, 172,  -10 },   // 'C''æ'  -0.31px
    {  35, 173,  -20 },   // 'C''ç'  -0.62px
    {  35, 174,  -20 },   // 'C''è'  -0.62px
    {  35, 175,  -20 },   // 'C''é'  -0.62px
    {  35, 176,  -20 },   // 'C''ê'  -0.62px
    {  35, 177,  -20 },   // 'C''ë'  -0.62px
    {  35, 182,  -20 },   // 'C''ð'  -0.62px
    {  35, 184,  -20 },   // 'C''ò'  -0.62px
    {  35, 185,  -20 },   // 'C''ó'  -0.62px
    {  35, 186,  -20 },   // 'C''ô'  -0.62px
    {  35, 187,  -20 },   // 'C''õ'  -0.62px
    {  35, 188,  -20 },   // 'C''ö'  -0.62px
    {  35, 190,  -20 },   // 'C''ø'  -0.62px
    {  35, 195,  -14 },   // 'C''ý'  -0.44px
    {  35, 197,  -14 },   // 'C''ÿ'  -0.44px
    {  36,  12,  -22 },   // 'D'','  -0.69px
    {  36,  14,  -22 },   // 'D''.'  -0.69px
    {  36,  33,    6 },   // 'D''A'  +0.19px
    {  36,  34,    6 },   // 'D''B'  +0.19px
    {  36,  35,    6 },   // 'D''C'  +0.19px
    {  36,  36,    6 },   // 'D''D'  +0.19px
    {  36,  37,    6 },   // 'D''E'  +0.19px
    {  36,  38,    6 },   // 'D''F'  +0.19px
    {  36,  39,    6 },   // 'D''G'  +0.19px
    {  36,  40,    6 },   // 'D''H'  +0.19px
    {  36,  41,    6 },   // 'D''I'  +0.19px
    {  36,  42,  -26 },   // 'D''J'  -0.81px
    {  36,  43,    6 },   // 'D''K'  +0.19px
    {  36,  44,    6 },   // 'D''L'  +0.19px
    {  36,  45,    6 },   // 'D''M'  +0.19px
    {  36,  46,    6 },   // 'D''N'  +0.19px
    {  36,  47,    6 },   // 'D''O'  +0.19px
    {  36,  48,    6 },   // 'D''P'  +0.19px
    {  36,  49,    6 },   // 'D''Q'  +0.19px
    {  36,  50,    6 },   // 'D''R'  +0.19px
    {  36,  51,  -58 },   // 'D''S'  -1.81px
    {  36,  52,  -58 },   // 'D''T'  -1.81px
    {  36,  53,    6 },   // 'D''U'  +0.19px
    {  36,  54,  -58 },   // 'D''V'  -1.81px
    {  36,  55,  -58 },   // 'D''W'  -1.81px
    {  36,  56,  -26 },   // 'D''X'  -0.81px
    {  36,  57,  -58 },   // 'D''Y'  -1.81px
    {  36,  58,  -58 },   // 'D''Z'  -1.81px
    {  36,  63,  -22 },   // 'D''_'  -0.69px
    {  36,  65,    6 },   // 'D''a'  +0.19px
    {  36,  66,    6 },   // 'D''b'  +0.19px
    {  36,  67,    6 },   // 'D''c'  +0.19px
    {  36,  68,    6 },   // 'D''d'  +0.19px
    {  36,  69,    6 },   // 'D''e'  +0.19px
    {  36,  70,  -26 },   // 'D''f'  -0.81px
    {  36,  71,    6 },   // 'D''g'  +0.19px
    {  36,  72,    6 },   // 'D''h'  +0.19px
    {  36,  73,    6 },   // 'D''i'  +0.19px
    {  36,  74,    6 },   // 'D''j'  +0.19px
    {  36,  75,    6 },   // 'D''k'  +0.19px
    {  36,  76,    6 },   // 'D''l'  +0.19px
    {  36,  77,    6 },   // 'D''m'  +0.19px
    {  36,  78,    6 },   // 'D''n'  +0.19px
    {  36,  79,    6 },   // 'D''o'  +0.19px
    {  36,  80,    6 },   // 'D''p'  +0.19px
    {  36,  81,    6 },   // 'D''q'  +0.19px
    {  36,  82,    6 },   // 'D''r'  +0.19px
    {  36,  83,    6 },   // 'D''s'  +0.19px
    {  36,  84,    6 },   // 'D''t'  +0.19px
    {  36,  85,    6 },   // 'D''u'  +0.19px
    {  36,  86,    6 },   // 'D''v'  +0.19px
    {  36,  87,    6 },   // 'D''w'  +0.19px
    {  36,  88,  -26 },   // 'D''x'  -0.81px
    {  36,  89,    6 },   // 'D''y'  +0.19px
    {  36,  90,  -26 },   // 'D''z'  -0.81px
    {  36, 104,  -22 },   // 'D''…'  -0.69px
    {  36, 134,   -8 },   // 'D''À'  -0.25px
    {  36, 135,   -8 },   // 'D''Á'  -0.25px
    {  36, 136,   -8 },   // 'D''Â'  -0.25px
    {  36, 137,   -8 },   // 'D''Ã'  -0.25px
    {  36, 138,   -8 },   // 'D''Ä'  -0.25px
    {  36, 139,   -8 },   // 'D''Å'  -0.25px
    {  36, 140,   -8 },   // 'D''Æ'  -0.25px
    {  36, 163,  -25 },   // 'D''Ý'  -0.78px
    {  37,  15,   19 },   // 'E''/'  +0.59px
    {  37,  33,    5 },   // 'E''A'  +0.16px
    {  37,  34,  -27 },   // 'E''B'  -0.84px
    {  37,  35,  -59 },   // 'E''C'  -1.84px
    {  37,  36,  -27 },   // 'E''D'  -0.84px
    {  37,  37,  -27 },   // 'E''E'  -0.84px
    {  37,  38,  -27 },   // 'E''F'  -0.84px
    {  37,  39,  -59 },   // 'E''G'  -1.84px
    {  37,  40,  -27 },   // 'E''H'  -0.84px
    {  37,  41,  -27 },   // 'E''I'  -0.84px
    {  37,  42,    5 },   // 'E''J'  +0.16px
    {  37,  43,  -27 },   // 'E''K'  -0.84px
    {  37,  44,  -27 },   // 'E''L'  -0.84px
    {  37,  45,  -27 },   // 'E''M'  -0.84px
    {  37,  46,  -27 },   // 'E''N'  -0.84px
    {  37,  47,  -59 },   // 'E''O'  -1.84px
    {  37,  48,  -27 },   // 'E''P'  -0.84px
    {  37,  49,  -59 },   // 'E''Q'  -1.84px
    {  37,  50,  -27 },   // 'E''R'  -0.84px
    {  37,  51,  -27 },   // 'E''S'  -0.84px
    {  37,  52,    5 },   // 'E''T'  +0.16px
    {  37,  53,  -27 },   // 'E''U'  -0.84px
    {  37,  54,    5 },   // 'E''V'  +0.16px
    {  37,  55,  -27 },   // 'E''W'  -0.84px
    {  37,  56,  -27 },   // 'E''X'  -0.84px
    {  37,  57,    5 },   // 'E''Y'  +0.16px
    {  37,  58,  -27 },   // 'E''Z'  -0.84px
    {  37,  65,  -27 },   // 'E''a'  -0.84px
    {  37,  66,  -27 },   // 'E''b'  -0.84px
    {  37,  67,  -59 },   // 'E''c'  -1.84px
    {  37,  68,  -59 },   // 'E''d'  -1.84px
    {  37,  69,  -59 },   // 'E''e'  -1.84px
    {  37,  70,  -59 },   // 'E''f'  -1.84px
    {  37,  71,  -59 },   // 'E''g'  -1.84px
    {  37,  72,  -27 },   // 'E''h'  -0.84px
    {  37,  73,  -27 },   // 'E''i'  -0.84px
    {  37,  74,  -27 },   // 'E''j'  -0.84px
    {  37,  75,  -27 },   // 'E''k'  -0.84px
    {  37,  76,  -27 },   // 'E''l'  -0.84px
    {  37,  77,  -27 },   // 'E''m'  -0.84px
    {  37,  78,  -27 },   // 'E''n'  -0.84px
    {  37,  79,  -59 },   // 'E''o'  -1.84px
    {  37,  80,  -27 },   // 'E''p'  -0.84px
    {  37,  81,  -59 },   // 'E''q'  -1.84px
    {  37,  82,  -27 },   // 'E''r'  -0.84px
    {  37,  83,    5 },   // 'E''s'  +0.16px
    {  37,  84,  -59 },   // 'E''t'  -1.84px
    {  37,  85,  -27 },   // 'E''u'  -0.84px
    {  37,  86,  -59 },   // 'E''v'  -1.84px
    {  37,  87,  -59 },   // 'E''w'  -1.84px
    {  37,  88,  -27 },   // 'E''x'  -0.84px
    {  37,  89,  -59 },   // 'E''y'  -1.84px
    {  37,  90,  -27 },   // 'E''z'  -0.84px
    {  38,   9,    8 },   // 'F'')'  +0.25px
    {  38,  12,  -18 },   // 'F'','  -0.56px
    {  38,  14,  -18 },   // 'F''.'  -0.56px
    {  38,  15,  -14 },   // 'F''/'  -0.44px
    {  38,  33,  -70 },   // 'F''A'  -2.19px
    {  38,  34,  -38 },   // 'F''B'  -1.19px
    {  38,  35,  -38 },   // 'F''C'  -1.19px
    {  38,  36,  -38 },   // 'F''D'  -1.19px
    {  38,  37,  -38 },   // 'F''E'  -1.19px
    {  38,  38,  -38 },   // 'F''F'  -1.19px
    {  38,  39,  -38 },   // 'F''G'  -1.19px
    {  38,  40,  -38 },   // 'F''H'  -1.19px
    {  38,  41,  -38 },   // 'F''I'  -1.19px
    {  38,  42, -102 },   // 'F''J'  -3.19px
    {  38,  43,  -38 },   // 'F''K'  -1.19px
    {  38,  44,  -38 },   // 'F''L'  -1.19px
    {  38,  45,  -38 },   // 'F''M'  -1.19px
    {  38,  46,  -38 },   // 'F''N'  -1.19px
    {  38,  47,  -38 },   // 'F''O'  -1.19px
    {  38,  48,  -38 },   // 'F''P'  -1.19px
    {  38,  49,  -38 },   // 'F''Q'  -1.19px
    {  38,  50,  -38 },   // 'F''R'  -1.19px
    {  38,  51,  -70 },   // 'F''S'  -2.19px
    {  38,  52,   -6 },   // 'F''T'  -0.19px
    {  38,  53,  -38 },   // 'F''U'  -1.19px
    {  38,  54,   -6 },   // 'F''V'  -0.19px
    {  38,  55,  -38 },   // 'F''W'  -1.19px
    {  38,  56,  -38 },   // 'F''X'  -1.19px
    {  38,  57,   -6 },   // 'F''Y'  -0.19px
    {  38,  58,  -38 },   // 'F''Z'  -1.19px
    {  38,  61,    8 },   // 'F'']'  +0.25px
    {  38,  63,  -18 },   // 'F''_'  -0.56px
    {  38,  65,  -70 },   // 'F''a'  -2.19px
    {  38,  66,  -38 },   // 'F''b'  -1.19px
    {  38,  67,  -38 },   // 'F''c'  -1.19px
    {  38,  68,  -38 },   // 'F''d'  -1.19px
    {  38,  69,  -38 },   // 'F''e'  -1.19px
    {  38,  70,  -70 },   // 'F''f'  -2.19px
    {  38,  71,  -38 },   // 'F''g'  -1.19px
    {  38,  72,  -38 },   // 'F''h'  -1.19px
    {  38,  73,  -38 },   // 'F''i'  -1.19px
    {  38,  74,  -38 },   // 'F''j'  -1.19px
    {  38,  75,  -38 },   // 'F''k'  -1.19px
    {  38,  76,  -38 },   // 'F''l'  -1.19px
    {  38,  77,  -38 },   // 'F''m'  -1.19px
    {  38,  78,  -38 },   // 'F''n'  -1.19px
    {  38,  79,  -38 },   // 'F''o'  -1.19px
    {  38,  80,  -38 },   // 'F''p'  -1.19px
    {  38,  81,  -38 },   // 'F''q'  -1.19px
    {  38,  82,  -38 },   // 'F''r'  -1.19px
    {  38,  83,  -38 },   // 'F''s'  -1.19px
    {  38,  84,  -38 },   // 'F''t'  -1.19px
    {  38,  85,  -38 },   // 'F''u'  -1.19px
    {  38,  86,  -38 },   // 'F''v'  -1.19px
    {  38,  87,  -38 },   // 'F''w'  -1.19px
    {  38,  88,  -70 },   // 'F''x'  -2.19px
    {  38,  89,  -38 },   // 'F''y'  -1.19px
    {  38,  90, -128 },   // 'F''z'  -4.00px
    {  38,  93,    8 },   // 'F''}'  +0.25px
    {  38,  95,  -16 },   // 'F''‹'  -0.50px
    {  38,  96,   -8 },   // 'F''›'  -0.25px
    {  38, 104,  -18 },   // 'F''…'  -0.56px
    {  38, 114,    8 },   // 'F''ª'  +0.25px
    {  38, 115,  -16 },   // 'F''«'  -0.50px
    {  38, 128,    8 },   // 'F''º'  +0.25px
    {  38, 129,   -8 },   // 'F''»'  -0.25px
    {  38, 134,  -32 },   // 'F''À'  -1.00px
    {  38, 135,  -32 },   // 'F''Á'  -1.00px
    {  38, 136,  -32 },   // 'F''Â'  -1.00px
    {  38, 137,  -32 },   // 'F''Ã'  -1.00px
    {  38, 138,  -32 },   // 'F''Ä'  -1.00px
    {  38, 139,  -32 },   // 'F''Å'  -1.00px
    {  38, 140,  -32 },   // 'F''Æ'  -1.00px
    {  38, 165,   23 },   // 'F''ß'  +0.72px
    {  38, 172,  -12 },   // 'F''æ'  -0.38px
    {  38, 173,  -10 },   // 'F''ç'  -0.31px
    {  38, 174,  -10 },   // 'F''è'  -0.31px
    {  38, 175,  -10 },   // 'F''é'  -0.31px
    {  38, 176,  -10 },   // 'F''ê'  -0.31px
    {  38, 177,  -10 },   // 'F''ë'  -0.31px
    {  38, 178,   23 },   // 'F''ì'  +0.72px
    {  38, 179,   23 },   // 'F''í'  +0.72px
    {  38, 180,   23 },   // 'F''î'  +0.72px
    {  38, 181,   23 },   // 'F''ï'  +0.72px
    {  38, 182,  -10 },   // 'F''ð'  -0.31px
    {  38, 184,  -10 },   // 'F''ò'  -0.31px
    {  38, 185,  -10 },   // 'F''ó'  -0.31px
    {  38, 186,  -10 },   // 'F''ô'  -0.31px
    {  38, 187,  -10 },   // 'F''õ'  -0.31px
    {  38, 188,  -10 },   // 'F''ö'  -0.31px
    {  38, 190,  -10 },   // 'F''ø'  -0.31px
    {  38, 196,   23 },   // 'F''þ'  +0.72px
    {  39,  33,  -11 },   // 'G''A'  -0.34px
    {  39,  34,  -11 },   // 'G''B'  -0.34px
    {  39,  35,  -11 },   // 'G''C'  -0.34px
    {  39,  36,  -11 },   // 'G''D'  -0.34px
    {  39,  37,  -11 },   // 'G''E'  -0.34px
    {  39,  38,  -11 },   // 'G''F'  -0.34px
    {  39,  39,  -11 },   // 'G''G'  -0.34px
    {  39,  40,  -11 },   // 'G''H'  -0.34px
    {  39,  41,  -11 },   // 'G''I'  -0.34px
    {  39,  42,  -11 },   // 'G''J'  -0.34px
    {  39,  43,  -11 },   // 'G''K'  -0.34px
    {  39,  44,  -11 },   // 'G''L'  -0.34px
    {  39,  45,  -11 },   // 'G''M'  -0.34px
    {  39,  46,  -11 },   // 'G''N'  -0.34px
    {  39,  47,  -11 },   // 'G''O'  -0.34px
    {  39,  48,  -11 },   // 'G''P'  -0.34px
    {  39,  49,  -11 },   // 'G''Q'  -0.34px
    {  39,  50,  -11 },   // 'G''R'  -0.34px
    {  39,  51,  -11 },   // 'G''S'  -0.34px
    {  39,  52,  -11 },   // 'G''T'  -0.34px
    {  39,  53,  -11 },   // 'G''U'  -0.34px
    {  39,  54,  -11 },   // 'G''V'  -0.34px
    {  39,  55,  -43 },   // 'G''W'  -1.34px
    {  39,  56,  -11 },   // 'G''X'  -0.34px
    {  39,  57,  -11 },   // 'G''Y'  -0.34px
    {  39,  58,  -11 },   // 'G''Z'  -0.34px
    {  39,  65,  -11 },   // 'G''a'  -0.34px
    {  39,  66,  -11 },   // 'G''b'  -0.34px
    {  39,  67,  -11 },   // 'G''c'  -0.34px
    {  39,  68,  -11 },   // 'G''d'  -0.34px
    {  39,  69,  -11 },   // 'G''e'  -0.34px
    {  39,  70,  -43 },   // 'G''f'  -1.34px
    {  39,  71,  -11 },   // 'G''g'  -0.34px
    {  39,  72,  -11 },   // 'G''h'  -0.34px
    {  39,  73,  -11 },   // 'G''i'  -0.34px
    {  39,  74,  -11 },   // 'G''j'  -0.34px
    {  39,  75,  -11 },   // 'G''k'  -0.34px
    {  39,  76,  -11 },   // 'G''l'  -0.34px
    {  39,  77,  -11 },   // 'G''m'  -0.34px
    {  39,  78,  -11 },   // 'G''n'  -0.34px
    {  39,  79,  -11 },   // 'G''o'  -0.34px
    {  39,  80,  -11 },   // 'G''p'  -0.34px
    {  39,  81,  -11 },   // 'G''q'  -0.34px
    {  39,  82,  -11 },   // 'G''r'  -0.34px
    {  39,  83,  -11 },   // 'G''s'  -0.34px
    {  39,  84,  -11 },   // 'G''t'  -0.34px
    {  39,  85,  -11 },   // 'G''u'  -0.34px
    {  39,  86,  -11 },   // 'G''v'  -0.34px
    {  39,  87,  -11 },   // 'G''w'  -0.34px
    {  39,  88,  -43 },   // 'G''x'  -1.34px
    {  39,  89,  -11 },   // 'G''y'  -0.34px
    {  39,  90,  -43 },   // 'G''z'  -1.34px
    {  39, 163,   -8 },   // 'G''Ý'  -0.25px
    {  40,  33,  -32 },   // 'H''A'  -1.00px
    {  40,  35,  -32 },   // 'H''C'  -1.00px
    {  40,  39,  -32 },   // 'H''G'  -1.00px
    {  40,  42,  -32 },   // 'H''J'  -1.00px
    {  40,  47,  -32 },   // 'H''O'  -1.00px
    {  40,  49,  -32 },   // 'H''Q'  -1.00px
    {  40,  51,  -64 },   // 'H''S'  -2.00px
    {  40,  52,  -32 },   // 'H''T'  -1.00px
    {  40,  54,  -32 },   // 'H''V'  -1.00px
    {  40,  55,  -64 },   // 'H''W'  -2.00px
    {  40,  56,  -32 },   // 'H''X'  -1.00px
    {  40,  57,  -32 },   // 'H''Y'  -1.00px
    {  40,  58,  -64 },   // 'H''Z'  -2.00px
    {  40,  67,  -32 },   // 'H''c'  -1.00px
    {  40,  68,  -32 },   // 'H''d'  -1.00px
    {  40,  69,  -32 },   // 'H''e'  -1.00px
    {  40,  70,  -32 },   // 'H''f'  -1.00px
    {  40,  71,  -32 },   // 'H''g'  -1.00px
    {  40,  79,  -32 },   // 'H''o'  -1.00px
    {  40,  81,  -32 },   // 'H''q'  -1.00px
    {  40,  86,  -32 },   // 'H''v'  -1.00px
    {  40,  87,  -32 },   // 'H''w'  -1.00px
    {  40,  88,  -32 },   // 'H''x'  -1.00px
    {  40,  89,  -32 },   // 'H''y'  -1.00px
    {  40,  90,  -32 },   // 'H''z'  -1.00px
    {  41,  33,   -6 },   // 'I''A'  -0.19px
    {  41,  34,   26 },   // 'I''B'  +0.81px
    {  41,  35,   -6 },   // 'I''C'  -0.19px
    {  41,  36,   26 },   // 'I''D'  +0.81px
    {  41,  37,   26 },   // 'I''E'  +0.81px
    {  41,  38,   26 },   // 'I''F'  +0.81px
    {  41,  39,   -6 },   // 'I''G'  -0.19px
    {  41,  40,   26 },   // 'I''H'  +0.81px
    {  41,  41,   26 },   // 'I''I'  +0.81px
    {  41,  42,   -6 },   // 'I''J'  -0.19px
    {  41,  43,   26 },   // 'I''K'  +0.81px
    {  41,  44,   26 },   // 'I''L'  +0.81px
    {  41,  45,   26 },   // 'I''M'  +0.81px
    {  41,  46,   26 },   // 'I''N'  +0.81px
    {  41,  47,   -6 },   // 'I''O'  -0.19px
    {  41,  48,   26 },   // 'I''P'  +0.81px
    {  41,  49,   -6 },   // 'I''Q'  -0.19px
    {  41,  50,   26 },   // 'I''R'  +0.81px
    {  41,  51,  -38 },   // 'I''S'  -1.19px
    {  41,  52,   -6 },   // 'I''T'  -0.19px
    {  41,  53,   26 },   // 'I''U'  +0.81px
    {  41,  54,   -6 },   // 'I''V'  -0.19px
    {  41,  55,  -38 },   // 'I''W'  -1.19px
    {  41,  56,   -6 },   // 'I''X'  -0.19px
    {  41,  57,   -6 },   // 'I''Y'  -0.19px
    {  41,  58,  -38 },   // 'I''Z'  -1.19px
    {  41,  65,   26 },   // 'I''a'  +0.81px
    {  41,  66,   26 },   // 'I''b'  +0.81px
    {  41,  67,   -6 },   // 'I''c'  -0.19px
    {  41,  68,   -6 },   // 'I''d'  -0.19px
    {  41,  69,   -6 },   // 'I''e'  -0.19px
    {  41,  70,   -6 },   // 'I''f'  -0.19px
    {  41,  71,   -6 },   // 'I''g'  -0.19px
    {  41,  72,   26 },   // 'I''h'  +0.81px
    {  41,  73,   26 },   // 'I''i'  +0.81px
    {  41,  74,   26 },   // 'I''j'  +0.81px
    {  41,  75,   26 },   // 'I''k'  +0.81px
    {  41,  76,   26 },   // 'I''l'  +0.81px
    {  41,  77,   26 },   // 'I''m'  +0.81px
    {  41,  78,   26 },   // 'I''n'  +0.81px
    {  41,  79,   -6 },   // 'I''o'  -0.19px
    {  41,  80,   26 },   // 'I''p'  +0.81px
    {  41,  81,   -6 },   // 'I''q'  -0.19px
    {  41,  82,   26 },   // 'I''r'  +0.81px
    {  41,  83,   26 },   // 'I''s'  +0.81px
    {  41,  84,   26 },   // 'I''t'  +0.81px
    {  41,  85,   26 },   // 'I''u'  +0.81px
    {  41,  86,   -6 },   // 'I''v'  -0.19px
    {  41,  87,   -6 },   // 'I''w'  -0.19px
    {  41,  88,   -6 },   // 'I''x'  -0.19px
    {  41,  89,   -6 },   // 'I''y'  -0.19px
    {  41,  90,   -6 },   // 'I''z'  -0.19px
    {  42,  12,   -8 },   // 'J'','  -0.25px
    {  42,  14,   -8 },   // 'J''.'  -0.25px
    {  42,  33,   17 },   // 'J''A'  +0.53px
    {  42,  34,   17 },   // 'J''B'  +0.53px
    {  42,  35,   17 },   // 'J''C'  +0.53px
    {  42,  36,   17 },   // 'J''D'  +0.53px
    {  42,  37,   17 },   // 'J''E'  +0.53px
    {  42,  38,   17 },   // 'J''F'  +0.53px
    {  42,  39,   17 },   // 'J''G'  +0.53px
    {  42,  40,   17 },   // 'J''H'  +0.53px
    {  42,  41,   17 },   // 'J''I'  +0.53px
    {  42,  42,  -15 },   // 'J''J'  -0.47px
    {  42,  43,   17 },   // 'J''K'  +0.53px
    {  42,  44,   17 },   // 'J''L'  +0.53px
    {  42,  45,   17 },   // 'J''M'  +0.53px
    {  42,  46,   17 },   // 'J''N'  +0.53px
    {  42,  47,   17 },   // 'J''O'  +0.53px
    {  42,  48,   17 },   // 'J''P'  +0.53px
    {  42,  49,   17 },   // 'J''Q'  +0.53px
    {  42,  50,   17 },   // 'J''R'  +0.53px
    {  42,  51,  -15 },   // 'J''S'  -0.47px
    {  42,  52,   17 },   // 'J''T'  +0.53px
    {  42,  53,   17 },   // 'J''U'  +0.53px
    {  42,  54,   17 },   // 'J''V'  +0.53px
    {  42,  55,  -15 },   // 'J''W'  -0.47px
    {  42,  56,   17 },   // 'J''X'  +0.53px
    {  42,  57,   17 },   // 'J''Y'  +0.53px
    {  42,  58,  -15 },   // 'J''Z'  -0.47px
    {  42,  63,   -8 },   // 'J''_'  -0.25px
    {  42,  65,   17 },   // 'J''a'  +0.53px
    {  42,  66,   17 },   // 'J''b'  +0.53px
    {  42,  67,   17 },   // 'J''c'  +0.53px
    {  42,  68,   17 },   // 'J''d'  +0.53px
    {  42,  69,   17 },   // 'J''e'  +0.53px
    {  42,  70,   17 },   // 'J''f'  +0.53px
    {  42,  71,   17 },   // 'J''g'  +0.53px
    {  42,  72,   17 },   // 'J''h'  +0.53px
    {  42,  73,   17 },   // 'J''i'  +0.53px
    {  42,  74,   17 },   // 'J''j'  +0.53px
    {  42,  75,   17 },   // 'J''k'  +0.53px
    {  42,  76,   17 },   // 'J''l'  +0.53px
    {  42,  77,   17 },   // 'J''m'  +0.53px
    {  42,  78,   17 },   // 'J''n'  +0.53px
    {  42,  79,   17 },   // 'J''o'  +0.53px
    {  42,  80,   17 },   // 'J''p'  +0.53px
    {  42,  81,   17 },   // 'J''q'  +0.53px
    {  42,  82,   17 },   // 'J''r'  +0.53px
    {  42,  83,   49 },   // 'J''s'  +1.53px
    {  42,  84,   17 },   // 'J''t'  +0.53px
    {  42,  85,   17 },   // 'J''u'  +0.53px
    {  42,  86,   17 },   // 'J''v'  +0.53px
    {  42,  87,   17 },   // 'J''w'  +0.53px
    {  42,  88,   17 },   // 'J''x'  +0.53px
    {  42,  89,   17 },   // 'J''y'  +0.53px
    {  42,  90,  -15 },   // 'J''z'  -0.47px
    {  42, 104,   -8 },   // 'J''…'  -0.25px
    {  43,   1,   14 },   // 'K''!'  +0.44px
    {  43,  10,  -10 },   // 'K''*'  -0.31px
    {  43,  12,    8 },   // 'K'','  +0.25px
    {  43,  13,  -19 },   // 'K''-'  -0.59px
    {  43,  14,    8 },   // 'K''.'  +0.25px
    {  43,  15,   20 },   // 'K''/'  +0.62px
    {  43,  32,  -16 },   // 'K''@'  -0.50px
    {  43,  33,   -2 },   // 'K''A'  -0.06px
    {  43,  34,  -34 },   // 'K''B'  -1.06px
    {  43,  35,  -66 },   // 'K''C'  -2.06px
    {  43,  36,  -34 },   // 'K''D'  -1.06px
    {  43,  37,  -34 },   // 'K''E'  -1.06px
    {  43,  38,  -34 },   // 'K''F'  -1.06px
    {  43,  39,  -66 },   // 'K''G'  -2.06px
    {  43,  40,  -34 },   // 'K''H'  -1.06px
    {  43,  41,  -34 },   // 'K''I'  -1.06px
    {  43,  42,   -2 },   // 'K''J'  -0.06px
    {  43,  43,  -34 },   // 'K''K'  -1.06px
    {  43,  44,  -34 },   // 'K''L'  -1.06px
    {  43,  45,  -34 },   // 'K''M'  -1.06px
    {  43,  46,  -34 },   // 'K''N'  -1.06px
    {  43,  47,  -66 },   // 'K''O'  -2.06px
    {  43,  48,  -34 },   // 'K''P'  -1.06px
    {  43,  49,  -66 },   // 'K''Q'  -2.06px
    {  43,  50,  -34 },   // 'K''R'  -1.06px
    {  43,  51,  -34 },   // 'K''S'  -1.06px
    {  43,  52,   -2 },   // 'K''T'  -0.06px
    {  43,  53,  -34 },   // 'K''U'  -1.06px
    {  43,  54,   -2 },   // 'K''V'  -0.06px
    {  43,  55,  -34 },   // 'K''W'  -1.06px
    {  43,  56,  -34 },   // 'K''X'  -1.06px
    {  43,  57,   -2 },   // 'K''Y'  -0.06px
    {  43,  58,  -34 },   // 'K''Z'  -1.06px
    {  43,  63,    8 },   // 'K''_'  +0.25px
    {  43,  65,  -34 },   // 'K''a'  -1.06px
    {  43,  66,  -34 },   // 'K''b'  -1.06px
    {  43,  67,  -34 },   // 'K''c'  -1.06px
    {  43,  68,  -34 },   // 'K''d'  -1.06px
    {  43,  69,  -34 },   // 'K''e'  -1.06px
    {  43,  70,  -66 },   // 'K''f'  -2.06px
    {  43,  71,  -34 },   // 'K''g'  -1.06px
    {  43,  72,  -34 },   // 'K''h'  -1.06px
    {  43,  73,  -34 },   // 'K''i'  -1.06px
    {  43,  74,  -34 },   // 'K''j'  -1.06px
    {  43,  75,  -34 },   // 'K''k'  -1.06px
    {  43,  76,  -34 },   // 'K''l'  -1.06px
    {  43,  77,  -34 },   // 'K''m'  -1.06px
    {  43,  78,  -34 },   // 'K''n'  -1.06px
    {  43,  79,  -34 },   // 'K''o'  -1.06px
    {  43,  80,  -34 },   // 'K''p'  -1.06px
    {  43,  81,  -34 },   // 'K''q'  -1.06px
    {  43,  82,  -34 },   // 'K''r'  -1.06px
    {  43,  83,   -2 },   // 'K''s'  -0.06px
    {  43,  84,  -34 },   // 'K''t'  -1.06px
    {  43,  85,  -34 },   // 'K''u'  -1.06px
    {  43,  86,  -66 },   // 'K''v'  -2.06px
    {  43,  87,  -34 },   // 'K''w'  -1.06px
    {  43,  88,  -34 },   // 'K''x'  -1.06px
    {  43,  89,  -66 },   // 'K''y'  -2.06px
    {  43,  90,  -34 },   // 'K''z'  -1.06px
    {  43,  91,  -19 },   // 'K''{'  -0.59px
    {  43,  95,  -25 },   // 'K''‹'  -0.78px
    {  43,  97,  -19 },   // 'K''·'  -0.59px
    {  43, 102,  -19 },   // 'K''–'  -0.59px
    {  43, 103,  -19 },   // 'K''—'  -0.59px
    {  43, 104,    8 },   // 'K''…'  +0.25px
    {  43, 113,  -16 },   // 'K''©'  -0.50px
    {  43, 115,  -25 },   // 'K''«'  -0.78px
    {  43, 117,  -16 },   // 'K''®'  -0.50px
    {  43, 134,  -14 },   // 'K''À'  -0.44px
    {  43, 135,  -14 },   // 'K''Á'  -0.44px
    {  43, 136,  -14 },   // 'K''Â'  -0.44px
    {  43, 137,  -14 },   // 'K''Ã'  -0.44px
    {  43, 138,  -14 },   // 'K''Ä'  -0.44px
    {  43, 139,  -14 },   // 'K''Å'  -0.44px
    {  43, 140,  -14 },   // 'K''Æ'  -0.44px
    {  43, 141,  -16 },   // 'K''Ç'  -0.50px
    {  43, 152,  -16 },   // 'K''Ò'  -0.50px
    {  43, 153,  -16 },   // 'K''Ó'  -0.50px
    {  43, 154,  -16 },   // 'K''Ô'  -0.50px
    {  43, 155,  -16 },   // 'K''Õ'  -0.50px
    {  43, 156,  -16 },   // 'K''Ö'  -0.50px
    {  43, 158,  -16 },   // 'K''Ø'  -0.50px
    {  43, 163,  -13 },   // 'K''Ý'  -0.41px
    {  43, 165,   14 },   // 'K''ß'  +0.44px
    {  43, 178,   14 },   // 'K''ì'  +0.44px
    {  43, 179,   14 },   // 'K''í'  +0.44px
    {  43, 180,   14 },   // 'K''î'  +0.44px
    {  43, 181,   14 },   // 'K''ï'  +0.44px
    {  43, 195,  -18 },   // 'K''ý'  -0.56px
    {  43, 196,   14 },   // 'K''þ'  +0.44px
    {  43, 197,  -18 },   // 'K''ÿ'  -0.56px
    {  44,  10,  -34 },   // 'L''*'  -1.06px
    {  44,  13,  -20 },   // 'L''-'  -0.62px
    {  44,  15,   25 },   // 'L''/'  +0.78px
    {  44,  31,  -45 },   // 'L''?'  -1.41px
    {  44,  32,  -22 },   // 'L''@'  -0.69px
    {  44,  33,   26 },   // 'L''A'  +0.81px
    {  44,  34,   -6 },   // 'L''B'  -0.19px
    {  44,  35,  -70 },   // 'L''C'  -2.19px
    {  44,  36,   -6 },   // 'L''D'  -0.19px
    {  44,  37,   -6 },   // 'L''E'  -0.19px
    {  44,  38,   -6 },   // 'L''F'  -0.19px
    {  44,  39,  -70 },   // 'L''G'  -2.19px
    {  44,  40,   -6 },   // 'L''H'  -0.19px
    {  44,  41,   -6 },   // 'L''I'  -0.19px
    {  44,  42,   26 },   // 'L''J'  +0.81px
    {  44,  43,   -6 },   // 'L''K'  -0.19px
    {  44,  44,   -6 },   // 'L''L'  -0.19px
    {  44,  45,   -6 },   // 'L''M'  -0.19px
    {  44,  46,   -6 },   // 'L''N'  -0.19px
    {  44,  47,  -70 },   // 'L''O'  -2.19px
    {  44,  48,   -6 },   // 'L''P'  -0.19px
    {  44,  49,  -70 },   // 'L''Q'  -2.19px
    {  44,  50,   -6 },   // 'L''R'  -0.19px
    {  44,  51,   -6 },   // 'L''S'  -0.19px
    {  44,  52, -102 },   // 'L''T'  -3.19px
    {  44,  53,  -38 },   // 'L''U'  -1.19px
    {  44,  54, -128 },   // 'L''V'  -4.00px
    {  44,  55, -102 },   // 'L''W'  -3.19px
    {  44,  56,   -6 },   // 'L''X'  -0.19px
    {  44,  57, -102 },   // 'L''Y'  -3.19px
    {  44,  58,   -6 },   // 'L''Z'  -0.19px
    {  44,  65,   -6 },   // 'L''a'  -0.19px
    {  44,  66,   -6 },   // 'L''b'  -0.19px
    {  44,  67,  -38 },   // 'L''c'  -1.19px
    {  44,  68,  -38 },   // 'L''d'  -1.19px
    {  44,  69,  -38 },   // 'L''e'  -1.19px
    {  44,  70,  -38 },   // 'L''f'  -1.19px
    {  44,  71,  -38 },   // 'L''g'  -1.19px
    {  44,  72,   -6 },   // 'L''h'  -0.19px
    {  44,  73,   -6 },   // 'L''i'  -0.19px
    {  44,  74,   -6 },   // 'L''j'  -0.19px
    {  44,  75,   -6 },   // 'L''k'  -0.19px
    {  44,  76,   -6 },   // 'L''l'  -0.19px
    {  44,  77,   -6 },   // 'L''m'  -0.19px
    {  44,  78,   -6 },   // 'L''n'  -0.19px
    {  44,  79,  -38 },   // 'L''o'  -1.19px
    {  44,  80,   -6 },   // 'L''p'  -0.19px
    {  44,  81,  -38 },   // 'L''q'  -1.19px
    {  44,  82,   -6 },   // 'L''r'  -0.19px
    {  44,  83,   26 },   // 'L''s'  +0.81px
    {  44,  84,  -38 },   // 'L''t'  -1.19px
    {  44,  85,   -6 },   // 'L''u'  -0.19px
    {  44,  86,  -70 },   // 'L''v'  -2.19px
    {  44,  87,  -70 },   // 'L''w'  -2.19px
    {  44,  88,   -6 },   // 'L''x'  -0.19px
    {  44,  89,  -70 },   // 'L''y'  -2.19px
    {  44,  90,   -6 },   // 'L''z'  -0.19px
    {  44,  91,  -20 },   // 'L''{'  -0.62px
    {  44,  95,  -12 },   // 'L''‹'  -0.38px
    {  44,  97,  -20 },   // 'L''·'  -0.62px
    {  44,  98,  -38 },   // 'L''‘'  -1.19px
    {  44,  99,  -38 },   // 'L''’'  -1.19px
    {  44, 100,  -38 },   // 'L''“'  -1.19px
    {  44, 101,  -38 },   // 'L''”'  -1.19px
    {  44, 102,  -20 },   // 'L''–'  -0.62px
    {  44, 103,  -20 },   // 'L''—'  -0.62px
    {  44, 113,  -22 },   // 'L''©'  -0.69px
    {  44, 114,  -38 },   // 'L''ª'  -1.19px
    {  44, 115,  -12 },   // 'L''«'  -0.38px
    {  44, 117,  -22 },   // 'L''®'  -0.69px
    {  44, 119,  -43 },   // 'L''°'  -1.34px
    {  44, 128,  -38 },   // 'L''º'  -1.19px
    {  44, 134,   -8 },   // 'L''À'  -0.25px
    {  44, 135,   -8 },   // 'L''Á'  -0.25px
    {  44, 136,   -8 },   // 'L''Â'  -0.25px
    {  44, 137,   -8 },   // 'L''Ã'  -0.25px
    {  44, 138,   -8 },   // 'L''Ä'  -0.25px
    {  44, 139,   -8 },   // 'L''Å'  -0.25px
    {  44, 140,   -8 },   // 'L''Æ'  -0.25px
    {  44, 141,  -22 },   // 'L''Ç'  -0.69px
    {  44, 152,  -22 },   // 'L''Ò'  -0.69px
    {  44, 153,  -22 },   // 'L''Ó'  -0.69px
    {  44, 154,  -22 },   // 'L''Ô'  -0.69px
    {  44, 155,  -22 },   // 'L''Õ'  -0.69px
    {  44, 156,  -22 },   // 'L''Ö'  -0.69px
    {  44, 158,  -22 },   // 'L''Ø'  -0.69px
    {  44, 159,  -16 },   // 'L''Ù'  -0.50px
    {  44, 160,  -16 },   // 'L''Ú'  -0.50px
    {  44, 161,  -16 },   // 'L''Û'  -0.50px
    {  44, 162,  -16 },   // 'L''Ü'  -0.50px
    {  44, 163,  -68 },   // 'L''Ý'  -2.12px
    {  44, 195,  -26 },   // 'L''ý'  -0.81px
    {  44, 197,  -26 },   // 'L''ÿ'  -0.81px
    {  45,  33,  -23 },   // 'M''A'  -0.72px
    {  45,  34,    9 },   // 'M''B'  +0.28px
    {  45,  35,  -23 },   // 'M''C'  -0.72px
    {  45,  36,    9 },   // 'M''D'  +0.28px
    {  45,  37,    9 },   // 'M''E'  +0.28px
    {  45,  38,    9 },   // 'M''F'  +0.28px
    {  45,  39,  -23 },   // 'M''G'  -0.72px
    {  45,  40,    9 },   // 'M''H'  +0.28px
    {  45,  41,    9 },   // 'M''I'  +0.28px
    {  45,  42,  -23 },   // 'M''J'  -0.72px
    {  45,  43,    9 },   // 'M''K'  +0.28px
    {  45,  44,    9 },   // 'M''L'  +0.28px
    {  45,  45,    9 },   // 'M''M'  +0.28px
    {  45,  46,    9 },   // 'M''N'  +0.28px
    {  45,  47,  -23 },   // 'M''O'  -0.72px
    {  45,  48,    9 },   // 'M''P'  +0.28px
    {  45,  49,  -23 },   // 'M''Q'  -0.72px
    {  45,  50,    9 },   // 'M''R'  +0.28px
    {  45,  51,  -55 },   // 'M''S'  -1.72px
    {  45,  52,  -23 },   // 'M''T'  -0.72px
    {  45,  53,    9 },   // 'M''U'  +0.28px
    {  45,  54,  -23 },   // 'M''V'  -0.72px
    {  45,  55,  -55 },   // 'M''W'  -1.72px
    {  45,  56,  -23 },   // 'M''X'  -0.72px
    {  45,  57,  -23 },   // 'M''Y'  -0.72px
    {  45,  58,  -55 },   // 'M''Z'  -1.72px
    {  45,  65,    9 },   // 'M''a'  +0.28px
    {  45,  66,    9 },   // 'M''b'  +0.28px
    {  45,  67,  -23 },   // 'M''c'  -0.72px
    {  45,  68,  -23 },   // 'M''d'  -0.72px
    {  45,  69,  -23 },   // 'M''e'  -0.72px
    {  45,  70,  -23 },   // 'M''f'  -0.72px
    {  45,  71,  -23 },   // 'M''g'  -0.72px
    {  45,  72,    9 },   // 'M''h'  +0.28px
    {  45,  73,    9 },   // 'M''i'  +0.28px
    {  45,  74,    9 },   // 'M''j'  +0.28px
    {  45,  75,    9 },   // 'M''k'  +0.28px
    {  45,  76,    9 },   // 'M''l'  +0.28px
    {  45,  77,    9 },   // 'M''m'  +0.28px
    {  45,  78,    9 },   // 'M''n'  +0.28px
    {  45,  79,  -23 },   // 'M''o'  -0.72px
    {  45,  80,    9 },   // 'M''p'  +0.28px
    {  45,  81,  -23 },   // 'M''q'  -0.72px
    {  45,  82,    9 },   // 'M''r'  +0.28px
    {  45,  83,    9 },   // 'M''s'  +0.28px
    {  45,  84,    9 },   // 'M''t'  +0.28px
    {  45,  85,    9 },   // 'M''u'  +0.28px
    {  45,  86,  -23 },   // 'M''v'  -0.72px
    {  45,  87,  -23 },   // 'M''w'  -0.72px
    {  45,  88,  -23 },   // 'M''x'  -0.72px
    {  45,  89,  -23 },   // 'M''y'  -0.72px
    {  45,  90,  -23 },   // 'M''z'  -0.72px
    {  46,  33,  -18 },   // 'N''A'  -0.56px
    {  46,  34,   14 },   // 'N''B'  +0.44px
    {  46,  35,  -18 },   // 'N''C'  -0.56px
    {  46,  36,   14 },   // 'N''D'  +0.44px
    {  46,  37,   14 },   // 'N''E'  +0.44px
    {  46,  38,   14 },   // 'N''F'  +0.44px
    {  46,  39,  -18 },   // 'N''G'  -0.56px
    {  46,  40,   14 },   // 'N''H'  +0.44px
    {  46,  41,   14 },   // 'N''I'  +0.44px
    {  46,  42,  -18 },   // 'N''J'  -0.56px
    {  46,  43,   14 },   // 'N''K'  +0.44px
    {  46,  44,   14 },   // 'N''L'  +0.44px
    {  46,  45,   14 },   // 'N''M'  +0.44px
    {  46,  46,   14 },   // 'N''N'  +0.44px
    {  46,  47,  -18 },   // 'N''O'  -0.56px
    {  46,  48,   14 },   // 'N''P'  +0.44px
    {  46,  49,  -18 },   // 'N''Q'  -0.56px
    {  46,  50,   14 },   // 'N''R'  +0.44px
    {  46,  51,  -50 },   // 'N''S'  -1.56px
    {  46,  52,  -18 },   // 'N''T'  -0.56px
    {  46,  53,   14 },   // 'N''U'  +0.44px
    {  46,  54,  -18 },   // 'N''V'  -0.56px
    {  46,  55,  -50 },   // 'N''W'  -1.56px
    {  46,  56,  -18 },   // 'N''X'  -0.56px
    {  46,  57,  -18 },   // 'N''Y'  -0.56px
    {  46,  58,  -50 },   // 'N''Z'  -1.56px
    {  46,  65,   14 },   // 'N''a'  +0.44px
    {  46,  66,   14 },   // 'N''b'  +0.44px
    {  46,  67,  -18 },   // 'N''c'  -0.56px
    {  46,  68,  -18 },   // 'N''d'  -0.56px
    {  46,  69,  -18 },   // 'N''e'  -0.56px
    {  46,  70,  -18 },   // 'N''f'  -0.56px
    {  46,  71,  -18 },   // 'N''g'  -0.56px
    {  46,  72,   14 },   // 'N''h'  +0.44px
    {  46,  73,   14 },   // 'N''i'  +0.44px
    {  46,  74,   14 },   // 'N''j'  +0.44px
    {  46,  75,   14 },   // 'N''k'  +0.44px
    {  46,  76,   14 },   // 'N''l'  +0.44px
    {  46,  77,   14 },   // 'N''m'  +0.44px
    {  46,  78,   14 },   // 'N''n'  +0.44px
    {  46,  79,  -18 },   // 'N''o'  -0.56px
    {  46,  80,   14 },   // 'N''p'  +0.44px
    {  46,  81,  -18 },   // 'N''q'  -0.56px
    {  46,  82,   14 },   // 'N''r'  +0.44px
    {  46,  83,   14 },   // 'N''s'  +0.44px
    {  46,  84,   14 },   // 'N''t'  +0.44px
    {  46,  85,   14 },   // 'N''u'  +0.44px
    {  46,  86,  -18 },   // 'N''v'  -0.56px
    {  46,  87,  -18 },   // 'N''w'  -0.56px
    {  46,  88,  -18 },   // 'N''x'  -0.56px
    {  46,  89,  -18 },   // 'N''y'  -0.56px
    {  46,  90,  -18 },   // 'N''z'  -0.56px
    {  47,  12,  -22 },   // 'O'','  -0.69px
    {  47,  14,  -22 },   // 'O''.'  -0.69px
    {  47,  33,   25 },   // 'O''A'  +0.78px
    {  47,  34,   25 },   // 'O''B'  +0.78px
    {  47,  35,   25 },   // 'O''C'  +0.78px
    {  47,  36,   25 },   // 'O''D'  +0.78px
    {  47,  37,   25 },   // 'O''E'  +0.78px
    {  47,  38,   25 },   // 'O''F'  +0.78px
    {  47,  39,   25 },   // 'O''G'  +0.78px
    {  47,  40,   25 },   // 'O''H'  +0.78px
    {  47,  41,   25 },   // 'O''I'  +0.78px
    {  47,  42,   -7 },   // 'O''J'  -0.22px
    {  47,  43,   25 },   // 'O''K'  +0.78px
    {  47,  44,   25 },   // 'O''L'  +0.78px
    {  47,  45,   25 },   // 'O''M'  +0.78px
    {  47,  46,   25 },   // 'O''N'  +0.78px
    {  47,  47,   25 },   // 'O''O'  +0.78px
    {  47,  48,   25 },   // 'O''P'  +0.78px
    {  47,  49,   25 },   // 'O''Q'  +0.78px
    {  47,  50,   25 },   // 'O''R'  +0.78px
    {  47,  51,  -39 },   // 'O''S'  -1.22px
    {  47,  52,  -39 },   // 'O''T'  -1.22px
    {  47,  53,   25 },   // 'O''U'  +0.78px
    {  47,  54,  -39 },   // 'O''V'  -1.22px
    {  47,  55,  -39 },   // 'O''W'  -1.22px
    {  47,  56,   -7 },   // 'O''X'  -0.22px
    {  47,  57,  -39 },   // 'O''Y'  -1.22px
    {  47,  58,  -39 },   // 'O''Z'  -1.22px
    {  47,  63,  -22 },   // 'O''_'  -0.69px
    {  47,  65,   25 },   // 'O''a'  +0.78px
    {  47,  66,   25 },   // 'O''b'  +0.78px
    {  47,  67,   25 },   // 'O''c'  +0.78px
    {  47,  68,   25 },   // 'O''d'  +0.78px
    {  47,  69,   25 },   // 'O''e'  +0.78px
    {  47,  70,   -7 },   // 'O''f'  -0.22px
    {  47,  71,   25 },   // 'O''g'  +0.78px
    {  47,  72,   25 },   // 'O''h'  +0.78px
    {  47,  73,   25 },   // 'O''i'  +0.78px
    {  47,  74,   25 },   // 'O''j'  +0.78px
    {  47,  75,   25 },   // 'O''k'  +0.78px
    {  47,  76,   25 },   // 'O''l'  +0.78px
    {  47,  77,   25 },   // 'O''m'  +0.78px
    {  47,  78,   25 },   // 'O''n'  +0.78px
    {  47,  79,   25 },   // 'O''o'  +0.78px
    {  47,  80,   25 },   // 'O''p'  +0.78px
    {  47,  81,   25 },   // 'O''q'  +0.78px
    {  47,  82,   25 },   // 'O''r'  +0.78px
    {  47,  83,   25 },   // 'O''s'  +0.78px
    {  47,  84,   25 },   // 'O''t'  +0.78px
    {  47,  85,   25 },   // 'O''u'  +0.78px
    {  47,  86,   25 },   // 'O''v'  +0.78px
    {  47,  87,   25 },   // 'O''w'  +0.78px
    {  47,  88,   -7 },   // 'O''x'  -0.22px
    {  47,  89,   25 },   // 'O''y'  +0.78px
    {  47,  90,   -7 },   // 'O''z'  -0.22px
    {  47, 104,  -22 },   // 'O''…'  -0.69px
    {  47, 134,   -8 },   // 'O''À'  -0.25px
    {  47, 135,   -8 },   // 'O''Á'  -0.25px
    {  47, 136,   -8 },   // 'O''Â'  -0.25px
    {  47, 137,   -8 },   // 'O''Ã'  -0.25px
    {  47, 138,   -8 },   // 'O''Ä'  -0.25px
    {  47, 139,   -8 },   // 'O''Å'  -0.25px
    {  47, 140,   -8 },   // 'O''Æ'  -0.25px
    {  47, 163,  -25 },   // 'O''Ý'  -0.78px
    {  48,   6,   -8 },   // 'P''&'  -0.25px
    {  48,  12,  -30 },   // 'P'','  -0.94px
    {  48,  13,  -16 },   // 'P''-'  -0.50px
    {  48,  14,  -30 },   // 'P''.'  -0.94px
    {  48,  15,  -34 },   // 'P''/'  -1.06px
    {  48,  33,  -90 },   // 'P''A'  -2.81px
    {  48,  34,  -26 },   // 'P''B'  -0.81px
    {  48,  35,  -26 },   // 'P''C'  -0.81px
    {  48,  36,  -26 },   // 'P''D'  -0.81px
    {  48,  37,  -26 },   // 'P''E'  -0.81px
    {  48,  38,  -26 },   // 'P''F'  -0.81px
    {  48,  39,  -26 },   // 'P''G'  -0.81px
    {  48,  40,  -26 },   // 'P''H'  -0.81px
    {  48,  41,  -26 },   // 'P''I'  -0.81px
    {  48,  42,  -90 },   // 'P''J'  -2.81px
    {  48,  43,  -26 },   // 'P''K'  -0.81px
    {  48,  44,  -26 },   // 'P''L'  -0.81px
    {  48,  45,  -26 },   // 'P''M'  -0.81px
    {  48,  46,  -26 },   // 'P''N'  -0.81px
    {  48,  47,  -26 },   // 'P''O'  -0.81px
    {  48,  48,  -26 },   // 'P''P'  -0.81px
    {  48,  49,  -26 },   // 'P''Q'  -0.81px
    {  48,  50,  -26 },   // 'P''R'  -0.81px
    {  48,  51,  -26 },   // 'P''S'  -0.81px
    {  48,  52,  -26 },   // 'P''T'  -0.81px
    {  48,  53,  -26 },   // 'P''U'  -0.81px
    {  48,  54,  -26 },   // 'P''V'  -0.81px
    {  48,  55,  -26 },   // 'P''W'  -0.81px
    {  48,  56,  -26 },   // 'P''X'  -0.81px
    {  48,  57,  -26 },   // 'P''Y'  -0.81px
    {  48,  58,  -58 },   // 'P''Z'  -1.81px
    {  48,  63,  -30 },   // 'P''_'  -0.94px
    {  48,  65,  -26 },   // 'P''a'  -0.81px
    {  48,  66,  -26 },   // 'P''b'  -0.81px
    {  48,  67,  -58 },   // 'P''c'  -1.81px
    {  48,  68,  -58 },   // 'P''d'  -1.81px
    {  48,  69,  -58 },   // 'P''e'  -1.81px
    {  48,  70,    6 },   // 'P''f'  +0.19px
    {  48,  71,  -58 },   // 'P''g'  -1.81px
    {  48,  72,  -26 },   // 'P''h'  -0.81px
    {  48,  73,  -26 },   // 'P''i'  -0.81px
    {  48,  74,  -26 },   // 'P''j'  -0.81px
    {  48,  75,  -26 },   // 'P''k'  -0.81px
    {  48,  76,  -26 },   // 'P''l'  -0.81px
    {  48,  77,  -26 },   // 'P''m'  -0.81px
    {  48,  78,  -26 },   // 'P''n'  -0.81px
    {  48,  79,  -58 },   // 'P''o'  -1.81px
    {  48,  80,  -26 },   // 'P''p'  -0.81px
    {  48,  81,  -58 },   // 'P''q'  -1.81px
    {  48,  82,  -26 },   // 'P''r'  -0.81px
    {  48,  83,  -26 },   // 'P''s'  -0.81px
    {  48,  84,    6 },   // 'P''t'  +0.19px
    {  48,  85,  -26 },   // 'P''u'  -0.81px
    {  48,  86,    6 },   // 'P''v'  +0.19px
    {  48,  87,    6 },   // 'P''w'  +0.19px
    {  48,  88,  -26 },   // 'P''x'  -0.81px
    {  48,  89,    6 },   // 'P''y'  +0.19px
    {  48,  90,  -26 },   // 'P''z'  -0.81px
    {  48,  91,  -16 },   // 'P''{'  -0.50px
    {  48,  95,  -22 },   // 'P''‹'  -0.69px
    {  48,  96,   -8 },   // 'P''›'  -0.25px
    {  48,  97,  -16 },   // 'P''·'  -0.50px
    {  48,  98,   12 },   // 'P''‘'  +0.38px
    {  48,  99,   12 },   // 'P''’'  +0.38px
    {  48, 100,   12 },   // 'P''“'  +0.38px
    {  48, 101,   12 },   // 'P''”'  +0.38px
    {  48, 102,  -16 },   // 'P''–'  -0.50px
    {  48, 103,  -16 },   // 'P''—'  -0.50px
    {  48, 104,  -30 },   // 'P''…'  -0.94px
    {  48, 114,   13 },   // 'P''ª'  +0.41px
    {  48, 115,  -22 },   // 'P''«'  -0.69px
    {  48, 119,   22 },   // 'P''°'  +0.69px
    {  48, 128,   13 },   // 'P''º'  +0.41px
    {  48, 129,   -8 },   // 'P''»'  -0.25px
    {  48, 134,  -42 },   // 'P''À'  -1.31px
    {  48, 135,  -42 },   // 'P''Á'  -1.31px
    {  48, 136,  -42 },   // 'P''Â'  -1.31px
    {  48, 137,  -42 },   // 'P''Ã'  -1.31px
    {  48, 138,  -42 },   // 'P''Ä'  -1.31px
    {  48, 139,  -42 },   // 'P''Å'  -1.31px
    {  48, 140,  -42 },   // 'P''Æ'  -1.31px
    {  48, 172,  -13 },   // 'P''æ'  -0.41px
    {  48, 173,  -14 },   // 'P''ç'  -0.44px
    {  48, 174,  -14 },   // 'P''è'  -0.44px
    {  48, 175,  -14 },   // 'P''é'  -0.44px
    {  48, 176,  -14 },   // 'P''ê'  -0.44px
    {  48, 177,  -14 },   // 'P''ë'  -0.44px
    {  48, 182,  -14 },   // 'P''ð'  -0.44px
    {  48, 184,  -14 },   // 'P''ò'  -0.44px
    {  48, 185,  -14 },   // 'P''ó'  -0.44px
    {  48, 186,  -14 },   // 'P''ô'  -0.44px
    {  48, 187,  -14 },   // 'P''õ'  -0.44px
    {  48, 188,  -14 },   // 'P''ö'  -0.44px
    {  48, 190,  -14 },   // 'P''ø'  -0.44px
    {  49,  12,  -22 },   // 'Q'','  -0.69px
    {  49,  14,  -22 },   // 'Q''.'  -0.69px
    {  49,  33,   25 },   // 'Q''A'  +0.78px
    {  49,  34,   25 },   // 'Q''B'  +0.78px
    {  49,  35,   25 },   // 'Q''C'  +0.78px
    {  49,  36,   25 },   // 'Q''D'  +0.78px
    {  49,  37,   25 },   // 'Q''E'  +0.78px
    {  49,  38,   25 },   // 'Q''F'  +0.78px
    {  49,  39,   25 },   // 'Q''G'  +0.78px
    {  49,  40,   25 },   // 'Q''H'  +0.78px
    {  49,  41,   25 },   // 'Q''I'  +0.78px
    {  49,  42,   -7 },   // 'Q''J'  -0.22px
    {  49,  43,   25 },   // 'Q''K'  +0.78px
    {  49,  44,   25 },   // 'Q''L'  +0.78px
    {  49,  45,   25 },   // 'Q''M'  +0.78px
    {  49,  46,   25 },   // 'Q''N'  +0.78px
    {  49,  47,   25 },   // 'Q''O'  +0.78px
    {  49,  48,   25 },   // 'Q''P'  +0.78px
    {  49,  49,   25 },   // 'Q''Q'  +0.78px
    {  49,  50,   25 },   // 'Q''R'  +0.78px
    {  49,  51,  -39 },   // 'Q''S'  -1.22px
    {  49,  52,  -39 },   // 'Q''T'  -1.22px
    {  49,  53,   25 },   // 'Q''U'  +0.78px
    {  49,  54,  -39 },   // 'Q''V'  -1.22px
    {  49,  55,  -39 },   // 'Q''W'  -1.22px
    {  49,  56,   -7 },   // 'Q''X'  -0.22px
    {  49,  57,  -39 },   // 'Q''Y'  -1.22px
    {  49,  58,  -39 },   // 'Q''Z'  -1.22px
    {  49,  63,  -22 },   // 'Q''_'  -0.69px
    {  49,  65,   25 },   // 'Q''a'  +0.78px
    {  49,  66,   25 },   // 'Q''b'  +0.78px
    {  49,  67,   25 },   // 'Q''c'  +0.78px
    {  49,  68,   25 },   // 'Q''d'  +0.78px
    {  49,  69,   25 },   // 'Q''e'  +0.78px
    {  49,  70,   -7 },   // 'Q''f'  -0.22px
    {  49,  71,   25 },   // 'Q''g'  +0.78px
    {  49,  72,   25 },   // 'Q''h'  +0.78px
    {  49,  73,   25 },   // 'Q''i'  +0.78px
    {  49,  74,   25 },   // 'Q''j'  +0.78px
    {  49,  75,   25 },   // 'Q''k'  +0.78px
    {  49,  76,   25 },   // 'Q''l'  +0.78px
    {  49,  77,   25 },   // 'Q''m'  +0.78px
    {  49,  78,   25 },   // 'Q''n'  +0.78px
    {  49,  79,   25 },   // 'Q''o'  +0.78px
    {  49,  80,   25 },   // 'Q''p'  +0.78px
    {  49,  81,   25 },   // 'Q''q'  +0.78px
    {  49,  82,   25 },   // 'Q''r'  +0.78px
    {  49,  83,   25 },   // 'Q''s'  +0.78px
    {  49,  84,   25 },   // 'Q''t'  +0.78px
    {  49,  85,   25 },   // 'Q''u'  +0.78px
    {  49,  86,   25 },   // 'Q''v'  +0.78px
    {  49,  87,   25 },   // 'Q''w'  +0.78px
    {  49,  88,   -7 },   // 'Q''x'  -0.22px
    {  49,  89,   25 },   // 'Q''y'  +0.78px
    {  49,  90,   -7 },   // 'Q''z'  -0.22px
    {  49, 104,  -22 },   // 'Q''…'  -0.69px
    {  49, 134,   -8 },   // 'Q''À'  -0.25px
    {  49, 135,   -8 },   // 'Q''Á'  -0.25px
    {  49, 136,   -8 },   // 'Q''Â'  -0.25px
    {  49, 137,   -8 },   // 'Q''Ã'  -0.25px
    {  49, 138,   -8 },   // 'Q''Ä'  -0.25px
    {  49, 139,   -8 },   // 'Q''Å'  -0.25px
    {  49, 140,   -8 },   // 'Q''Æ'  -0.25px
    {  49, 163,  -25 },   // 'Q''Ý'  -0.78px
    {  50,  13,  -10 },   // 'R''-'  -0.31px
    {  50,  15,   13 },   // 'R''/'  +0.41px
    {  50,  33,  -14 },   // 'R''A'  -0.44px
    {  50,  34,   18 },   // 'R''B'  +0.56px
    {  50,  35,  -14 },   // 'R''C'  -0.44px
    {  50,  36,   18 },   // 'R''D'  +0.56px
    {  50,  37,   18 },   // 'R''E'  +0.56px
    {  50,  38,   18 },   // 'R''F'  +0.56px
    {  50,  39,  -14 },   // 'R''G'  -0.44px
    {  50,  40,   18 },   // 'R''H'  +0.56px
    {  50,  41,   18 },   // 'R''I'  +0.56px
    {  50,  42,  -14 },   // 'R''J'  -0.44px
    {  50,  43,   18 },   // 'R''K'  +0.56px
    {  50,  44,   18 },   // 'R''L'  +0.56px
    {  50,  45,   18 },   // 'R''M'  +0.56px
    {  50,  46,   18 },   // 'R''N'  +0.56px
    {  50,  47,  -14 },   // 'R''O'  -0.44px
    {  50,  48,   18 },   // 'R''P'  +0.56px
    {  50,  49,  -14 },   // 'R''Q'  -0.44px
    {  50,  50,   18 },   // 'R''R'  +0.56px
    {  50,  51,  -46 },   // 'R''S'  -1.44px
    {  50,  52,  -46 },   // 'R''T'  -1.44px
    {  50,  53,   18 },   // 'R''U'  +0.56px
    {  50,  54,  -46 },   // 'R''V'  -1.44px
    {  50,  55,  -46 },   // 'R''W'  -1.44px
    {  50,  56,  -14 },   // 'R''X'  -0.44px
    {  50,  57,  -46 },   // 'R''Y'  -1.44px
    {  50,  58,  -46 },   // 'R''Z'  -1.44px
    {  50,  65,   18 },   // 'R''a'  +0.56px
    {  50,  66,   18 },   // 'R''b'  +0.56px
    {  50,  67,  -14 },   // 'R''c'  -0.44px
    {  50,  68,  -14 },   // 'R''d'  -0.44px
    {  50,  69,  -14 },   // 'R''e'  -0.44px
    {  50,  70,  -14 },   // 'R''f'  -0.44px
    {  50,  71,  -14 },   // 'R''g'  -0.44px
    {  50,  72,   18 },   // 'R''h'  +0.56px
    {  50,  73,   18 },   // 'R''i'  +0.56px
    {  50,  74,   18 },   // 'R''j'  +0.56px
    {  50,  75,   18 },   // 'R''k'  +0.56px
    {  50,  76,   18 },   // 'R''l'  +0.56px
    {  50,  77,   18 },   // 'R''m'  +0.56px
    {  50,  78,   18 },   // 'R''n'  +0.56px
    {  50,  79,  -14 },   // 'R''o'  -0.44px
    {  50,  80,   18 },   // 'R''p'  +0.56px
    {  50,  81,  -14 },   // 'R''q'  -0.44px
    {  50,  82,   18 },   // 'R''r'  +0.56px
    {  50,  83,   18 },   // 'R''s'  +0.56px
    {  50,  84,   18 },   // 'R''t'  +0.56px
    {  50,  85,   18 },   // 'R''u'  +0.56px
    {  50,  86,  -14 },   // 'R''v'  -0.44px
    {  50,  87,  -14 },   // 'R''w'  -0.44px
    {  50,  88,  -14 },   // 'R''x'  -0.44px
    {  50,  89,  -14 },   // 'R''y'  -0.44px
    {  50,  90,  -14 },   // 'R''z'  -0.44px
    {  50,  91,  -10 },   // 'R''{'  -0.31px
    {  50,  95,  -10 },   // 'R''‹'  -0.31px
    {  50,  97,  -10 },   // 'R''·'  -0.31px
    {  50, 102,  -10 },   // 'R''–'  -0.31px
    {  50, 103,  -10 },   // 'R''—'  -0.31px
    {  50, 115,  -10 },   // 'R''«'  -0.31px
    {  51,  10,  -10 },   // 'S''*'  -0.31px
    {  51,  33,  -14 },   // 'S''A'  -0.44px
    {  51,  34,   18 },   // 'S''B'  +0.56px
    {  51,  35,  -14 },   // 'S''C'  -0.44px
    {  51,  36,   18 },   // 'S''D'  +0.56px
    {  51,  37,   18 },   // 'S''E'  +0.56px
    {  51,  38,   18 },   // 'S''F'  +0.56px
    {  51,  39,  -14 },   // 'S''G'  -0.44px
    {  51,  40,   18 },   // 'S''H'  +0.56px
    {  51,  41,   18 },   // 'S''I'  +0.56px
    {  51,  42,  -14 },   // 'S''J'  -0.44px
    {  51,  43,   18 },   // 'S''K'  +0.56px
    {  51,  44,   18 },   // 'S''L'  +0.56px
    {  51,  45,   18 },   // 'S''M'  +0.56px
    {  51,  46,   18 },   // 'S''N'  +0.56px
    {  51,  47,  -14 },   // 'S''O'  -0.44px
    {  51,  48,   18 },   // 'S''P'  +0.56px
    {  51,  49,  -14 },   // 'S''Q'  -0.44px
    {  51,  50,   18 },   // 'S''R'  +0.56px
    {  51,  51,  -14 },   // 'S''S'  -0.44px
    {  51,  52,  -14 },   // 'S''T'  -0.44px
    {  51,  53,   18 },   // 'S''U'  +0.56px
    {  51,  54,  -14 },   // 'S''V'  -0.44px
    {  51,  55,  -46 },   // 'S''W'  -1.44px
    {  51,  56,  -14 },   // 'S''X'  -0.44px
    {  51,  57,  -14 },   // 'S''Y'  -0.44px
    {  51,  58,  -14 },   // 'S''Z'  -0.44px
    {  51,  65,   18 },   // 'S''a'  +0.56px
    {  51,  66,   18 },   // 'S''b'  +0.56px
    {  51,  67,  -14 },   // 'S''c'  -0.44px
    {  51,  68,  -14 },   // 'S''d'  -0.44px
    {  51,  69,  -14 },   // 'S''e'  -0.44px
    {  51,  70,  -14 },   // 'S''f'  -0.44px
    {  51,  71,  -14 },   // 'S''g'  -0.44px
    {  51,  72,   18 },   // 'S''h'  +0.56px
    {  51,  73,   18 },   // 'S''i'  +0.56px
    {  51,  74,   18 },   // 'S''j'  +0.56px
    {  51,  75,   18 },   // 'S''k'  +0.56px
    {  51,  76,   18 },   // 'S''l'  +0.56px
    {  51,  77,   18 },   // 'S''m'  +0.56px
    {  51,  78,   18 },   // 'S''n'  +0.56px
    {  51,  79,  -14 },   // 'S''o'  -0.44px
    {  51,  80,   18 },   // 'S''p'  +0.56px
    {  51,  81,  -14 },   // 'S''q'  -0.44px
    {  51,  82,   18 },   // 'S''r'  +0.56px
    {  51,  83,   18 },   // 'S''s'  +0.56px
    {  51,  84,   18 },   // 'S''t'  +0.56px
    {  51,  85,   18 },   // 'S''u'  +0.56px
    {  51,  86,  -14 },   // 'S''v'  -0.44px
    {  51,  87,  -14 },   // 'S''w'  -0.44px
    {  51,  88,  -14 },   // 'S''x'  -0.44px
    {  51,  89,  -14 },   // 'S''y'  -0.44px
    {  51,  90,  -14 },   // 'S''z'  -0.44px
    {  51,  98,  -12 },   // 'S''‘'  -0.38px
    {  51,  99,  -12 },   // 'S''’'  -0.38px
    {  51, 100,  -12 },   // 'S''“'  -0.38px
    {  51, 101,  -12 },   // 'S''”'  -0.38px
    {  51, 163,  -10 },   // 'S''Ý'  -0.31px
    {  52,   6,  -14 },   // 'T''&'  -0.44px
    {  52,   9,   23 },   // 'T'')'  +0.72px
    {  52,  10,    8 },   // 'T''*'  +0.25px
    {  52,  12,  -38 },   // 'T'','  -1.19px
    {  52,  13,  -28 },   // 'T''-'  -0.88px
    {  52,  14,  -38 },   // 'T''.'  -1.19px
    {  52,  15,  -29 },   // 'T''/'  -0.91px
    {  52,  26,  -18 },   // 'T'':'  -0.56px
    {  52,  27,  -18 },   // 'T'';'  -0.56px
    {  52,  31,   12 },   // 'T''?'  +0.38px
    {  52,  32,  -25 },   // 'T''@'  -0.78px
    {  52,  33, -104 },   // 'T''A'  -3.25px
    {  52,  34,   -8 },   // 'T''B'  -0.25px
    {  52,  35,  -72 },   // 'T''C'  -2.25px
    {  52,  36,   -8 },   // 'T''D'  -0.25px
    {  52,  37,   -8 },   // 'T''E'  -0.25px
    {  52,  38,   -8 },   // 'T''F'  -0.25px
    {  52,  39,  -72 },   // 'T''G'  -2.25px
    {  52,  40,   -8 },   // 'T''H'  -0.25px
    {  52,  41,   -8 },   // 'T''I'  -0.25px
    {  52,  42,  -72 },   // 'T''J'  -2.25px
    {  52,  43,   -8 },   // 'T''K'  -0.25px
    {  52,  44,   -8 },   // 'T''L'  -0.25px
    {  52,  45,   -8 },   // 'T''M'  -0.25px
    {  52,  46,   -8 },   // 'T''N'  -0.25px
    {  52,  47,  -72 },   // 'T''O'  -2.25px
    {  52,  48,   -8 },   // 'T''P'  -0.25px
    {  52,  49,  -72 },   // 'T''Q'  -2.25px
    {  52,  50,   -8 },   // 'T''R'  -0.25px
    {  52,  51,  -40 },   // 'T''S'  -1.25px
    {  52,  52,   24 },   // 'T''T'  +0.75px
    {  52,  53,   -8 },   // 'T''U'  -0.25px
    {  52,  54,   24 },   // 'T''V'  +0.75px
    {  52,  55,   -8 },   // 'T''W'  -0.25px
    {  52,  56,   -8 },   // 'T''X'  -0.25px
    {  52,  57,   24 },   // 'T''Y'  +0.75px
    {  52,  58,   -8 },   // 'T''Z'  -0.25px
    {  52,  61,   23 },   // 'T'']'  +0.72px
    {  52,  63,  -38 },   // 'T''_'  -1.19px
    {  52,  65,  -72 },   // 'T''a'  -2.25px
    {  52,  66,   -8 },   // 'T''b'  -0.25px
    {  52,  67, -104 },   // 'T''c'  -3.25px
    {  52,  68, -104 },   // 'T''d'  -3.25px
    {  52,  69, -104 },   // 'T''e'  -3.25px
    {  52,  70,  -40 },   // 'T''f'  -1.25px
    {  52,  71, -104 },   // 'T''g'  -3.25px
    {  52,  72,   -8 },   // 'T''h'  -0.25px
    {  52,  73,   -8 },   // 'T''i'  -0.25px
    {  52,  74,   -8 },   // 'T''j'  -0.25px
    {  52,  75,   -8 },   // 'T''k'  -0.25px
    {  52,  76,   -8 },   // 'T''l'  -0.25px
    {  52,  77,  -72 },   // 'T''m'  -2.25px
    {  52,  78,  -72 },   // 'T''n'  -2.25px
    {  52,  79, -104 },   // 'T''o'  -3.25px
    {  52,  80,  -72 },   // 'T''p'  -2.25px
    {  52,  81, -104 },   // 'T''q'  -3.25px
    {  52,  82,  -72 },   // 'T''r'  -2.25px
    {  52,  83,  -72 },   // 'T''s'  -2.25px
    {  52,  84,  -40 },   // 'T''t'  -1.25px
    {  52,  85,  -72 },   // 'T''u'  -2.25px
    {  52,  86, -104 },   // 'T''v'  -3.25px
    {  52,  87, -104 },   // 'T''w'  -3.25px
    {  52,  88, -104 },   // 'T''x'  -3.25px
    {  52,  89, -104 },   // 'T''y'  -3.25px
    {  52,  90, -104 },   // 'T''z'  -3.25px
    {  52,  91,  -28 },   // 'T''{'  -0.88px
    {  52,  93,   23 },   // 'T''}'  +0.72px
    {  52,  95,  -36 },   // 'T''‹'  -1.12px
    {  52,  96,  -34 },   // 'T''›'  -1.06px
    {  52,  97,  -28 },   // 'T''·'  -0.88px
    {  52, 102,  -28 },   // 'T''–'  -0.88px
    {  52, 103,  -28 },   // 'T''—'  -0.88px
    {  52, 104,  -38 },   // 'T''…'  -1.19px
    {  52, 113,  -25 },   // 'T''©'  -0.78px
    {  52, 114,   12 },   // 'T''ª'  +0.38px
    {  52, 115,  -36 },   // 'T''«'  -1.12px
    {  52, 117,  -25 },   // 'T''®'  -0.78px
    {  52, 119,    8 },   // 'T''°'  +0.25px
    {  52, 124,  -45 },   // 'T''µ'  -1.41px
    {  52, 128,   12 },   // 'T''º'  +0.38px
    {  52, 129,  -34 },   // 'T''»'  -1.06px
    {  52, 134,  -45 },   // 'T''À'  -1.41px
    {  52, 135,  -45 },   // 'T''Á'  -1.41px
    {  52, 136,  -45 },   // 'T''Â'  -1.41px
    {  52, 137,  -45 },   // 'T''Ã'  -1.41px
    {  52, 138,  -45 },   // 'T''Ä'  -1.41px
    {  52, 139,  -45 },   // 'T''Å'  -1.41px
    {  52, 140,  -45 },   // 'T''Æ'  -1.41px
    {  52, 141,  -25 },   // 'T''Ç'  -0.78px
    {  52, 152,  -25 },   // 'T''Ò'  -0.78px
    {  52, 153,  -25 },   // 'T''Ó'  -0.78px
    {  52, 154,  -25 },   // 'T''Ô'  -0.78px
    {  52, 155,  -25 },   // 'T''Õ'  -0.78px
    {  52, 156,  -25 },   // 'T''Ö'  -0.78px
    {  52, 158,  -25 },   // 'T''Ø'  -0.78px
    {  52, 165,   32 },   // 'T''ß'  +1.00px
    {  52, 172,  -45 },   // 'T''æ'  -1.41px
    {  52, 173,  -45 },   // 'T''ç'  -1.41px
    {  52, 174,  -45 },   // 'T''è'  -1.41px
    {  52, 175,  -45 },   // 'T''é'  -1.41px
    {  52, 176,  -45 },   // 'T''ê'  -1.41px
    {  52, 177,  -45 },   // 'T''ë'  -1.41px
    {  52, 178,   32 },   // 'T''ì'  +1.00px
    {  52, 179,   32 },   // 'T''í'  +1.00px
    {  52, 180,   32 },   // 'T''î'  +1.00px
    {  52, 181,   32 },   // 'T''ï'  +1.00px
    {  52, 182,  -45 },   // 'T''ð'  -1.41px
    {  52, 183,  -45 },   // 'T''ñ'  -1.41px
    {  52, 184,  -45 },   // 'T''ò'  -1.41px
    {  52, 185,  -45 },   // 'T''ó'  -1.41px
    {  52, 186,  -45 },   // 'T''ô'  -1.41px
    {  52, 187,  -45 },   // 'T''õ'  -1.41px
    {  52, 188,  -45 },   // 'T''ö'  -1.41px
    {  52, 190,  -45 },   // 'T''ø'  -1.41px
    {  52, 191,  -43 },   // 'T''ù'  -1.34px
    {  52, 192,  -43 },   // 'T''ú'  -1.34px
    {  52, 193,  -43 },   // 'T''û'  -1.34px
    {  52, 194,  -43 },   // 'T''ü'  -1.34px
    {  52, 195,  -43 },   // 'T''ý'  -1.34px
    {  52, 196,   32 },   // 'T''þ'  +1.00px
    {  52, 197,  -43 },   // 'T''ÿ'  -1.34px
    {  53,  12,  -12 },   // 'U'','  -0.38px
    {  53,  14,  -12 },   // 'U''.'  -0.38px
    {  53,  33,  -12 },   // 'U''A'  -0.38px
    {  53,  34,  -12 },   // 'U''B'  -0.38px
    {  53,  35,  -12 },   // 'U''C'  -0.38px
    {  53,  36,  -12 },   // 'U''D'  -0.38px
    {  53,  37,  -12 },   // 'U''E'  -0.38px
    {  53,  38,  -12 },   // 'U''F'  -0.38px
    {  53,  39,  -12 },   // 'U''G'  -0.38px
    {  53,  40,  -12 },   // 'U''H'  -0.38px
    {  53,  41,  -12 },   // 'U''I'  -0.38px
    {  53,  42,  -44 },   // 'U''J'  -1.38px
    {  53,  43,  -12 },   // 'U''K'  -0.38px
    {  53,  44,  -12 },   // 'U''L'  -0.38px
    {  53,  45,  -12 },   // 'U''M'  -0.38px
    {  53,  46,  -12 },   // 'U''N'  -0.38px
    {  53,  47,  -12 },   // 'U''O'  -0.38px
    {  53,  48,  -12 },   // 'U''P'  -0.38px
    {  53,  49,  -12 },   // 'U''Q'  -0.38px
    {  53,  50,  -12 },   // 'U''R'  -0.38px
    {  53,  51,  -44 },   // 'U''S'  -1.38px
    {  53,  52,  -12 },   // 'U''T'  -0.38px
    {  53,  53,  -12 },   // 'U''U'  -0.38px
    {  53,  54,  -12 },   // 'U''V'  -0.38px
    {  53,  55,  -44 },   // 'U''W'  -1.38px
    {  53,  56,  -12 },   // 'U''X'  -0.38px
    {  53,  57,  -12 },   // 'U''Y'  -0.38px
    {  53,  58,  -44 },   // 'U''Z'  -1.38px
    {  53,  63,  -12 },   // 'U''_'  -0.38px
    {  53,  65,  -12 },   // 'U''a'  -0.38px
    {  53,  66,  -12 },   // 'U''b'  -0.38px
    {  53,  67,  -12 },   // 'U''c'  -0.38px
    {  53,  68,  -12 },   // 'U''d'  -0.38px
    {  53,  69,  -12 },   // 'U''e'  -0.38px
    {  53,  70,  -12 },   // 'U''f'  -0.38px
    {  53,  71,  -12 },   // 'U''g'  -0.38px
    {  53,  72,  -12 },   // 'U''h'  -0.38px
    {  53,  73,  -12 },   // 'U''i'  -0.38px
    {  53,  74,  -12 },   // 'U''j'  -0.38px
    {  53,  75,  -12 },   // 'U''k'  -0.38px
    {  53,  76,  -12 },   // 'U''l'  -0.38px
    {  53,  77,  -12 },   // 'U''m'  -0.38px
    {  53,  78,  -12 },   // 'U''n'  -0.38px
    {  53,  79,  -12 },   // 'U''o'  -0.38px
    {  53,  80,  -12 },   // 'U''p'  -0.38px
    {  53,  81,  -12 },   // 'U''q'  -0.38px
    {  53,  82,  -12 },   // 'U''r'  -0.38px
    {  53,  83,   20 },   // 'U''s'  +0.62px
    {  53,  84,  -12 },   // 'U''t'  -0.38px
    {  53,  85,  -12 },   // 'U''u'  -0.38px
    {  53,  86,  -12 },   // 'U''v'  -0.38px
    {  53,  87,  -12 },   // 'U''w'  -0.38px
    {  53,  88,  -12 },   // 'U''x'  -0.38px
    {  53,  89,  -12 },   // 'U''y'  -0.38px
    {  53,  90,  -44 },   // 'U''z'  -1.38px
    {  53, 104,  -12 },   // 'U''…'  -0.38px
    {  54,   6,  -20 },   // 'V''&'  -0.62px
    {  54,   9,   18 },   // 'V'')'  +0.56px
    {  54,  12,  -32 },   // 'V'','  -1.00px
    {  54,  13,  -29 },   // 'V''-'  -0.91px
    {  54,  14,  -32 },   // 'V''.'  -1.00px
    {  54,  15,  -12 },   // 'V''/'  -0.38px
    {  54,  26,  -20 },   // 'V'':'  -0.62px
    {  54,  27,  -20 },   // 'V'';'  -0.62px
    {  54,  31,    8 },   // 'V''?'  +0.25px
    {  54,  32,  -10 },   // 'V''@'  -0.31px
    {  54,  33,  -62 },   // 'V''A'  -1.94px
    {  54,  34,    2 },   // 'V''B'  +0.06px
    {  54,  35,  -30 },   // 'V''C'  -0.94px
    {  54,  36,    2 },   // 'V''D'  +0.06px
    {  54,  37,    2 },   // 'V''E'  +0.06px
    {  54,  38,    2 },   // 'V''F'  +0.06px
    {  54,  39,  -30 },   // 'V''G'  -0.94px
    {  54,  40,    2 },   // 'V''H'  +0.06px
    {  54,  41,    2 },   // 'V''I'  +0.06px
    {  54,  42,  -62 },   // 'V''J'  -1.94px
    {  54,  43,    2 },   // 'V''K'  +0.06px
    {  54,  44,    2 },   // 'V''L'  +0.06px
    {  54,  45,    2 },   // 'V''M'  +0.06px
    {  54,  46,    2 },   // 'V''N'  +0.06px
    {  54,  47,  -30 },   // 'V''O'  -0.94px
    {  54,  48,    2 },   // 'V''P'  +0.06px
    {  54,  49,  -30 },   // 'V''Q'  -0.94px
    {  54,  50,    2 },   // 'V''R'  +0.06px
    {  54,  51,  -30 },   // 'V''S'  -0.94px
    {  54,  52,   34 },   // 'V''T'  +1.06px
    {  54,  53,    2 },   // 'V''U'  +0.06px
    {  54,  54,   34 },   // 'V''V'  +1.06px
    {  54,  55,    2 },   // 'V''W'  +0.06px
    {  54,  56,    2 },   // 'V''X'  +0.06px
    {  54,  57,   34 },   // 'V''Y'  +1.06px
    {  54,  58,    2 },   // 'V''Z'  +0.06px
    {  54,  61,   18 },   // 'V'']'  +0.56px
    {  54,  63,  -32 },   // 'V''_'  -1.00px
    {  54,  65,  -30 },   // 'V''a'  -0.94px
    {  54,  66,    2 },   // 'V''b'  +0.06px
    {  54,  67,  -62 },   // 'V''c'  -1.94px
    {  54,  68,  -62 },   // 'V''d'  -1.94px
    {  54,  69,  -62 },   // 'V''e'  -1.94px
    {  54,  70,  -30 },   // 'V''f'  -0.94px
    {  54,  71,  -62 },   // 'V''g'  -1.94px
    {  54,  72,    2 },   // 'V''h'  +0.06px
    {  54,  73,    2 },   // 'V''i'  +0.06px
    {  54,  74,    2 },   // 'V''j'  +0.06px
    {  54,  75,    2 },   // 'V''k'  +0.06px
    {  54,  76,    2 },   // 'V''l'  +0.06px
    {  54,  77,  -30 },   // 'V''m'  -0.94px
    {  54,  78,  -30 },   // 'V''n'  -0.94px
    {  54,  79,  -62 },   // 'V''o'  -1.94px
    {  54,  80,  -30 },   // 'V''p'  -0.94px
    {  54,  81,  -62 },   // 'V''q'  -1.94px
    {  54,  82,  -30 },   // 'V''r'  -0.94px
    {  54,  83,  -30 },   // 'V''s'  -0.94px
    {  54,  84,  -30 },   // 'V''t'  -0.94px
    {  54,  85,  -30 },   // 'V''u'  -0.94px
    {  54,  86,  -30 },   // 'V''v'  -0.94px
    {  54,  87,  -30 },   // 'V''w'  -0.94px
    {  54,  88,  -62 },   // 'V''x'  -1.94px
    {  54,  89,  -30 },   // 'V''y'  -0.94px
    {  54,  90,  -62 },   // 'V''z'  -1.94px
    {  54,  91,  -29 },   // 'V''{'  -0.91px
    {  54,  93,   18 },   // 'V''}'  +0.56px
    {  54,  95,  -40 },   // 'V''‹'  -1.25px
    {  54,  96,  -29 },   // 'V''›'  -0.91px
    {  54,  97,  -29 },   // 'V''·'  -0.91px
    {  54, 102,  -29 },   // 'V''–'  -0.91px
    {  54, 103,  -29 },   // 'V''—'  -0.91px
    {  54, 104,  -32 },   // 'V''…'  -1.00px
    {  54, 113,  -10 },   // 'V''©'  -0.31px
    {  54, 114,   12 },   // 'V''ª'  +0.38px
    {  54, 115,  -40 },   // 'V''«'  -1.25px
    {  54, 117,  -10 },   // 'V''®'  -0.31px
    {  54, 119,    8 },   // 'V''°'  +0.25px
    {  54, 124,  -34 },   // 'V''µ'  -1.06px
    {  54, 128,   12 },   // 'V''º'  +0.38px
    {  54, 129,  -29 },   // 'V''»'  -0.91px
    {  54, 134,  -34 },   // 'V''À'  -1.06px
    {  54, 135,  -34 },   // 'V''Á'  -1.06px
    {  54, 136,  -34 },   // 'V''Â'  -1.06px
    {  54, 137,  -34 },   // 'V''Ã'  -1.06px
    {  54, 138,  -34 },   // 'V''Ä'  -1.06px
    {  54, 139,  -34 },   // 'V''Å'  -1.06px
    {  54, 140,  -34 },   // 'V''Æ'  -1.06px
    {  54, 141,  -10 },   // 'V''Ç'  -0.31px
    {  54, 152,  -10 },   // 'V''Ò'  -0.31px
    {  54, 153,  -10 },   // 'V''Ó'  -0.31px
    {  54, 154,  -10 },   // 'V''Ô'  -0.31px
    {  54, 155,  -10 },   // 'V''Õ'  -0.31px
    {  54, 156,  -10 },   // 'V''Ö'  -0.31px
    {  54, 158,  -10 },   // 'V''Ø'  -0.31px
    {  54, 165,   29 },   // 'V''ß'  +0.91px
    {  54, 172,  -34 },   // 'V''æ'  -1.06px
    {  54, 173,  -36 },   // 'V''ç'  -1.12px
    {  54, 174,  -36 },   // 'V''è'  -1.12px
    {  54, 175,  -36 },   // 'V''é'  -1.12px
    {  54, 176,  -36 },   // 'V''ê'  -1.12px
    {  54, 177,  -36 },   // 'V''ë'  -1.12px
    {  54, 178,   29 },   // 'V''ì'  +0.91px
    {  54, 179,   29 },   // 'V''í'  +0.91px
    {  54, 180,   29 },   // 'V''î'  +0.91px
    {  54, 181,   29 },   // 'V''ï'  +0.91px
    {  54, 182,  -36 },   // 'V''ð'  -1.12px
    {  54, 183,  -34 },   // 'V''ñ'  -1.06px
    {  54, 184,  -36 },   // 'V''ò'  -1.12px
    {  54, 185,  -36 },   // 'V''ó'  -1.12px
    {  54, 186,  -36 },   // 'V''ô'  -1.12px
    {  54, 187,  -36 },   // 'V''õ'  -1.12px
    {  54, 188,  -36 },   // 'V''ö'  -1.12px
    {  54, 190,  -36 },   // 'V''ø'  -1.12px
    {  54, 191,  -29 },   // 'V''ù'  -0.91px
    {  54, 192,  -29 },   // 'V''ú'  -0.91px
    {  54, 193,  -29 },   // 'V''û'  -0.91px
    {  54, 194,  -29 },   // 'V''ü'  -0.91px
    {  54, 195,  -18 },   // 'V''ý'  -0.56px
    {  54, 196,   29 },   // 'V''þ'  +0.91px
    {  54, 197,  -18 },   // 'V''ÿ'  -0.56px
    {  55,   6,  -20 },   // 'W''&'  -0.62px
    {  55,   9,   18 },   // 'W'')'  +0.56px
    {  55,  12,  -32 },   // 'W'','  -1.00px
    {  55,  13,  -29 },   // 'W''-'  -0.91px
    {  55,  14,  -32 },   // 'W''.'  -1.00px
    {  55,  15,  -12 },   // 'W''/'  -0.38px
    {  55,  26,  -20 },   // 'W'':'  -0.62px
    {  55,  27,  -20 },   // 'W'';'  -0.62px
    {  55,  31,    8 },   // 'W''?'  +0.25px
    {  55,  32,  -10 },   // 'W''@'  -0.31px
    {  55,  33,  -36 },   // 'W''A'  -1.12px
    {  55,  34,  -36 },   // 'W''B'  -1.12px
    {  55,  35,  -36 },   // 'W''C'  -1.12px
    {  55,  36,  -36 },   // 'W''D'  -1.12px
    {  55,  37,  -36 },   // 'W''E'  -1.12px
    {  55,  38,  -36 },   // 'W''F'  -1.12px
    {  55,  39,  -36 },   // 'W''G'  -1.12px
    {  55,  40,  -36 },   // 'W''H'  -1.12px
    {  55,  41,  -36 },   // 'W''I'  -1.12px
    {  55,  42,  -68 },   // 'W''J'  -2.12px
    {  55,  43,  -36 },   // 'W''K'  -1.12px
    {  55,  44,  -36 },   // 'W''L'  -1.12px
    {  55,  45,  -36 },   // 'W''M'  -1.12px
    {  55,  46,  -36 },   // 'W''N'  -1.12px
    {  55,  47,  -36 },   // 'W''O'  -1.12px
    {  55,  48,  -36 },   // 'W''P'  -1.12px
    {  55,  49,  -36 },   // 'W''Q'  -1.12px
    {  55,  50,  -36 },   // 'W''R'  -1.12px
    {  55,  51,  -36 },   // 'W''S'  -1.12px
    {  55,  52,   -4 },   // 'W''T'  -0.12px
    {  55,  53,  -36 },   // 'W''U'  -1.12px
    {  55,  54,   -4 },   // 'W''V'  -0.12px
    {  55,  55,  -36 },   // 'W''W'  -1.12px
    {  55,  56,  -36 },   // 'W''X'  -1.12px
    {  55,  57,   -4 },   // 'W''Y'  -0.12px
    {  55,  58,  -36 },   // 'W''Z'  -1.12px
    {  55,  61,   18 },   // 'W'']'  +0.56px
    {  55,  63,  -32 },   // 'W''_'  -1.00px
    {  55,  65,  -36 },   // 'W''a'  -1.12px
    {  55,  66,  -36 },   // 'W''b'  -1.12px
    {  55,  67,  -36 },   // 'W''c'  -1.12px
    {  55,  68,  -36 },   // 'W''d'  -1.12px
    {  55,  69,  -36 },   // 'W''e'  -1.12px
    {  55,  70,  -36 },   // 'W''f'  -1.12px
    {  55,  71,  -36 },   // 'W''g'  -1.12px
    {  55,  72,  -36 },   // 'W''h'  -1.12px
    {  55,  73,  -36 },   // 'W''i'  -1.12px
    {  55,  74,  -36 },   // 'W''j'  -1.12px
    {  55,  75,  -36 },   // 'W''k'  -1.12px
    {  55,  76,  -36 },   // 'W''l'  -1.12px
    {  55,  77,  -36 },   // 'W''m'  -1.12px
    {  55,  78,  -36 },   // 'W''n'  -1.12px
    {  55,  79,  -36 },   // 'W''o'  -1.12px
    {  55,  80,  -36 },   // 'W''p'  -1.12px
    {  55,  81,  -36 },   // 'W''q'  -1.12px
    {  55,  82,  -36 },   // 'W''r'  -1.12px
    {  55,  83,  -36 },   // 'W''s'  -1.12px
    {  55,  84,  -36 },   // 'W''t'  -1.12px
    {  55,  85,  -36 },   // 'W''u'  -1.12px
    {  55,  86,  -36 },   // 'W''v'  -1.12px
    {  55,  87,  -36 },   // 'W''w'  -1.12px
    {  55,  88,  -36 },   // 'W''x'  -1.12px
    {  55,  89,  -36 },   // 'W''y'  -1.12px
    {  55,  90,  -68 },   // 'W''z'  -2.12px
    {  55,  91,  -29 },   // 'W''{'  -0.91px
    {  55,  93,   18 },   // 'W''}'  +0.56px
    {  55,  95,  -40 },   // 'W''‹'  -1.25px
    {  55,  96,  -29 },   // 'W''›'  -0.91px
    {  55,  97,  -29 },   // 'W''·'  -0.91px
    {  55, 102,  -29 },   // 'W''–'  -0.91px
    {  55, 103,  -29 },   // 'W''—'  -0.91px
    {  55, 104,  -32 },   // 'W''…'  -1.00px
    {  55, 113,  -10 },   // 'W''©'  -0.31px
    {  55, 114,   12 },   // 'W''ª'  +0.38px
    {  55, 115,  -40 },   // 'W''«'  -1.25px
    {  55, 117,  -10 },   // 'W''®'  -0.31px
    {  55, 119,    8 },   // 'W''°'  +0.25px
    {  55, 124,  -34 },   // 'W''µ'  -1.06px
    {  55, 128,   12 },   // 'W''º'  +0.38px
    {  55, 129,  -29 },   // 'W''»'  -0.91px
    {  55, 134,  -34 },   // 'W''À'  -1.06px
    {  55, 135,  -34 },   // 'W''Á'  -1.06px
    {  55, 136,  -34 },   // 'W''Â'  -1.06px
    {  55, 137,  -34 },   // 'W''Ã'  -1.06px
    {  55, 138,  -34 },   // 'W''Ä'  -1.06px
    {  55, 139,  -34 },   // 'W''Å'  -1.06px
    {  55, 140,  -34 },   // 'W''Æ'  -1.06px
    {  55, 141,  -10 },   // 'W''Ç'  -0.31px
    {  55, 152,  -10 },   // 'W''Ò'  -0.31px
    {  55, 153,  -10 },   // 'W''Ó'  -0.31px
    {  55, 154,  -10 },   // 'W''Ô'  -0.31px
    {  55, 155,  -10 },   // 'W''Õ'  -0.31px
    {  55, 156,  -10 },   // 'W''Ö'  -0.31px
    {  55, 158,  -10 },   // 'W''Ø'  -0.31px
    {  55, 165,   29 },   // 'W''ß'  +0.91px
    {  55, 172,  -34 },   // 'W''æ'  -1.06px
    {  55, 173,  -36 },   // 'W''ç'  -1.12px
    {  55, 174,  -36 },   // 'W''è'  -1.12px
    {  55, 175,  -36 },   // 'W''é'  -1.12px
    {  55, 176,  -36 },   // 'W''ê'  -1.12px
    {  55, 177,  -36 },   // 'W''ë'  -1.12px
    {  55, 178,   29 },   // 'W''ì'  +0.91px
    {  55, 179,   29 },   // 'W''í'  +0.91px
    {  55, 180,   29 },   // 'W''î'  +0.91px
    {  55, 181,   29 },   // 'W''ï'  +0.91px
    {  55, 182,  -36 },   // 'W''ð'  -1.12px
    {  55, 183,  -34 },   // 'W''ñ'  -1.06px
    {  55, 184,  -36 },   // 'W''ò'  -1.12px
    {  55, 185,  -36 },   // 'W''ó'  -1.12px
    {  55, 186,  -36 },   // 'W''ô'  -1.12px
    {  55, 187,  -36 },   // 'W''õ'  -1.12px
    {  55, 188,  -36 },   // 'W''ö'  -1.12px
    {  55, 190,  -36 },   // 'W''ø'  -1.12px
    {  55, 191,  -29 },   // 'W''ù'  -0.91px
    {  55, 192,  -29 },   // 'W''ú'  -0.91px
    {  55, 193,  -29 },   // 'W''û'  -0.91px
    {  55, 194,  -29 },   // 'W''ü'  -0.91px
    {  55, 195,  -18 },   // 'W''ý'  -0.56px
    {  55, 196,   29 },   // 'W''þ'  +0.91px
    {  55, 197,  -18 },   // 'W''ÿ'  -0.56px
    {  56,   1,   10 },   // 'X''!'  +0.31px
    {  56,  13,  -14 },   // 'X''-'  -0.44px
    {  56,  15,   12 },   // 'X''/'  +0.38px
    {  56,  32,  -16 },   // 'X''@'  -0.50px
    {  56,  33,   -6 },   // 'X''A'  -0.19px
    {  56,  34,   -6 },   // 'X''B'  -0.19px
    {  56,  35,  -38 },   // 'X''C'  -1.19px
    {  56,  36,   -6 },   // 'X''D'  -0.19px
    {  56,  37,   -6 },   // 'X''E'  -0.19px
    {  56,  38,   -6 },   // 'X''F'  -0.19px
    {  56,  39,  -38 },   // 'X''G'  -1.19px
    {  56,  40,   -6 },   // 'X''H'  -0.19px
    {  56,  41,   -6 },   // 'X''I'  -0.19px
    {  56,  42,   -6 },   // 'X''J'  -0.19px
    {  56,  43,   -6 },   // 'X''K'  -0.19px
    {  56,  44,   -6 },   // 'X''L'  -0.19px
    {  56,  45,   -6 },   // 'X''M'  -0.19px
    {  56,  46,   -6 },   // 'X''N'  -0.19px
    {  56,  47,  -38 },   // 'X''O'  -1.19px
    {  56,  48,   -6 },   // 'X''P'  -0.19px
    {  56,  49,  -38 },   // 'X''Q'  -1.19px
    {  56,  50,   -6 },   // 'X''R'  -0.19px
    {  56,  51,  -38 },   // 'X''S'  -1.19px
    {  56,  52,   -6 },   // 'X''T'  -0.19px
    {  56,  53,   -6 },   // 'X''U'  -0.19px
    {  56,  54,   -6 },   // 'X''V'  -0.19px
    {  56,  55,  -38 },   // 'X''W'  -1.19px
    {  56,  56,  -38 },   // 'X''X'  -1.19px
    {  56,  57,   -6 },   // 'X''Y'  -0.19px
    {  56,  58,  -38 },   // 'X''Z'  -1.19px
    {  56,  65,   -6 },   // 'X''a'  -0.19px
    {  56,  66,   -6 },   // 'X''b'  -0.19px
    {  56,  67,   -6 },   // 'X''c'  -0.19px
    {  56,  68,   -6 },   // 'X''d'  -0.19px
    {  56,  69,   -6 },   // 'X''e'  -0.19px
    {  56,  70,  -38 },   // 'X''f'  -1.19px
    {  56,  71,   -6 },   // 'X''g'  -0.19px
    {  56,  72,   -6 },   // 'X''h'  -0.19px
    {  56,  73,   -6 },   // 'X''i'  -0.19px
    {  56,  74,   -6 },   // 'X''j'  -0.19px
    {  56,  75,   -6 },   // 'X''k'  -0.19px
    {  56,  76,   -6 },   // 'X''l'  -0.19px
    {  56,  77,   -6 },   // 'X''m'  -0.19px
    {  56,  78,   -6 },   // 'X''n'  -0.19px
    {  56,  79,   -6 },   // 'X''o'  -0.19px
    {  56,  80,   -6 },   // 'X''p'  -0.19px
    {  56,  81,   -6 },   // 'X''q'  -0.19px
    {  56,  82,   -6 },   // 'X''r'  -0.19px
    {  56,  83,   -6 },   // 'X''s'  -0.19px
    {  56,  84,   -6 },   // 'X''t'  -0.19px
    {  56,  85,   -6 },   // 'X''u'  -0.19px
    {  56,  86,  -38 },   // 'X''v'  -1.19px
    {  56,  87,   -6 },   // 'X''w'  -0.19px
    {  56,  88,  -38 },   // 'X''x'  -1.19px
    {  56,  89,  -38 },   // 'X''y'  -1.19px
    {  56,  90,  -38 },   // 'X''z'  -1.19px
    {  56,  91,  -14 },   // 'X''{'  -0.44px
    {  56,  95,  -23 },   // 'X''‹'  -0.72px
    {  56,  97,  -14 },   // 'X''·'  -0.44px
    {  56, 102,  -14 },   // 'X''–'  -0.44px
    {  56, 103,  -14 },   // 'X''—'  -0.44px
    {  56, 113,  -16 },   // 'X''©'  -0.50px
    {  56, 115,  -23 },   // 'X''«'  -0.72px
    {  56, 117,  -16 },   // 'X''®'  -0.50px
    {  56, 134,   -8 },   // 'X''À'  -0.25px
    {  56, 135,   -8 },   // 'X''Á'  -0.25px
    {  56, 136,   -8 },   // 'X''Â'  -0.25px
    {  56, 137,   -8 },   // 'X''Ã'  -0.25px
    {  56, 138,   -8 },   // 'X''Ä'  -0.25px
    {  56, 139,   -8 },   // 'X''Å'  -0.25px
    {  56, 140,   -8 },   // 'X''Æ'  -0.25px
    {  56, 141,  -16 },   // 'X''Ç'  -0.50px
    {  56, 152,  -16 },   // 'X''Ò'  -0.50px
    {  56, 153,  -16 },   // 'X''Ó'  -0.50px
    {  56, 154,  -16 },   // 'X''Ô'  -0.50px
    {  56, 155,  -16 },   // 'X''Õ'  -0.50px
    {  56, 156,  -16 },   // 'X''Ö'  -0.50px
    {  56, 158,  -16 },   // 'X''Ø'  -0.50px
    {  56, 165,   12 },   // 'X''ß'  +0.38px
    {  56, 178,   12 },   // 'X''ì'  +0.38px
    {  56, 179,   12 },   // 'X''í'  +0.38px
    {  56, 180,   12 },   // 'X''î'  +0.38px
    {  56, 181,   12 },   // 'X''ï'  +0.38px
    {  56, 195,  -16 },   // 'X''ý'  -0.50px
    {  56, 196,   12 },   // 'X''þ'  +0.38px
    {  56, 197,  -16 },   // 'X''ÿ'  -0.50px
    {  57,   1,   24 },   // 'Y''!'  +0.75px
    {  57,   9,   20 },   // 'Y'')'  +0.62px
    {  57,  10,   12 },   // 'Y''*'  +0.38px
    {  57,  12,  -39 },   // 'Y'','  -1.22px
    {  57,  13,  -30 },   // 'Y''-'  -0.94px
    {  57,  14,  -39 },   // 'Y''.'  -1.22px
    {  57,  15,  -14 },   // 'Y''/'  -0.44px
    {  57,  26,  -22 },   // 'Y'':'  -0.69px
    {  57,  27,  -22 },   // 'Y'';'  -0.69px
    {  57,  31,   20 },   // 'Y''?'  +0.62px
    {  57,  32,  -25 },   // 'Y''@'  -0.78px
    {  57,  33,  -71 },   // 'Y''A'  -2.22px
    {  57,  34,   -7 },   // 'Y''B'  -0.22px
    {  57,  35,  -71 },   // 'Y''C'  -2.22px
    {  57,  36,   -7 },   // 'Y''D'  -0.22px
    {  57,  37,   -7 },   // 'Y''E'  -0.22px
    {  57,  38,   -7 },   // 'Y''F'  -0.22px
    {  57,  39,  -71 },   // 'Y''G'  -2.22px
    {  57,  40,   -7 },   // 'Y''H'  -0.22px
    {  57,  41,   -7 },   // 'Y''I'  -0.22px
    {  57,  42,  -71 },   // 'Y''J'  -2.22px
    {  57,  43,   -7 },   // 'Y''K'  -0.22px
    {  57,  44,   -7 },   // 'Y''L'  -0.22px
    {  57,  45,   -7 },   // 'Y''M'  -0.22px
    {  57,  46,   -7 },   // 'Y''N'  -0.22px
    {  57,  47,  -71 },   // 'Y''O'  -2.22px
    {  57,  48,   -7 },   // 'Y''P'  -0.22px
    {  57,  49,  -71 },   // 'Y''Q'  -2.22px
    {  57,  50,   -7 },   // 'Y''R'  -0.22px
    {  57,  51,  -39 },   // 'Y''S'  -1.22px
    {  57,  52,   25 },   // 'Y''T'  +0.78px
    {  57,  53,   -7 },   // 'Y''U'  -0.22px
    {  57,  54,   25 },   // 'Y''V'  +0.78px
    {  57,  55,   -7 },   // 'Y''W'  -0.22px
    {  57,  56,   -7 },   // 'Y''X'  -0.22px
    {  57,  57,   25 },   // 'Y''Y'  +0.78px
    {  57,  58,   -7 },   // 'Y''Z'  -0.22px
    {  57,  61,   20 },   // 'Y'']'  +0.62px
    {  57,  63,  -39 },   // 'Y''_'  -1.22px
    {  57,  65,  -71 },   // 'Y''a'  -2.22px
    {  57,  66,   -7 },   // 'Y''b'  -0.22px
    {  57,  67,  -71 },   // 'Y''c'  -2.22px
    {  57,  68,  -71 },   // 'Y''d'  -2.22px
    {  57,  69,  -71 },   // 'Y''e'  -2.22px
    {  57,  70,  -39 },   // 'Y''f'  -1.22px
    {  57,  71,  -71 },   // 'Y''g'  -2.22px
    {  57,  72,   -7 },   // 'Y''h'  -0.22px
    {  57,  73,   -7 },   // 'Y''i'  -0.22px
    {  57,  74,   -7 },   // 'Y''j'  -0.22px
    {  57,  75,   -7 },   // 'Y''k'  -0.22px
    {  57,  76,   -7 },   // 'Y''l'  -0.22px
    {  57,  77,  -71 },   // 'Y''m'  -2.22px
    {  57,  78,  -71 },   // 'Y''n'  -2.22px
    {  57,  79,  -71 },   // 'Y''o'  -2.22px
    {  57,  80,  -71 },   // 'Y''p'  -2.22px
    {  57,  81,  -71 },   // 'Y''q'  -2.22px
    {  57,  82,  -71 },   // 'Y''r'  -2.22px
    {  57,  83,  -71 },   // 'Y''s'  -2.22px
    {  57,  84,  -39 },   // 'Y''t'  -1.22px
    {  57,  85,  -71 },   // 'Y''u'  -2.22px
    {  57,  86,  -71 },   // 'Y''v'  -2.22px
    {  57,  87,  -71 },   // 'Y''w'  -2.22px
    {  57,  88,  -71 },   // 'Y''x'  -2.22px
    {  57,  89,  -71 },   // 'Y''y'  -2.22px
    {  57,  90, -103 },   // 'Y''z'  -3.22px
    {  57,  91,  -30 },   // 'Y''{'  -0.94px
    {  57,  92,   20 },   // 'Y''|'  +0.62px
    {  57,  93,   20 },   // 'Y''}'  +0.62px
    {  57,  95,  -43 },   // 'Y''‹'  -1.34px
    {  57,  96,  -34 },   // 'Y''›'  -1.06px
    {  57,  97,  -30 },   // 'Y''·'  -0.94px
    {  57, 102,  -30 },   // 'Y''–'  -0.94px
    {  57, 103,  -30 },   // 'Y''—'  -0.94px
    {  57, 104,  -39 },   // 'Y''…'  -1.22px
    {  57, 110,   20 },   // 'Y''¦'  +0.62px
    {  57, 113,  -25 },   // 'Y''©'  -0.78px
    {  57, 114,   19 },   // 'Y''ª'  +0.59px
    {  57, 115,  -43 },   // 'Y''«'  -1.34px
    {  57, 117,  -25 },   // 'Y''®'  -0.78px
    {  57, 119,   10 },   // 'Y''°'  +0.31px
    {  57, 124,  -45 },   // 'Y''µ'  -1.41px
    {  57, 128,   19 },   // 'Y''º'  +0.59px
    {  57, 129,  -34 },   // 'Y''»'  -1.06px
    {  57, 134,  -38 },   // 'Y''À'  -1.19px
    {  57, 135,  -38 },   // 'Y''Á'  -1.19px
    {  57, 136,  -38 },   // 'Y''Â'  -1.19px
    {  57, 137,  -38 },   // 'Y''Ã'  -1.19px
    {  57, 138,  -38 },   // 'Y''Ä'  -1.19px
    {  57, 139,  -38 },   // 'Y''Å'  -1.19px
    {  57, 140,  -38 },   // 'Y''Æ'  -1.19px
    {  57, 141,  -25 },   // 'Y''Ç'  -0.78px
    {  57, 142,   20 },   // 'Y''È'  +0.62px
    {  57, 143,   20 },   // 'Y''É'  +0.62px
    {  57, 144,   20 },   // 'Y''Ê'  +0.62px
    {  57, 145,   20 },   // 'Y''Ë'  +0.62px
    {  57, 146,   20 },   // 'Y''Ì'  +0.62px
    {  57, 147,   20 },   // 'Y''Í'  +0.62px
    {  57, 148,   20 },   // 'Y''Î'  +0.62px
    {  57, 149,   20 },   // 'Y''Ï'  +0.62px
    {  57, 150,   20 },   // 'Y''Ð'  +0.62px
    {  57, 151,   20 },   // 'Y''Ñ'  +0.62px
    {  57, 152,  -25 },   // 'Y''Ò'  -0.78px
    {  57, 153,  -25 },   // 'Y''Ó'  -0.78px
    {  57, 154,  -25 },   // 'Y''Ô'  -0.78px
    {  57, 155,  -25 },   // 'Y''Õ'  -0.78px
    {  57, 156,  -25 },   // 'Y''Ö'  -0.78px
    {  57, 158,  -25 },   // 'Y''Ø'  -0.78px
    {  57, 164,   20 },   // 'Y''Þ'  +0.62px
    {  57, 172,  -45 },   // 'Y''æ'  -1.41px
    {  57, 173,  -48 },   // 'Y''ç'  -1.50px
    {  57, 174,  -48 },   // 'Y''è'  -1.50px
    {  57, 175,  -48 },   // 'Y''é'  -1.50px
    {  57, 176,  -48 },   // 'Y''ê'  -1.50px
    {  57, 177,  -48 },   // 'Y''ë'  -1.50px
    {  57, 182,  -48 },   // 'Y''ð'  -1.50px
    {  57, 183,  -45 },   // 'Y''ñ'  -1.41px
    {  57, 184,  -48 },   // 'Y''ò'  -1.50px
    {  57, 185,  -48 },   // 'Y''ó'  -1.50px
    {  57, 186,  -48 },   // 'Y''ô'  -1.50px
    {  57, 187,  -48 },   // 'Y''õ'  -1.50px
    {  57, 188,  -48 },   // 'Y''ö'  -1.50px
    {  57, 190,  -48 },   // 'Y''ø'  -1.50px
    {  57, 191,  -43 },   // 'Y''ù'  -1.34px
    {  57, 192,  -43 },   // 'Y''ú'  -1.34px
    {  57, 193,  -43 },   // 'Y''û'  -1.34px
    {  57, 194,  -43 },   // 'Y''ü'  -1.34px
    {  57, 195,  -42 },   // 'Y''ý'  -1.31px
    {  57, 197,  -42 },   // 'Y''ÿ'  -1.31px
    {  58,   9,   12 },   // 'Z'')'  +0.38px
    {  58,  13,  -12 },   // 'Z''-'  -0.38px
    {  58,  15,   14 },   // 'Z''/'  +0.44px
    {  58,  32,   -8 },   // 'Z''@'  -0.25px
    {  58,  33,   32 },   // 'Z''A'  +1.00px
    {  58,  35,  -32 },   // 'Z''C'  -1.00px
    {  58,  39,  -32 },   // 'Z''G'  -1.00px
    {  58,  42,   32 },   // 'Z''J'  +1.00px
    {  58,  47,  -32 },   // 'Z''O'  -1.00px
    {  58,  49,  -32 },   // 'Z''Q'  -1.00px
    {  58,  52,   32 },   // 'Z''T'  +1.00px
    {  58,  54,   32 },   // 'Z''V'  +1.00px
    {  58,  57,   32 },   // 'Z''Y'  +1.00px
    {  58,  61,   12 },   // 'Z'']'  +0.38px
    {  58,  67,  -32 },   // 'Z''c'  -1.00px
    {  58,  68,  -32 },   // 'Z''d'  -1.00px
    {  58,  69,  -32 },   // 'Z''e'  -1.00px
    {  58,  70,  -32 },   // 'Z''f'  -1.00px
    {  58,  71,  -32 },   // 'Z''g'  -1.00px
    {  58,  79,  -32 },   // 'Z''o'  -1.00px
    {  58,  81,  -32 },   // 'Z''q'  -1.00px
    {  58,  83,   32 },   // 'Z''s'  +1.00px
    {  58,  84,  -32 },   // 'Z''t'  -1.00px
    {  58,  86,  -32 },   // 'Z''v'  -1.00px
    {  58,  87,  -32 },   // 'Z''w'  -1.00px
    {  58,  88,   -8 },   // 'Z''x'  -0.25px
    {  58,  89,  -32 },   // 'Z''y'  -1.00px
    {  58,  90,  -13 },   // 'Z''z'  -0.41px
    {  58,  91,  -12 },   // 'Z''{'  -0.38px
    {  58,  93,   12 },   // 'Z''}'  +0.38px
    {  58,  95,  -30 },   // 'Z''‹'  -0.94px
    {  58,  97,  -12 },   // 'Z''·'  -0.38px
    {  58, 102,  -12 },   // 'Z''–'  -0.38px
    {  58, 103,  -12 },   // 'Z''—'  -0.38px
    {  58, 113,   -8 },   // 'Z''©'  -0.25px
    {  58, 115,  -30 },   // 'Z''«'  -0.94px
    {  58, 117,   -8 },   // 'Z''®'  -0.25px
    {  58, 141,   -8 },   // 'Z''Ç'  -0.25px
    {  58, 152,   -8 },   // 'Z''Ò'  -0.25px
    {  58, 153,   -8 },   // 'Z''Ó'  -0.25px
    {  58, 154,   -8 },   // 'Z''Ô'  -0.25px
    {  58, 155,   -8 },   // 'Z''Õ'  -0.25px
    {  58, 156,   -8 },   // 'Z''Ö'  -0.25px
    {  58, 158,   -8 },   // 'Z''Ø'  -0.25px
    {  58, 173,   -8 },   // 'Z''ç'  -0.25px
    {  58, 174,   -8 },   // 'Z''è'  -0.25px
    {  58, 175,   -8 },   // 'Z''é'  -0.25px
    {  58, 176,   -8 },   // 'Z''ê'  -0.25px
    {  58, 177,   -8 },   // 'Z''ë'  -0.25px
    {  58, 182,   -8 },   // 'Z''ð'  -0.25px
    {  58, 184,   -8 },   // 'Z''ò'  -0.25px
    {  58, 185,   -8 },   // 'Z''ó'  -0.25px
    {  58, 186,   -8 },   // 'Z''ô'  -0.25px
    {  58, 187,   -8 },   // 'Z''õ'  -0.25px
    {  58, 188,   -8 },   // 'Z''ö'  -0.25px
    {  58, 190,   -8 },   // 'Z''ø'  -0.25px
    {  58, 195,  -18 },   // 'Z''ý'  -0.56px
    {  58, 197,  -18 },   // 'Z''ÿ'  -0.56px
    {  59,   9,   23 },   // '['')'  +0.72px
    {  59,  15,   23 },   // '[''/'  +0.72px
    {  59,  31,   18 },   // '[''?'  +0.56px
    {  59,  52,   23 },   // '[''T'  +0.72px
    {  59,  54,   18 },   // '[''V'  +0.56px
    {  59,  55,   18 },   // '[''W'  +0.56px
    {  59,  57,   20 },   // '[''Y'  +0.62px
    {  59,  58,   12 },   // '[''Z'  +0.38px
    {  59,  61,   23 },   // '['']'  +0.72px
    {  59,  74,   46 },   // '[''j'  +1.44px
    {  59,  93,   23 },   // '[''}'  +0.72px
    {  59, 133,   12 },   // '[''¿'  +0.38px
    {  59, 163,   20 },   // '[''Ý'  +0.62px
    {  63,  10,  -32 },   // '_''*'  -1.00px
    {  63,  13,  -26 },   // '_''-'  -0.81px
    {  63,  15,   38 },   // '_''/'  +1.19px
    {  63,  31,  -42 },   // '_''?'  -1.31px
    {  63,  32,  -22 },   // '_''@'  -0.69px
    {  63,  33,   12 },   // '_''A'  +0.38px
    {  63,  35,  -22 },   // '_''C'  -0.69px
    {  63,  39,  -22 },   // '_''G'  -0.69px
    {  63,  42,   20 },   // '_''J'  +0.62px
    {  63,  47,  -22 },   // '_''O'  -0.69px
    {  63,  49,  -22 },   // '_''Q'  -0.69px
    {  63,  52,  -38 },   // '_''T'  -1.19px
    {  63,  53,  -12 },   // '_''U'  -0.38px
    {  63,  54,  -32 },   // '_''V'  -1.00px
    {  63,  55,  -32 },   // '_''W'  -1.00px
    {  63,  57,  -39 },   // '_''Y'  -1.22px
    {  63,  67,  -10 },   // '_''c'  -0.31px
    {  63,  68,  -10 },   // '_''d'  -0.31px
    {  63,  69,  -10 },   // '_''e'  -0.31px
    {  63,  70,  -12 },   // '_''f'  -0.38px
    {  63,  71,  -10 },   // '_''g'  -0.31px
    {  63,  74,   12 },   // '_''j'  +0.38px
    {  63,  79,  -10 },   // '_''o'  -0.31px
    {  63,  81,  -10 },   // '_''q'  -0.31px
    {  63,  84,  -18 },   // '_''t'  -0.56px
    {  63,  86,  -28 },   // '_''v'  -0.88px
    {  63,  87,  -28 },   // '_''w'  -0.88px
    {  63,  88,    8 },   // '_''x'  +0.25px
    {  63,  89,  -28 },   // '_''y'  -0.88px
    {  63,  91,  -26 },   // '_''{'  -0.81px
    {  63,  95,  -18 },   // '_''‹'  -0.56px
    {  63,  97,  -26 },   // '_''·'  -0.81px
    {  63,  98,  -32 },   // '_''‘'  -1.00px
    {  63,  99,  -32 },   // '_''’'  -1.00px
    {  63, 100,  -32 },   // '_''“'  -1.00px
    {  63, 101,  -32 },   // '_''”'  -1.00px
    {  63, 102,  -26 },   // '_''–'  -0.81px
    {  63, 103,  -26 },   // '_''—'  -0.81px
    {  63, 113,  -22 },   // '_''©'  -0.69px
    {  63, 114,  -32 },   // '_''ª'  -1.00px
    {  63, 115,  -18 },   // '_''«'  -0.56px
    {  63, 117,  -22 },   // '_''®'  -0.69px
    {  63, 119,  -38 },   // '_''°'  -1.19px
    {  63, 128,  -32 },   // '_''º'  -1.00px
    {  63, 134,   12 },   // '_''À'  +0.38px
    {  63, 135,   12 },   // '_''Á'  +0.38px
    {  63, 136,   12 },   // '_''Â'  +0.38px
    {  63, 137,   12 },   // '_''Ã'  +0.38px
    {  63, 138,   12 },   // '_''Ä'  +0.38px
    {  63, 139,   12 },   // '_''Å'  +0.38px
    {  63, 140,   12 },   // '_''Æ'  +0.38px
    {  63, 141,  -22 },   // '_''Ç'  -0.69px
    {  63, 152,  -22 },   // '_''Ò'  -0.69px
    {  63, 153,  -22 },   // '_''Ó'  -0.69px
    {  63, 154,  -22 },   // '_''Ô'  -0.69px
    {  63, 155,  -22 },   // '_''Õ'  -0.69px
    {  63, 156,  -22 },   // '_''Ö'  -0.69px
    {  63, 158,  -22 },   // '_''Ø'  -0.69px
    {  63, 159,  -12 },   // '_''Ù'  -0.38px
    {  63, 160,  -12 },   // '_''Ú'  -0.38px
    {  63, 161,  -12 },   // '_''Û'  -0.38px
    {  63, 162,  -12 },   // '_''Ü'  -0.38px
    {  63, 163,  -39 },   // '_''Ý'  -1.22px
    {  63, 173,  -10 },   // '_''ç'  -0.31px
    {  63, 174,  -10 },   // '_''è'  -0.31px
    {  63, 175,  -10 },   // '_''é'  -0.31px
    {  63, 176,  -10 },   // '_''ê'  -0.31px
    {  63, 177,  -10 },   // '_''ë'  -0.31px
    {  63, 182,  -10 },   // '_''ð'  -0.31px
    {  63, 184,  -10 },   // '_''ò'  -0.31px
    {  63, 185,  -10 },   // '_''ó'  -0.31px
    {  63, 186,  -10 },   // '_''ô'  -0.31px
    {  63, 187,  -10 },   // '_''õ'  -0.31px
    {  63, 188,  -10 },   // '_''ö'  -0.31px
    {  63, 190,  -10 },   // '_''ø'  -0.31px
    {  63, 195,  -28 },   // '_''ý'  -0.88px
    {  63, 197,  -28 },   // '_''ÿ'  -0.88px
    {  65,  10,   -8 },   // 'a''*'  -0.25px
    {  65,  33,    2 },   // 'a''A'  +0.06px
    {  65,  34,   34 },   // 'a''B'  +1.06px
    {  65,  35,    2 },   // 'a''C'  +0.06px
    {  65,  36,   34 },   // 'a''D'  +1.06px
    {  65,  37,   34 },   // 'a''E'  +1.06px
    {  65,  38,   34 },   // 'a''F'  +1.06px
    {  65,  39,    2 },   // 'a''G'  +0.06px
    {  65,  40,   34 },   // 'a''H'  +1.06px
    {  65,  41,   34 },   // 'a''I'  +1.06px
    {  65,  42,    2 },   // 'a''J'  +0.06px
    {  65,  43,   34 },   // 'a''K'  +1.06px
    {  65,  44,   34 },   // 'a''L'  +1.06px
    {  65,  45,   34 },   // 'a''M'  +1.06px
    {  65,  46,   34 },   // 'a''N'  +1.06px
    {  65,  47,    2 },   // 'a''O'  +0.06px
    {  65,  48,   34 },   // 'a''P'  +1.06px
    {  65,  49,    2 },   // 'a''Q'  +0.06px
    {  65,  50,   34 },   // 'a''R'  +1.06px
    {  65,  51,  -30 },   // 'a''S'  -0.94px
    {  65,  52,  -62 },   // 'a''T'  -1.94px
    {  65,  53,   34 },   // 'a''U'  +1.06px
    {  65,  54,  -30 },   // 'a''V'  -0.94px
    {  65,  55,  -30 },   // 'a''W'  -0.94px
    {  65,  56,    2 },   // 'a''X'  +0.06px
    {  65,  57,  -62 },   // 'a''Y'  -1.94px
    {  65,  58,  -30 },   // 'a''Z'  -0.94px
    {  65,  65,   34 },   // 'a''a'  +1.06px
    {  65,  66,   34 },   // 'a''b'  +1.06px
    {  65,  67,    2 },   // 'a''c'  +0.06px
    {  65,  68,    2 },   // 'a''d'  +0.06px
    {  65,  69,    2 },   // 'a''e'  +0.06px
    {  65,  70,    2 },   // 'a''f'  +0.06px
    {  65,  71,    2 },   // 'a''g'  +0.06px
    {  65,  72,   34 },   // 'a''h'  +1.06px
    {  65,  73,   34 },   // 'a''i'  +1.06px
    {  65,  74,   34 },   // 'a''j'  +1.06px
    {  65,  75,   34 },   // 'a''k'  +1.06px
    {  65,  76,   34 },   // 'a''l'  +1.06px
    {  65,  77,   34 },   // 'a''m'  +1.06px
    {  65,  78,   34 },   // 'a''n'  +1.06px
    {  65,  79,    2 },   // 'a''o'  +0.06px
    {  65,  80,   34 },   // 'a''p'  +1.06px
    {  65,  81,    2 },   // 'a''q'  +0.06px
    {  65,  82,   34 },   // 'a''r'  +1.06px
    {  65,  83,   34 },   // 'a''s'  +1.06px
    {  65,  84,   34 },   // 'a''t'  +1.06px
    {  65,  85,   34 },   // 'a''u'  +1.06px
    {  65,  86,    2 },   // 'a''v'  +0.06px
    {  65,  87,    2 },   // 'a''w'  +0.06px
    {  65,  88,    2 },   // 'a''x'  +0.06px
    {  65,  89,    2 },   // 'a''y'  +0.06px
    {  65,  90,    2 },   // 'a''z'  +0.06px
    {  65,  98,  -10 },   // 'a''‘'  -0.31px
    {  65,  99,  -10 },   // 'a''’'  -0.31px
    {  65, 100,  -10 },   // 'a''“'  -0.31px
    {  65, 101,  -10 },   // 'a''”'  -0.31px
    {  65, 114,  -12 },   // 'a''ª'  -0.38px
    {  65, 119,  -16 },   // 'a''°'  -0.50px
    {  65, 128,  -12 },   // 'a''º'  -0.38px
    {  66,  10,  -13 },   // 'b''*'  -0.41px
    {  66,  12,  -10 },   // 'b'','  -0.31px
    {  66,  13,    8 },   // 'b''-'  +0.25px
    {  66,  14,  -10 },   // 'b''.'  -0.31px
    {  66,  31,  -13 },   // 'b''?'  -0.41px
    {  66,  33,    4 },   // 'b''A'  +0.12px
    {  66,  34,    4 },   // 'b''B'  +0.12px
    {  66,  35,    4 },   // 'b''C'  +0.12px
    {  66,  36,    4 },   // 'b''D'  +0.12px
    {  66,  37,    4 },   // 'b''E'  +0.12px
    {  66,  38,    4 },   // 'b''F'  +0.12px
    {  66,  39,    4 },   // 'b''G'  +0.12px
    {  66,  40,    4 },   // 'b''H'  +0.12px
    {  66,  41,    4 },   // 'b''I'  +0.12px
    {  66,  42,  -28 },   // 'b''J'  -0.88px
    {  66,  43,    4 },   // 'b''K'  +0.12px
    {  66,  44,    4 },   // 'b''L'  +0.12px
    {  66,  45,    4 },   // 'b''M'  +0.12px
    {  66,  46,    4 },   // 'b''N'  +0.12px
    {  66,  47,    4 },   // 'b''O'  +0.12px
    {  66,  48,    4 },   // 'b''P'  +0.12px
    {  66,  49,    4 },   // 'b''Q'  +0.12px
    {  66,  50,    4 },   // 'b''R'  +0.12px
    {  66,  51,  -28 },   // 'b''S'  -0.88px
    {  66,  52,  -92 },   // 'b''T'  -2.88px
    {  66,  53,    4 },   // 'b''U'  +0.12px
    {  66,  54,  -28 },   // 'b''V'  -0.88px
    {  66,  55,  -28 },   // 'b''W'  -0.88px
    {  66,  56,    4 },   // 'b''X'  +0.12px
    {  66,  57,  -60 },   // 'b''Y'  -1.88px
    {  66,  58,  -28 },   // 'b''Z'  -0.88px
    {  66,  63,  -10 },   // 'b''_'  -0.31px
    {  66,  65,    4 },   // 'b''a'  +0.12px
    {  66,  66,    4 },   // 'b''b'  +0.12px
    {  66,  67,    4 },   // 'b''c'  +0.12px
    {  66,  68,    4 },   // 'b''d'  +0.12px
    {  66,  69,    4 },   // 'b''e'  +0.12px
    {  66,  70,    4 },   // 'b''f'  +0.12px
    {  66,  71,    4 },   // 'b''g'  +0.12px
    {  66,  72,    4 },   // 'b''h'  +0.12px
    {  66,  73,    4 },   // 'b''i'  +0.12px
    {  66,  74,    4 },   // 'b''j'  +0.12px
    {  66,  75,    4 },   // 'b''k'  +0.12px
    {  66,  76,    4 },   // 'b''l'  +0.12px
    {  66,  77,    4 },   // 'b''m'  +0.12px
    {  66,  78,    4 },   // 'b''n'  +0.12px
    {  66,  79,    4 },   // 'b''o'  +0.12px
    {  66,  80,    4 },   // 'b''p'  +0.12px
    {  66,  81,    4 },   // 'b''q'  +0.12px
    {  66,  82,    4 },   // 'b''r'  +0.12px
    {  66,  83,   36 },   // 'b''s'  +1.12px
    {  66,  84,    4 },   // 'b''t'  +0.12px
    {  66,  85,    4 },   // 'b''u'  +0.12px
    {  66,  86,    4 },   // 'b''v'  +0.12px
    {  66,  87,    4 },   // 'b''w'  +0.12px
    {  66,  88,    4 },   // 'b''x'  +0.12px
    {  66,  89,    4 },   // 'b''y'  +0.12px
    {  66,  90,  -28 },   // 'b''z'  -0.88px
    {  66,  91,    8 },   // 'b''{'  +0.25px
    {  66,  97,    8 },   // 'b''·'  +0.25px
    {  66,  98,  -20 },   // 'b''‘'  -0.62px
    {  66,  99,  -20 },   // 'b''’'  -0.62px
    {  66, 100,  -20 },   // 'b''“'  -0.62px
    {  66, 101,  -20 },   // 'b''”'  -0.62px
    {  66, 102,    8 },   // 'b''–'  +0.25px
    {  66, 103,    8 },   // 'b''—'  +0.25px
    {  66, 104,  -10 },   // 'b''…'  -0.31px
    {  66, 114,  -16 },   // 'b''ª'  -0.50px
    {  66, 119,  -19 },   // 'b''°'  -0.59px
    {  66, 128,  -16 },   // 'b''º'  -0.50px
    {  67,  33,   45 },   // 'c''A'  +1.41px
    {  67,  34,   13 },   // 'c''B'  +0.41px
    {  67,  35,   13 },   // 'c''C'  +0.41px
    {  67,  36,   13 },   // 'c''D'  +0.41px
    {  67,  37,   13 },   // 'c''E'  +0.41px
    {  67,  38,   13 },   // 'c''F'  +0.41px
    {  67,  39,   13 },   // 'c''G'  +0.41px
    {  67,  40,   13 },   // 'c''H'  +0.41px
    {  67,  41,   13 },   // 'c''I'  +0.41px
    {  67,  42,   45 },   // 'c''J'  +1.41px
    {  67,  43,   13 },   // 'c''K'  +0.41px
    {  67,  44,   13 },   // 'c''L'  +0.41px
    {  67,  45,   13 },   // 'c''M'  +0.41px
    {  67,  46,   13 },   // 'c''N'  +0.41px
    {  67,  47,   13 },   // 'c''O'  +0.41px
    {  67,  48,   13 },   // 'c''P'  +0.41px
    {  67,  49,   13 },   // 'c''Q'  +0.41px
    {  67,  50,   13 },   // 'c''R'  +0.41px
    {  67,  51,   13 },   // 'c''S'  +0.41px
    {  67,  52,  -83 },   // 'c''T'  -2.59px
    {  67,  53,   13 },   // 'c''U'  +0.41px
    {  67,  54,  -19 },   // 'c''V'  -0.59px
    {  67,  55,  -19 },   // 'c''W'  -0.59px
    {  67,  56,   13 },   // 'c''X'  +0.41px
    {  67,  57,  -51 },   // 'c''Y'  -1.59px
    {  67,  58,   13 },   // 'c''Z'  +0.41px
    {  67,  65,   13 },   // 'c''a'  +0.41px
    {  67,  66,   13 },   // 'c''b'  +0.41px
    {  67,  67,   13 },   // 'c''c'  +0.41px
    {  67,  68,   13 },   // 'c''d'  +0.41px
    {  67,  69,   13 },   // 'c''e'  +0.41px
    {  67,  70,   45 },   // 'c''f'  +1.41px
    {  67,  71,   13 },   // 'c''g'  +0.41px
    {  67,  72,   13 },   // 'c''h'  +0.41px
    {  67,  73,   13 },   // 'c''i'  +0.41px
    {  67,  74,   13 },   // 'c''j'  +0.41px
    {  67,  75,   13 },   // 'c''k'  +0.41px
    {  67,  76,   13 },   // 'c''l'  +0.41px
    {  67,  77,   13 },   // 'c''m'  +0.41px
    {  67,  78,   13 },   // 'c''n'  +0.41px
    {  67,  79,   13 },   // 'c''o'  +0.41px
    {  67,  80,   13 },   // 'c''p'  +0.41px
    {  67,  81,   13 },   // 'c''q'  +0.41px
    {  67,  82,   13 },   // 'c''r'  +0.41px
    {  67,  83,   45 },   // 'c''s'  +1.41px
    {  67,  84,   45 },   // 'c''t'  +1.41px
    {  67,  85,   13 },   // 'c''u'  +0.41px
    {  67,  86,   45 },   // 'c''v'  +1.41px
    {  67,  87,   45 },   // 'c''w'  +1.41px
    {  67,  88,   13 },   // 'c''x'  +0.41px
    {  67,  89,   45 },   // 'c''y'  +1.41px
    {  67,  90,   13 },   // 'c''z'  +0.41px
    {  68,  10,   14 },   // 'd''*'  +0.44px
    {  68,  33,    4 },   // 'd''A'  +0.12px
    {  68,  34,   36 },   // 'd''B'  +1.12px
    {  68,  35,    4 },   // 'd''C'  +0.12px
    {  68,  36,   36 },   // 'd''D'  +1.12px
    {  68,  37,   36 },   // 'd''E'  +1.12px
    {  68,  38,   36 },   // 'd''F'  +1.12px
    {  68,  39,    4 },   // 'd''G'  +0.12px
    {  68,  40,   36 },   // 'd''H'  +1.12px
    {  68,  41,   36 },   // 'd''I'  +1.12px
    {  68,  42,    4 },   // 'd''J'  +0.12px
    {  68,  43,   36 },   // 'd''K'  +1.12px
    {  68,  44,   36 },   // 'd''L'  +1.12px
    {  68,  45,   36 },   // 'd''M'  +1.12px
    {  68,  46,   36 },   // 'd''N'  +1.12px
    {  68,  47,    4 },   // 'd''O'  +0.12px
    {  68,  48,   36 },   // 'd''P'  +1.12px
    {  68,  49,    4 },   // 'd''Q'  +0.12px
    {  68,  50,   36 },   // 'd''R'  +1.12px
    {  68,  51,  -28 },   // 'd''S'  -0.88px
    {  68,  52,    4 },   // 'd''T'  +0.12px
    {  68,  53,   36 },   // 'd''U'  +1.12px
    {  68,  54,    4 },   // 'd''V'  +0.12px
    {  68,  55,  -28 },   // 'd''W'  -0.88px
    {  68,  56,    4 },   // 'd''X'  +0.12px
    {  68,  57,    4 },   // 'd''Y'  +0.12px
    {  68,  58,  -28 },   // 'd''Z'  -0.88px
    {  68,  65,   36 },   // 'd''a'  +1.12px
    {  68,  66,   36 },   // 'd''b'  +1.12px
    {  68,  67,    4 },   // 'd''c'  +0.12px
    {  68,  68,    4 },   // 'd''d'  +0.12px
    {  68,  69,    4 },   // 'd''e'  +0.12px
    {  68,  70,    4 },   // 'd''f'  +0.12px
    {  68,  71,    4 },   // 'd''g'  +0.12px
    {  68,  72,   36 },   // 'd''h'  +1.12px
    {  68,  73,   36 },   // 'd''i'  +1.12px
    {  68,  74,   36 },   // 'd''j'  +1.12px
    {  68,  75,   36 },   // 'd''k'  +1.12px
    {  68,  76,   36 },   // 'd''l'  +1.12px
    {  68,  77,   36 },   // 'd''m'  +1.12px
    {  68,  78,   36 },   // 'd''n'  +1.12px
    {  68,  79,    4 },   // 'd''o'  +0.12px
    {  68,  80,   36 },   // 'd''p'  +1.12px
    {  68,  81,    4 },   // 'd''q'  +0.12px
    {  68,  82,   36 },   // 'd''r'  +1.12px
    {  68,  83,   36 },   // 'd''s'  +1.12px
    {  68,  84,   36 },   // 'd''t'  +1.12px
    {  68,  85,   36 },   // 'd''u'  +1.12px
    {  68,  86,    4 },   // 'd''v'  +0.12px
    {  68,  87,    4 },   // 'd''w'  +0.12px
    {  68,  88,    4 },   // 'd''x'  +0.12px
    {  68,  89,    4 },   // 'd''y'  +0.12px
    {  68,  90,    4 },   // 'd''z'  +0.12px
    {  68,  98,   20 },   // 'd''‘'  +0.62px
    {  68,  99,   20 },   // 'd''’'  +0.62px
    {  68, 100,   20 },   // 'd''“'  +0.62px
    {  68, 101,   20 },   // 'd''”'  +0.62px
    {  69,  10,  -10 },   // 'e''*'  -0.31px
    {  69,  33,   37 },   // 'e''A'  +1.16px
    {  69,  34,   37 },   // 'e''B'  +1.16px
    {  69,  35,   37 },   // 'e''C'  +1.16px
    {  69,  36,   37 },   // 'e''D'  +1.16px
    {  69,  37,   37 },   // 'e''E'  +1.16px
    {  69,  38,   37 },   // 'e''F'  +1.16px
    {  69,  39,   37 },   // 'e''G'  +1.16px
    {  69,  40,   37 },   // 'e''H'  +1.16px
    {  69,  41,   37 },   // 'e''I'  +1.16px
    {  69,  42,   37 },   // 'e''J'  +1.16px
    {  69,  43,   37 },   // 'e''K'  +1.16px
    {  69,  44,   37 },   // 'e''L'  +1.16px
    {  69,  45,   37 },   // 'e''M'  +1.16px
    {  69,  46,   37 },   // 'e''N'  +1.16px
    {  69,  47,   37 },   // 'e''O'  +1.16px
    {  69,  48,   37 },   // 'e''P'  +1.16px
    {  69,  49,   37 },   // 'e''Q'  +1.16px
    {  69,  50,   37 },   // 'e''R'  +1.16px
    {  69,  51,    5 },   // 'e''S'  +0.16px
    {  69,  52,  -59 },   // 'e''T'  -1.84px
    {  69,  53,   37 },   // 'e''U'  +1.16px
    {  69,  54,  -27 },   // 'e''V'  -0.84px
    {  69,  55,    5 },   // 'e''W'  +0.16px
    {  69,  56,    5 },   // 'e''X'  +0.16px
    {  69,  57,  -27 },   // 'e''Y'  -0.84px
    {  69,  58,    5 },   // 'e''Z'  +0.16px
    {  69,  65,   37 },   // 'e''a'  +1.16px
    {  69,  66,   37 },   // 'e''b'  +1.16px
    {  69,  67,   37 },   // 'e''c'  +1.16px
    {  69,  68,   37 },   // 'e''d'  +1.16px
    {  69,  69,   37 },   // 'e''e'  +1.16px
    {  69,  70,   37 },   // 'e''f'  +1.16px
    {  69,  71,   37 },   // 'e''g'  +1.16px
    {  69,  72,   37 },   // 'e''h'  +1.16px
    {  69,  73,   37 },   // 'e''i'  +1.16px
    {  69,  74,   37 },   // 'e''j'  +1.16px
    {  69,  75,   37 },   // 'e''k'  +1.16px
    {  69,  76,   37 },   // 'e''l'  +1.16px
    {  69,  77,   37 },   // 'e''m'  +1.16px
    {  69,  78,   37 },   // 'e''n'  +1.16px
    {  69,  79,   37 },   // 'e''o'  +1.16px
    {  69,  80,   37 },   // 'e''p'  +1.16px
    {  69,  81,   37 },   // 'e''q'  +1.16px
    {  69,  82,   37 },   // 'e''r'  +1.16px
    {  69,  83,   37 },   // 'e''s'  +1.16px
    {  69,  84,   37 },   // 'e''t'  +1.16px
    {  69,  85,   37 },   // 'e''u'  +1.16px
    {  69,  86,   37 },   // 'e''v'  +1.16px
    {  69,  87,   37 },   // 'e''w'  +1.16px
    {  69,  88,   37 },   // 'e''x'  +1.16px
    {  69,  89,   37 },   // 'e''y'  +1.16px
    {  69,  90,    5 },   // 'e''z'  +0.16px
    {  69,  98,  -16 },   // 'e''‘'  -0.50px
    {  69,  99,  -16 },   // 'e''’'  -0.50px
    {  69, 100,  -16 },   // 'e''“'  -0.50px
    {  69, 101,  -16 },   // 'e''”'  -0.50px
    {  69, 114,  -10 },   // 'e''ª'  -0.31px
    {  69, 119,  -16 },   // 'e''°'  -0.50px
    {  69, 128,  -10 },   // 'e''º'  -0.31px
    {  70,   1,   13 },   // 'f''!'  +0.41px
    {  70,   9,   30 },   // 'f'')'  +0.94px
    {  70,  10,   19 },   // 'f''*'  +0.59px
    {  70,  12,  -14 },   // 'f'','  -0.44px
    {  70,  14,  -14 },   // 'f''.'  -0.44px
    {  70,  31,   29 },   // 'f''?'  +0.91px
    {  70,  33,   12 },   // 'f''A'  +0.38px
    {  70,  34,   12 },   // 'f''B'  +0.38px
    {  70,  35,   12 },   // 'f''C'  +0.38px
    {  70,  36,   12 },   // 'f''D'  +0.38px
    {  70,  37,   12 },   // 'f''E'  +0.38px
    {  70,  38,   12 },   // 'f''F'  +0.38px
    {  70,  39,   12 },   // 'f''G'  +0.38px
    {  70,  40,   12 },   // 'f''H'  +0.38px
    {  70,  41,   12 },   // 'f''I'  +0.38px
    {  70,  42,  -20 },   // 'f''J'  -0.62px
    {  70,  43,   12 },   // 'f''K'  +0.38px
    {  70,  44,   12 },   // 'f''L'  +0.38px
    {  70,  45,   12 },   // 'f''M'  +0.38px
    {  70,  46,   12 },   // 'f''N'  +0.38px
    {  70,  47,   12 },   // 'f''O'  +0.38px
    {  70,  48,   12 },   // 'f''P'  +0.38px
    {  70,  49,   12 },   // 'f''Q'  +0.38px
    {  70,  50,   12 },   // 'f''R'  +0.38px
    {  70,  51,   12 },   // 'f''S'  +0.38px
    {  70,  52,   44 },   // 'f''T'  +1.38px
    {  70,  53,   12 },   // 'f''U'  +0.38px
    {  70,  54,   44 },   // 'f''V'  +1.38px
    {  70,  55,   12 },   // 'f''W'  +0.38px
    {  70,  56,   12 },   // 'f''X'  +0.38px
    {  70,  57,   44 },   // 'f''Y'  +1.38px
    {  70,  58,   12 },   // 'f''Z'  +0.38px
    {  70,  61,   30 },   // 'f'']'  +0.94px
    {  70,  63,  -14 },   // 'f''_'  -0.44px
    {  70,  65,   12 },   // 'f''a'  +0.38px
    {  70,  66,   12 },   // 'f''b'  +0.38px
    {  70,  67,   12 },   // 'f''c'  +0.38px
    {  70,  68,   12 },   // 'f''d'  +0.38px
    {  70,  69,   12 },   // 'f''e'  +0.38px
    {  70,  70,   44 },   // 'f''f'  +1.38px
    {  70,  71,   12 },   // 'f''g'  +0.38px
    {  70,  72,   12 },   // 'f''h'  +0.38px
    {  70,  73,   12 },   // 'f''i'  +0.38px
    {  70,  74,   12 },   // 'f''j'  +0.38px
    {  70,  75,   12 },   // 'f''k'  +0.38px
    {  70,  76,   12 },   // 'f''l'  +0.38px
    {  70,  77,   12 },   // 'f''m'  +0.38px
    {  70,  78,   12 },   // 'f''n'  +0.38px
    {  70,  79,   12 },   // 'f''o'  +0.38px
    {  70,  80,   12 },   // 'f''p'  +0.38px
    {  70,  81,   12 },   // 'f''q'  +0.38px
    {  70,  82,   12 },   // 'f''r'  +0.38px
    {  70,  83,   12 },   // 'f''s'  +0.38px
    {  70,  84,   44 },   // 'f''t'  +1.38px
    {  70,  85,   12 },   // 'f''u'  +0.38px
    {  70,  86,   44 },   // 'f''v'  +1.38px
    {  70,  87,   44 },   // 'f''w'  +1.38px
    {  70,  88,   12 },   // 'f''x'  +0.38px
    {  70,  89,   44 },   // 'f''y'  +1.38px
    {  70,  90,   12 },   // 'f''z'  +0.38px
    {  70,  93,   30 },   // 'f''}'  +0.94px
    {  70,  95,   -8 },   // 'f''‹'  -0.25px
    {  70,  98,   29 },   // 'f''‘'  +0.91px
    {  70,  99,   29 },   // 'f''’'  +0.91px
    {  70, 100,   29 },   // 'f''“'  +0.91px
    {  70, 101,   29 },   // 'f''”'  +0.91px
    {  70, 104,  -14 },   // 'f''…'  -0.44px
    {  70, 114,   40 },   // 'f''ª'  +1.25px
    {  70, 115,   -8 },   // 'f''«'  -0.25px
    {  70, 119,   29 },   // 'f''°'  +0.91px
    {  70, 128,   40 },   // 'f''º'  +1.25px
    {  71,  33,    1 },   // 'g''A'  +0.03px
    {  71,  34,   33 },   // 'g''B'  +1.03px
    {  71,  35,    1 },   // 'g''C'  +0.03px
    {  71,  36,   33 },   // 'g''D'  +1.03px
    {  71,  37,   33 },   // 'g''E'  +1.03px
    {  71,  38,   33 },   // 'g''F'  +1.03px
    {  71,  39,    1 },   // 'g''G'  +0.03px
    {  71,  40,   33 },   // 'g''H'  +1.03px
    {  71,  41,   33 },   // 'g''I'  +1.03px
    {  71,  42,    1 },   // 'g''J'  +0.03px
    {  71,  43,   33 },   // 'g''K'  +1.03px
    {  71,  44,   33 },   // 'g''L'  +1.03px
    {  71,  45,   33 },   // 'g''M'  +1.03px
    {  71,  46,   33 },   // 'g''N'  +1.03px
    {  71,  47,    1 },   // 'g''O'  +0.03px
    {  71,  48,   33 },   // 'g''P'  +1.03px
    {  71,  49,    1 },   // 'g''Q'  +0.03px
    {  71,  50,   33 },   // 'g''R'  +1.03px
    {  71,  51,  -31 },   // 'g''S'  -0.97px
    {  71,  52,  -63 },   // 'g''T'  -1.97px
    {  71,  53,   33 },   // 'g''U'  +1.03px
    {  71,  54,  -31 },   // 'g''V'  -0.97px
    {  71,  55,  -31 },   // 'g''W'  -0.97px
    {  71,  56,    1 },   // 'g''X'  +0.03px
    {  71,  57,  -63 },   // 'g''Y'  -1.97px
    {  71,  58,  -31 },   // 'g''Z'  -0.97px
    {  71,  65,   33 },   // 'g''a'  +1.03px
    {  71,  66,   33 },   // 'g''b'  +1.03px
    {  71,  67,    1 },   // 'g''c'  +0.03px
    {  71,  68,    1 },   // 'g''d'  +0.03px
    {  71,  69,    1 },   // 'g''e'  +0.03px
    {  71,  70,    1 },   // 'g''f'  +0.03px
    {  71,  71,    1 },   // 'g''g'  +0.03px
    {  71,  72,   33 },   // 'g''h'  +1.03px
    {  71,  73,   33 },   // 'g''i'  +1.03px
    {  71,  74,   33 },   // 'g''j'  +1.03px
    {  71,  75,   33 },   // 'g''k'  +1.03px
    {  71,  76,   33 },   // 'g''l'  +1.03px
    {  71,  77,   33 },   // 'g''m'  +1.03px
    {  71,  78,   33 },   // 'g''n'  +1.03px
    {  71,  79,    1 },   // 'g''o'  +0.03px
    {  71,  80,   33 },   // 'g''p'  +1.03px
    {  71,  81,    1 },   // 'g''q'  +0.03px
    {  71,  82,   33 },   // 'g''r'  +1.03px
    {  71,  83,   33 },   // 'g''s'  +1.03px
    {  71,  84,   33 },   // 'g''t'  +1.03px
    {  71,  85,   33 },   // 'g''u'  +1.03px
    {  71,  86,    1 },   // 'g''v'  +0.03px
    {  71,  87,    1 },   // 'g''w'  +0.03px
    {  71,  88,    1 },   // 'g''x'  +0.03px
    {  71,  89,    1 },   // 'g''y'  +0.03px
    {  71,  90,    1 },   // 'g''z'  +0.03px
    {  72,  10,   -8 },   // 'h''*'  -0.25px
    {  72,  33,   12 },   // 'h''A'  +0.38px
    {  72,  34,   12 },   // 'h''B'  +0.38px
    {  72,  35,   12 },   // 'h''C'  +0.38px
    {  72,  36,   12 },   // 'h''D'  +0.38px
    {  72,  37,   12 },   // 'h''E'  +0.38px
    {  72,  38,   12 },   // 'h''F'  +0.38px
    {  72,  39,   12 },   // 'h''G'  +0.38px
    {  72,  40,   12 },   // 'h''H'  +0.38px
    {  72,  41,   12 },   // 'h''I'  +0.38px
    {  72,  42,   12 },   // 'h''J'  +0.38px
    {  72,  43,   12 },   // 'h''K'  +0.38px
    {  72,  44,   12 },   // 'h''L'  +0.38px
    {  72,  45,   12 },   // 'h''M'  +0.38px
    {  72,  46,   12 },   // 'h''N'  +0.38px
    {  72,  47,   12 },   // 'h''O'  +0.38px
    {  72,  48,   12 },   // 'h''P'  +0.38px
    {  72,  49,   12 },   // 'h''Q'  +0.38px
    {  72,  50,   12 },   // 'h''R'  +0.38px
    {  72,  51,  -20 },   // 'h''S'  -0.62px
    {  72,  52,  -84 },   // 'h''T'  -2.62px
    {  72,  53,   12 },   // 'h''U'  +0.38px
    {  72,  54,  -20 },   // 'h''V'  -0.62px
    {  72,  55,  -20 },   // 'h''W'  -0.62px
    {  72,  56,   12 },   // 'h''X'  +0.38px
    {  72,  57,  -52 },   // 'h''Y'  -1.62px
    {  72,  58,  -20 },   // 'h''Z'  -0.62px
    {  72,  65,   12 },   // 'h''a'  +0.38px
    {  72,  66,   12 },   // 'h''b'  +0.38px
    {  72,  67,   12 },   // 'h''c'  +0.38px
    {  72,  68,   12 },   // 'h''d'  +0.38px
    {  72,  69,   12 },   // 'h''e'  +0.38px
    {  72,  70,   12 },   // 'h''f'  +0.38px
    {  72,  71,   12 },   // 'h''g'  +0.38px
    {  72,  72,   12 },   // 'h''h'  +0.38px
    {  72,  73,   12 },   // 'h''i'  +0.38px
    {  72,  74,   12 },   // 'h''j'  +0.38px
    {  72,  75,   12 },   // 'h''k'  +0.38px
    {  72,  76,   12 },   // 'h''l'  +0.38px
    {  72,  77,   12 },   // 'h''m'  +0.38px
    {  72,  78,   12 },   // 'h''n'  +0.38px
    {  72,  79,   12 },   // 'h''o'  +0.38px
    {  72,  80,   12 },   // 'h''p'  +0.38px
    {  72,  81,   12 },   // 'h''q'  +0.38px
    {  72,  82,   12 },   // 'h''r'  +0.38px
    {  72,  83,   44 },   // 'h''s'  +1.38px
    {  72,  84,   12 },   // 'h''t'  +0.38px
    {  72,  85,   12 },   // 'h''u'  +0.38px
    {  72,  86,   12 },   // 'h''v'  +0.38px
    {  72,  87,   12 },   // 'h''w'  +0.38px
    {  72,  88,   12 },   // 'h''x'  +0.38px
    {  72,  89,   12 },   // 'h''y'  +0.38px
    {  72,  90,  -20 },   // 'h''z'  -0.62px
    {  72,  98,  -10 },   // 'h''‘'  -0.31px
    {  72,  99,  -10 },   // 'h''’'  -0.31px
    {  72, 100,  -10 },   // 'h''“'  -0.31px
    {  72, 101,  -10 },   // 'h''”'  -0.31px
    {  72, 114,  -12 },   // 'h''ª'  -0.38px
    {  72, 119,  -16 },   // 'h''°'  -0.50px
    {  72, 128,  -12 },   // 'h''º'  -0.38px
    {  73,  10,   14 },   // 'i''*'  +0.44px
    {  73,  33,   10 },   // 'i''A'  +0.31px
    {  73,  34,   42 },   // 'i''B'  +1.31px
    {  73,  35,   10 },   // 'i''C'  +0.31px
    {  73,  36,   42 },   // 'i''D'  +1.31px
    {  73,  37,   42 },   // 'i''E'  +1.31px
    {  73,  38,   42 },   // 'i''F'  +1.31px
    {  73,  39,   10 },   // 'i''G'  +0.31px
    {  73,  40,   42 },   // 'i''H'  +1.31px
    {  73,  41,   42 },   // 'i''I'  +1.31px
    {  73,  42,   10 },   // 'i''J'  +0.31px
    {  73,  43,   42 },   // 'i''K'  +1.31px
    {  73,  44,   42 },   // 'i''L'  +1.31px
    {  73,  45,   42 },   // 'i''M'  +1.31px
    {  73,  46,   42 },   // 'i''N'  +1.31px
    {  73,  47,   10 },   // 'i''O'  +0.31px
    {  73,  48,   42 },   // 'i''P'  +1.31px
    {  73,  49,   10 },   // 'i''Q'  +0.31px
    {  73,  50,   42 },   // 'i''R'  +1.31px
    {  73,  51,  -22 },   // 'i''S'  -0.69px
    {  73,  52,  -22 },   // 'i''T'  -0.69px
    {  73,  53,   42 },   // 'i''U'  +1.31px
    {  73,  54,  -22 },   // 'i''V'  -0.69px
    {  73,  55,  -22 },   // 'i''W'  -0.69px
    {  73,  56,   10 },   // 'i''X'  +0.31px
    {  73,  57,  -22 },   // 'i''Y'  -0.69px
    {  73,  58,  -22 },   // 'i''Z'  -0.69px
    {  73,  65,   42 },   // 'i''a'  +1.31px
    {  73,  66,   42 },   // 'i''b'  +1.31px
    {  73,  67,   10 },   // 'i''c'  +0.31px
    {  73,  68,   10 },   // 'i''d'  +0.31px
    {  73,  69,   10 },   // 'i''e'  +0.31px
    {  73,  70,   10 },   // 'i''f'  +0.31px
    {  73,  71,   10 },   // 'i''g'  +0.31px
    {  73,  72,   42 },   // 'i''h'  +1.31px
    {  73,  73,   42 },   // 'i''i'  +1.31px
    {  73,  74,   42 },   // 'i''j'  +1.31px
    {  73,  75,   42 },   // 'i''k'  +1.31px
    {  73,  76,   42 },   // 'i''l'  +1.31px
    {  73,  77,   42 },   // 'i''m'  +1.31px
    {  73,  78,   42 },   // 'i''n'  +1.31px
    {  73,  79,   10 },   // 'i''o'  +0.31px
    {  73,  80,   42 },   // 'i''p'  +1.31px
    {  73,  81,   10 },   // 'i''q'  +0.31px
    {  73,  82,   42 },   // 'i''r'  +1.31px
    {  73,  83,   42 },   // 'i''s'  +1.31px
    {  73,  84,   42 },   // 'i''t'  +1.31px
    {  73,  85,   42 },   // 'i''u'  +1.31px
    {  73,  86,   10 },   // 'i''v'  +0.31px
    {  73,  87,   10 },   // 'i''w'  +0.31px
    {  73,  88,   10 },   // 'i''x'  +0.31px
    {  73,  89,   10 },   // 'i''y'  +0.31px
    {  73,  90,   10 },   // 'i''z'  +0.31px
    {  73,  98,   20 },   // 'i''‘'  +0.62px
    {  73,  99,   20 },   // 'i''’'  +0.62px
    {  73, 100,   20 },   // 'i''“'  +0.62px
    {  73, 101,   20 },   // 'i''”'  +0.62px
    {  74,  10,   14 },   // 'j''*'  +0.44px
    {  74,  33,    8 },   // 'j''A'  +0.25px
    {  74,  34,   40 },   // 'j''B'  +1.25px
    {  74,  35,    8 },   // 'j''C'  +0.25px
    {  74,  36,   40 },   // 'j''D'  +1.25px
    {  74,  37,   40 },   // 'j''E'  +1.25px
    {  74,  38,   40 },   // 'j''F'  +1.25px
    {  74,  39,    8 },   // 'j''G'  +0.25px
    {  74,  40,   40 },   // 'j''H'  +1.25px
    {  74,  41,   40 },   // 'j''I'  +1.25px
    {  74,  42,    8 },   // 'j''J'  +0.25px
    {  74,  43,   40 },   // 'j''K'  +1.25px
    {  74,  44,   40 },   // 'j''L'  +1.25px
    {  74,  45,   40 },   // 'j''M'  +1.25px
    {  74,  46,   40 },   // 'j''N'  +1.25px
    {  74,  47,    8 },   // 'j''O'  +0.25px
    {  74,  48,   40 },   // 'j''P'  +1.25px
    {  74,  49,    8 },   // 'j''Q'  +0.25px
    {  74,  50,   40 },   // 'j''R'  +1.25px
    {  74,  51,  -24 },   // 'j''S'  -0.75px
    {  74,  52,  -24 },   // 'j''T'  -0.75px
    {  74,  53,   40 },   // 'j''U'  +1.25px
    {  74,  54,  -24 },   // 'j''V'  -0.75px
    {  74,  55,  -24 },   // 'j''W'  -0.75px
    {  74,  56,    8 },   // 'j''X'  +0.25px
    {  74,  57,  -24 },   // 'j''Y'  -0.75px
    {  74,  58,  -24 },   // 'j''Z'  -0.75px
    {  74,  65,   40 },   // 'j''a'  +1.25px
    {  74,  66,   40 },   // 'j''b'  +1.25px
    {  74,  67,    8 },   // 'j''c'  +0.25px
    {  74,  68,    8 },   // 'j''d'  +0.25px
    {  74,  69,    8 },   // 'j''e'  +0.25px
    {  74,  70,    8 },   // 'j''f'  +0.25px
    {  74,  71,    8 },   // 'j''g'  +0.25px
    {  74,  72,   40 },   // 'j''h'  +1.25px
    {  74,  73,   40 },   // 'j''i'  +1.25px
    {  74,  74,   40 },   // 'j''j'  +1.25px
    {  74,  75,   40 },   // 'j''k'  +1.25px
    {  74,  76,   40 },   // 'j''l'  +1.25px
    {  74,  77,   40 },   // 'j''m'  +1.25px
    {  74,  78,   40 },   // 'j''n'  +1.25px
    {  74,  79,    8 },   // 'j''o'  +0.25px
    {  74,  80,   40 },   // 'j''p'  +1.25px
    {  74,  81,    8 },   // 'j''q'  +0.25px
    {  74,  82,   40 },   // 'j''r'  +1.25px
    {  74,  83,   40 },   // 'j''s'  +1.25px
    {  74,  84,   40 },   // 'j''t'  +1.25px
    {  74,  85,   40 },   // 'j''u'  +1.25px
    {  74,  86,    8 },   // 'j''v'  +0.25px
    {  74,  87,    8 },   // 'j''w'  +0.25px
    {  74,  88,    8 },   // 'j''x'  +0.25px
    {  74,  89,    8 },   // 'j''y'  +0.25px
    {  74,  90,    8 },   // 'j''z'  +0.25px
    {  74,  98,   20 },   // 'j''‘'  +0.62px
    {  74,  99,   20 },   // 'j''’'  +0.62px
    {  74, 100,   20 },   // 'j''“'  +0.62px
    {  74, 101,   20 },   // 'j''”'  +0.62px
    {  75,  13,  -16 },   // 'k''-'  -0.50px
    {  75,  15,   12 },   // 'k''/'  +0.38px
    {  75,  31,   -8 },   // 'k''?'  -0.25px
    {  75,  33,    8 },   // 'k''A'  +0.25px
    {  75,  34,    8 },   // 'k''B'  +0.25px
    {  75,  35,    8 },   // 'k''C'  +0.25px
    {  75,  36,    8 },   // 'k''D'  +0.25px
    {  75,  37,    8 },   // 'k''E'  +0.25px
    {  75,  38,    8 },   // 'k''F'  +0.25px
    {  75,  39,    8 },   // 'k''G'  +0.25px
    {  75,  40,    8 },   // 'k''H'  +0.25px
    {  75,  41,    8 },   // 'k''I'  +0.25px
    {  75,  42,    8 },   // 'k''J'  +0.25px
    {  75,  43,    8 },   // 'k''K'  +0.25px
    {  75,  44,    8 },   // 'k''L'  +0.25px
    {  75,  45,    8 },   // 'k''M'  +0.25px
    {  75,  46,    8 },   // 'k''N'  +0.25px
    {  75,  47,    8 },   // 'k''O'  +0.25px
    {  75,  48,    8 },   // 'k''P'  +0.25px
    {  75,  49,    8 },   // 'k''Q'  +0.25px
    {  75,  50,    8 },   // 'k''R'  +0.25px
    {  75,  51,  -24 },   // 'k''S'  -0.75px
    {  75,  52,  -88 },   // 'k''T'  -2.75px
    {  75,  53,    8 },   // 'k''U'  +0.25px
    {  75,  54,  -24 },   // 'k''V'  -0.75px
    {  75,  55,  -56 },   // 'k''W'  -1.75px
    {  75,  56,  -24 },   // 'k''X'  -0.75px
    {  75,  57,  -56 },   // 'k''Y'  -1.75px
    {  75,  58,  -24 },   // 'k''Z'  -0.75px
    {  75,  65,    8 },   // 'k''a'  +0.25px
    {  75,  66,    8 },   // 'k''b'  +0.25px
    {  75,  67,    8 },   // 'k''c'  +0.25px
    {  75,  68,    8 },   // 'k''d'  +0.25px
    {  75,  69,    8 },   // 'k''e'  +0.25px
    {  75,  70,    8 },   // 'k''f'  +0.25px
    {  75,  71,    8 },   // 'k''g'  +0.25px
    {  75,  72,    8 },   // 'k''h'  +0.25px
    {  75,  73,    8 },   // 'k''i'  +0.25px
    {  75,  74,    8 },   // 'k''j'  +0.25px
    {  75,  75,    8 },   // 'k''k'  +0.25px
    {  75,  76,    8 },   // 'k''l'  +0.25px
    {  75,  77,    8 },   // 'k''m'  +0.25px
    {  75,  78,    8 },   // 'k''n'  +0.25px
    {  75,  79,    8 },   // 'k''o'  +0.25px
    {  75,  80,    8 },   // 'k''p'  +0.25px
    {  75,  81,    8 },   // 'k''q'  +0.25px
    {  75,  82,    8 },   // 'k''r'  +0.25px
    {  75,  83,    8 },   // 'k''s'  +0.25px
    {  75,  84,    8 },   // 'k''t'  +0.25px
    {  75,  85,    8 },   // 'k''u'  +0.25px
    {  75,  86,    8 },   // 'k''v'  +0.25px
    {  75,  87,    8 },   // 'k''w'  +0.25px
    {  75,  88,    8 },   // 'k''x'  +0.25px
    {  75,  89,    8 },   // 'k''y'  +0.25px
    {  75,  90,  -24 },   // 'k''z'  -0.75px
    {  75,  91,  -16 },   // 'k''{'  -0.50px
    {  75,  95,  -12 },   // 'k''‹'  -0.38px
    {  75,  97,  -16 },   // 'k''·'  -0.50px
    {  75, 102,  -16 },   // 'k''–'  -0.50px
    {  75, 103,  -16 },   // 'k''—'  -0.50px
    {  75, 114,   10 },   // 'k''ª'  +0.31px
    {  75, 115,  -12 },   // 'k''«'  -0.38px
    {  75, 128,   10 },   // 'k''º'  +0.31px
    {  75, 195,  -10 },   // 'k''ý'  -0.31px
    {  75, 197,  -10 },   // 'k''ÿ'  -0.31px
    {  76,   2,  -26 },   // 'l''"'  -0.81px
    {  76,   5,  -12 },   // 'l''%'  -0.38px
    {  76,   7,  -26 },   // 'l''''  -0.81px
    {  76,   9,   38 },   // 'l'')'  +1.19px
    {  76,  10,  -20 },   // 'l''*'  -0.62px
    {  76,  15,   19 },   // 'l''/'  +0.59px
    {  76,  31,  -12 },   // 'l''?'  -0.38px
    {  76,  33,   38 },   // 'l''A'  +1.19px
    {  76,  34,    6 },   // 'l''B'  +0.19px
    {  76,  35,    6 },   // 'l''C'  +0.19px
    {  76,  36,    6 },   // 'l''D'  +0.19px
    {  76,  37,    6 },   // 'l''E'  +0.19px
    {  76,  38,    6 },   // 'l''F'  +0.19px
    {  76,  39,    6 },   // 'l''G'  +0.19px
    {  76,  40,    6 },   // 'l''H'  +0.19px
    {  76,  41,    6 },   // 'l''I'  +0.19px
    {  76,  42,   38 },   // 'l''J'  +1.19px
    {  76,  43,    6 },   // 'l''K'  +0.19px
    {  76,  44,    6 },   // 'l''L'  +0.19px
    {  76,  45,    6 },   // 'l''M'  +0.19px
    {  76,  46,    6 },   // 'l''N'  +0.19px
    {  76,  47,    6 },   // 'l''O'  +0.19px
    {  76,  48,    6 },   // 'l''P'  +0.19px
    {  76,  49,    6 },   // 'l''Q'  +0.19px
    {  76,  50,    6 },   // 'l''R'  +0.19px
    {  76,  51,    6 },   // 'l''S'  +0.19px
    {  76,  52,  -26 },   // 'l''T'  -0.81px
    {  76,  53,    6 },   // 'l''U'  +0.19px
    {  76,  54,  -26 },   // 'l''V'  -0.81px
    {  76,  55,  -58 },   // 'l''W'  -1.81px
    {  76,  56,    6 },   // 'l''X'  +0.19px
    {  76,  57,  -26 },   // 'l''Y'  -0.81px
    {  76,  58,    6 },   // 'l''Z'  +0.19px
    {  76,  60,   -8 },   // 'l''\'  -0.25px
    {  76,  61,   38 },   // 'l'']'  +1.19px
    {  76,  65,    6 },   // 'l''a'  +0.19px
    {  76,  66,    6 },   // 'l''b'  +0.19px
    {  76,  67,    6 },   // 'l''c'  +0.19px
    {  76,  68,    6 },   // 'l''d'  +0.19px
    {  76,  69,    6 },   // 'l''e'  +0.19px
    {  76,  70,    6 },   // 'l''f'  +0.19px
    {  76,  71,    6 },   // 'l''g'  +0.19px
    {  76,  72,    6 },   // 'l''h'  +0.19px
    {  76,  73,    6 },   // 'l''i'  +0.19px
    {  76,  74,    6 },   // 'l''j'  +0.19px
    {  76,  75,    6 },   // 'l''k'  +0.19px
    {  76,  76,    6 },   // 'l''l'  +0.19px
    {  76,  77,    6 },   // 'l''m'  +0.19px
    {  76,  78,    6 },   // 'l''n'  +0.19px
    {  76,  79,    6 },   // 'l''o'  +0.19px
    {  76,  80,    6 },   // 'l''p'  +0.19px
    {  76,  81,    6 },   // 'l''q'  +0.19px
    {  76,  82,    6 },   // 'l''r'  +0.19px
    {  76,  83,   38 },   // 'l''s'  +1.19px
    {  76,  84,    6 },   // 'l''t'  +0.19px
    {  76,  85,    6 },   // 'l''u'  +0.19px
    {  76,  86,    6 },   // 'l''v'  +0.19px
    {  76,  87,    6 },   // 'l''w'  +0.19px
    {  76,  88,    6 },   // 'l''x'  +0.19px
    {  76,  89,    6 },   // 'l''y'  +0.19px
    {  76,  90,    6 },   // 'l''z'  +0.19px
    {  76,  93,   38 },   // 'l''}'  +1.19px
    {  76,  98,  -29 },   // 'l''‘'  -0.91px
    {  76,  99,  -29 },   // 'l''’'  -0.91px
    {  76, 100,  -29 },   // 'l''“'  -0.91px
    {  76, 101,  -29 },   // 'l''”'  -0.91px
    {  76, 119,  -25 },   // 'l''°'  -0.78px
    {  77,  10,   -8 },   // 'm''*'  -0.25px
    {  77,  33,    4 },   // 'm''A'  +0.12px
    {  77,  34,   36 },   // 'm''B'  +1.12px
    {  77,  35,    4 },   // 'm''C'  +0.12px
    {  77,  36,   36 },   // 'm''D'  +1.12px
    {  77,  37,   36 },   // 'm''E'  +1.12px
    {  77,  38,   36 },   // 'm''F'  +1.12px
    {  77,  39,    4 },   // 'm''G'  +0.12px
    {  77,  40,   36 },   // 'm''H'  +1.12px
    {  77,  41,   36 },   // 'm''I'  +1.12px
    {  77,  42,    4 },   // 'm''J'  +0.12px
    {  77,  43,   36 },   // 'm''K'  +1.12px
    {  77,  44,   36 },   // 'm''L'  +1.12px
    {  77,  45,   36 },   // 'm''M'  +1.12px
    {  77,  46,   36 },   // 'm''N'  +1.12px
    {  77,  47,    4 },   // 'm''O'  +0.12px
    {  77,  48,   36 },   // 'm''P'  +1.12px
    {  77,  49,    4 },   // 'm''Q'  +0.12px
    {  77,  50,   36 },   // 'm''R'  +1.12px
    {  77,  51,  -28 },   // 'm''S'  -0.88px
    {  77,  52,  -60 },   // 'm''T'  -1.88px
    {  77,  53,    4 },   // 'm''U'  +0.12px
    {  77,  54,  -28 },   // 'm''V'  -0.88px
    {  77,  55,  -28 },   // 'm''W'  -0.88px
    {  77,  56,    4 },   // 'm''X'  +0.12px
    {  77,  57,  -60 },   // 'm''Y'  -1.88px
    {  77,  58,  -28 },   // 'm''Z'  -0.88px
    {  77,  65,    4 },   // 'm''a'  +0.12px
    {  77,  66,   36 },   // 'm''b'  +1.12px
    {  77,  67,    4 },   // 'm''c'  +0.12px
    {  77,  68,    4 },   // 'm''d'  +0.12px
    {  77,  69,    4 },   // 'm''e'  +0.12px
    {  77,  70,    4 },   // 'm''f'  +0.12px
    {  77,  71,    4 },   // 'm''g'  +0.12px
    {  77,  72,   36 },   // 'm''h'  +1.12px
    {  77,  73,   36 },   // 'm''i'  +1.12px
    {  77,  74,   36 },   // 'm''j'  +1.12px
    {  77,  75,   36 },   // 'm''k'  +1.12px
    {  77,  76,   36 },   // 'm''l'  +1.12px
    {  77,  77,   36 },   // 'm''m'  +1.12px
    {  77,  78,   36 },   // 'm''n'  +1.12px
    {  77,  79,    4 },   // 'm''o'  +0.12px
    {  77,  80,   36 },   // 'm''p'  +1.12px
    {  77,  81,    4 },   // 'm''q'  +0.12px
    {  77,  82,   36 },   // 'm''r'  +1.12px
    {  77,  83,   36 },   // 'm''s'  +1.12px
    {  77,  84,   36 },   // 'm''t'  +1.12px
    {  77,  85,   36 },   // 'm''u'  +1.12px
    {  77,  86,    4 },   // 'm''v'  +0.12px
    {  77,  87,    4 },   // 'm''w'  +0.12px
    {  77,  88,    4 },   // 'm''x'  +0.12px
    {  77,  89,    4 },   // 'm''y'  +0.12px
    {  77,  90,    4 },   // 'm''z'  +0.12px
    {  77,  98,  -10 },   // 'm''‘'  -0.31px
    {  77,  99,  -10 },   // 'm''’'  -0.31px
    {  77, 100,  -10 },   // 'm''“'  -0.31px
    {  77, 101,  -10 },   // 'm''”'  -0.31px
    {  77, 114,  -12 },   // 'm''ª'  -0.38px
    {  77, 119,  -16 },   // 'm''°'  -0.50px
    {  77, 128,  -12 },   // 'm''º'  -0.38px
    {  78,  10,   -8 },   // 'n''*'  -0.25px
    {  78,  33,   12 },   // 'n''A'  +0.38px
    {  78,  34,   12 },   // 'n''B'  +0.38px
    {  78,  35,   12 },   // 'n''C'  +0.38px
    {  78,  36,   12 },   // 'n''D'  +0.38px
    {  78,  37,   12 },   // 'n''E'  +0.38px
    {  78,  38,   12 },   // 'n''F'  +0.38px
    {  78,  39,   12 },   // 'n''G'  +0.38px
    {  78,  40,   12 },   // 'n''H'  +0.38px
    {  78,  41,   12 },   // 'n''I'  +0.38px
    {  78,  42,   12 },   // 'n''J'  +0.38px
    {  78,  43,   12 },   // 'n''K'  +0.38px
    {  78,  44,   12 },   // 'n''L'  +0.38px
    {  78,  45,   12 },   // 'n''M'  +0.38px
    {  78,  46,   12 },   // 'n''N'  +0.38px
    {  78,  47,   12 },   // 'n''O'  +0.38px
    {  78,  48,   12 },   // 'n''P'  +0.38px
    {  78,  49,   12 },   // 'n''Q'  +0.38px
    {  78,  50,   12 },   // 'n''R'  +0.38px
    {  78,  51,  -20 },   // 'n''S'  -0.62px
    {  78,  52,  -84 },   // 'n''T'  -2.62px
    {  78,  53,   12 },   // 'n''U'  +0.38px
    {  78,  54,  -20 },   // 'n''V'  -0.62px
    {  78,  55,  -20 },   // 'n''W'  -0.62px
    {  78,  56,   12 },   // 'n''X'  +0.38px
    {  78,  57,  -52 },   // 'n''Y'  -1.62px
    {  78,  58,  -20 },   // 'n''Z'  -0.62px
    {  78,  65,   12 },   // 'n''a'  +0.38px
    {  78,  66,   12 },   // 'n''b'  +0.38px
    {  78,  67,   12 },   // 'n''c'  +0.38px
    {  78,  68,   12 },   // 'n''d'  +0.38px
    {  78,  69,   12 },   // 'n''e'  +0.38px
    {  78,  70,   12 },   // 'n''f'  +0.38px
    {  78,  71,   12 },   // 'n''g'  +0.38px
    {  78,  72,   12 },   // 'n''h'  +0.38px
    {  78,  73,   12 },   // 'n''i'  +0.38px
    {  78,  74,   12 },   // 'n''j'  +0.38px
    {  78,  75,   12 },   // 'n''k'  +0.38px
    {  78,  76,   12 },   // 'n''l'  +0.38px
    {  78,  77,   12 },   // 'n''m'  +0.38px
    {  78,  78,   12 },   // 'n''n'  +0.38px
    {  78,  79,   12 },   // 'n''o'  +0.38px
    {  78,  80,   12 },   // 'n''p'  +0.38px
    {  78,  81,   12 },   // 'n''q'  +0.38px
    {  78,  82,   12 },   // 'n''r'  +0.38px
    {  78,  83,   44 },   // 'n''s'  +1.38px
    {  78,  84,   12 },   // 'n''t'  +0.38px
    {  78,  85,   12 },   // 'n''u'  +0.38px
    {  78,  86,   12 },   // 'n''v'  +0.38px
    {  78,  87,   12 },   // 'n''w'  +0.38px
    {  78,  88,   12 },   // 'n''x'  +0.38px
    {  78,  89,   12 },   // 'n''y'  +0.38px
    {  78,  90,  -20 },   // 'n''z'  -0.62px
    {  78,  98,  -10 },   // 'n''‘'  -0.31px
    {  78,  99,  -10 },   // 'n''’'  -0.31px
    {  78, 100,  -10 },   // 'n''“'  -0.31px
    {  78, 101,  -10 },   // 'n''”'  -0.31px
    {  78, 114,  -12 },   // 'n''ª'  -0.38px
    {  78, 119,  -16 },   // 'n''°'  -0.50px
    {  78, 128,  -12 },   // 'n''º'  -0.38px
    {  79,  10,  -13 },   // 'o''*'  -0.41px
    {  79,  12,  -10 },   // 'o'','  -0.31px
    {  79,  13,    8 },   // 'o''-'  +0.25px
    {  79,  14,  -10 },   // 'o''.'  -0.31px
    {  79,  31,  -13 },   // 'o''?'  -0.41px
    {  79,  33,   17 },   // 'o''A'  +0.53px
    {  79,  34,   17 },   // 'o''B'  +0.53px
    {  79,  35,   17 },   // 'o''C'  +0.53px
    {  79,  36,   17 },   // 'o''D'  +0.53px
    {  79,  37,   17 },   // 'o''E'  +0.53px
    {  79,  38,   17 },   // 'o''F'  +0.53px
    {  79,  39,   17 },   // 'o''G'  +0.53px
    {  79,  40,   17 },   // 'o''H'  +0.53px
    {  79,  41,   17 },   // 'o''I'  +0.53px
    {  79,  42,  -15 },   // 'o''J'  -0.47px
    {  79,  43,   17 },   // 'o''K'  +0.53px
    {  79,  44,   17 },   // 'o''L'  +0.53px
    {  79,  45,   17 },   // 'o''M'  +0.53px
    {  79,  46,   17 },   // 'o''N'  +0.53px
    {  79,  47,   17 },   // 'o''O'  +0.53px
    {  79,  48,   17 },   // 'o''P'  +0.53px
    {  79,  49,   17 },   // 'o''Q'  +0.53px
    {  79,  50,   17 },   // 'o''R'  +0.53px
    {  79,  51,  -15 },   // 'o''S'  -0.47px
    {  79,  52,  -79 },   // 'o''T'  -2.47px
    {  79,  53,   17 },   // 'o''U'  +0.53px
    {  79,  54,  -15 },   // 'o''V'  -0.47px
    {  79,  55,  -15 },   // 'o''W'  -0.47px
    {  79,  56,   17 },   // 'o''X'  +0.53px
    {  79,  57,  -47 },   // 'o''Y'  -1.47px
    {  79,  58,  -15 },   // 'o''Z'  -0.47px
    {  79,  63,  -10 },   // 'o''_'  -0.31px
    {  79,  65,   17 },   // 'o''a'  +0.53px
    {  79,  66,   17 },   // 'o''b'  +0.53px
    {  79,  67,   17 },   // 'o''c'  +0.53px
    {  79,  68,   17 },   // 'o''d'  +0.53px
    {  79,  69,   17 },   // 'o''e'  +0.53px
    {  79,  70,   17 },   // 'o''f'  +0.53px
    {  79,  71,   17 },   // 'o''g'  +0.53px
    {  79,  72,   17 },   // 'o''h'  +0.53px
    {  79,  73,   17 },   // 'o''i'  +0.53px
    {  79,  74,   17 },   // 'o''j'  +0.53px
    {  79,  75,   17 },   // 'o''k'  +0.53px
    {  79,  76,   17 },   // 'o''l'  +0.53px
    {  79,  77,   17 },   // 'o''m'  +0.53px
    {  79,  78,   17 },   // 'o''n'  +0.53px
    {  79,  79,   17 },   // 'o''o'  +0.53px
    {  79,  80,   17 },   // 'o''p'  +0.53px
    {  79,  81,   17 },   // 'o''q'  +0.53px
    {  79,  82,   17 },   // 'o''r'  +0.53px
    {  79,  83,   49 },   // 'o''s'  +1.53px
    {  79,  84,   17 },   // 'o''t'  +0.53px
    {  79,  85,   17 },   // 'o''u'  +0.53px
    {  79,  86,   17 },   // 'o''v'  +0.53px
    {  79,  87,   17 },   // 'o''w'  +0.53px
    {  79,  88,   17 },   // 'o''x'  +0.53px
    {  79,  89,   17 },   // 'o''y'  +0.53px
    {  79,  90,  -15 },   // 'o''z'  -0.47px
    {  79,  91,    8 },   // 'o''{'  +0.25px
    {  79,  97,    8 },   // 'o''·'  +0.25px
    {  79,  98,  -20 },   // 'o''‘'  -0.62px
    {  79,  99,  -20 },   // 'o''’'  -0.62px
    {  79, 100,  -20 },   // 'o''“'  -0.62px
    {  79, 101,  -20 },   // 'o''”'  -0.62px
    {  79, 102,    8 },   // 'o''–'  +0.25px
    {  79, 103,    8 },   // 'o''—'  +0.25px
    {  79, 104,  -10 },   // 'o''…'  -0.31px
    {  79, 114,  -16 },   // 'o''ª'  -0.50px
    {  79, 119,  -19 },   // 'o''°'  -0.59px
    {  79, 128,  -16 },   // 'o''º'  -0.50px
    {  80,  10,  -13 },   // 'p''*'  -0.41px
    {  80,  12,  -10 },   // 'p'','  -0.31px
    {  80,  13,    8 },   // 'p''-'  +0.25px
    {  80,  14,  -10 },   // 'p''.'  -0.31px
    {  80,  31,  -13 },   // 'p''?'  -0.41px
    {  80,  33,    4 },   // 'p''A'  +0.12px
    {  80,  34,    4 },   // 'p''B'  +0.12px
    {  80,  35,    4 },   // 'p''C'  +0.12px
    {  80,  36,    4 },   // 'p''D'  +0.12px
    {  80,  37,    4 },   // 'p''E'  +0.12px
    {  80,  38,    4 },   // 'p''F'  +0.12px
    {  80,  39,    4 },   // 'p''G'  +0.12px
    {  80,  40,    4 },   // 'p''H'  +0.12px
    {  80,  41,    4 },   // 'p''I'  +0.12px
    {  80,  42,  -28 },   // 'p''J'  -0.88px
    {  80,  43,    4 },   // 'p''K'  +0.12px
    {  80,  44,    4 },   // 'p''L'  +0.12px
    {  80,  45,    4 },   // 'p''M'  +0.12px
    {  80,  46,    4 },   // 'p''N'  +0.12px
    {  80,  47,    4 },   // 'p''O'  +0.12px
    {  80,  48,    4 },   // 'p''P'  +0.12px
    {  80,  49,    4 },   // 'p''Q'  +0.12px
    {  80,  50,    4 },   // 'p''R'  +0.12px
    {  80,  51,  -28 },   // 'p''S'  -0.88px
    {  80,  52,  -92 },   // 'p''T'  -2.88px
    {  80,  53,    4 },   // 'p''U'  +0.12px
    {  80,  54,  -28 },   // 'p''V'  -0.88px
    {  80,  55,  -28 },   // 'p''W'  -0.88px
    {  80,  56,    4 },   // 'p''X'  +0.12px
    {  80,  57,  -60 },   // 'p''Y'  -1.88px
    {  80,  58,  -28 },   // 'p''Z'  -0.88px
    {  80,  63,  -10 },   // 'p''_'  -0.31px
    {  80,  65,    4 },   // 'p''a'  +0.12px
    {  80,  66,    4 },   // 'p''b'  +0.12px
    {  80,  67,    4 },   // 'p''c'  +0.12px
    {  80,  68,    4 },   // 'p''d'  +0.12px
    {  80,  69,    4 },   // 'p''e'  +0.12px
    {  80,  70,    4 },   // 'p''f'  +0.12px
    {  80,  71,    4 },   // 'p''g'  +0.12px
    {  80,  72,    4 },   // 'p''h'  +0.12px
    {  80,  73,    4 },   // 'p''i'  +0.12px
    {  80,  74,    4 },   // 'p''j'  +0.12px
    {  80,  75,    4 },   // 'p''k'  +0.12px
    {  80,  76,    4 },   // 'p''l'  +0.12px
    {  80,  77,    4 },   // 'p''m'  +0.12px
    {  80,  78,    4 },   // 'p''n'  +0.12px
    {  80,  79,    4 },   // 'p''o'  +0.12px
    {  80,  80,    4 },   // 'p''p'  +0.12px
    {  80,  81,    4 },   // 'p''q'  +0.12px
    {  80,  82,    4 },   // 'p''r'  +0.12px
    {  80,  83,   36 },   // 'p''s'  +1.12px
    {  80,  84,    4 },   // 'p''t'  +0.12px
    {  80,  85,    4 },   // 'p''u'  +0.12px
    {  80,  86,    4 },   // 'p''v'  +0.12px
    {  80,  87,    4 },   // 'p''w'  +0.12px
    {  80,  88,    4 },   // 'p''x'  +0.12px
    {  80,  89,    4 },   // 'p''y'  +0.12px
    {  80,  90,  -28 },   // 'p''z'  -0.88px
    {  80,  91,    8 },   // 'p''{'  +0.25px
    {  80,  97,    8 },   // 'p''·'  +0.25px
    {  80,  98,  -20 },   // 'p''‘'  -0.62px
    {  80,  99,  -20 },   // 'p''’'  -0.62px
    {  80, 100,  -20 },   // 'p''“'  -0.62px
    {  80, 101,  -20 },   // 'p''”'  -0.62px
    {  80, 102,    8 },   // 'p''–'  +0.25px
    {  80, 103,    8 },   // 'p''—'  +0.25px
    {  80, 104,  -10 },   // 'p''…'  -0.31px
    {  80, 114,  -16 },   // 'p''ª'  -0.50px
    {  80, 119,  -19 },   // 'p''°'  -0.59px
    {  80, 128,  -16 },   // 'p''º'  -0.50px
    {  81,  33,    4 },   // 'q''A'  +0.12px
    {  81,  34,   36 },   // 'q''B'  +1.12px
    {  81,  35,    4 },   // 'q''C'  +0.12px
    {  81,  36,   36 },   // 'q''D'  +1.12px
    {  81,  37,   36 },   // 'q''E'  +1.12px
    {  81,  38,   36 },   // 'q''F'  +1.12px
    {  81,  39,    4 },   // 'q''G'  +0.12px
    {  81,  40,   36 },   // 'q''H'  +1.12px
    {  81,  41,   36 },   // 'q''I'  +1.12px
    {  81,  42,    4 },   // 'q''J'  +0.12px
    {  81,  43,   36 },   // 'q''K'  +1.12px
    {  81,  44,   36 },   // 'q''L'  +1.12px
    {  81,  45,   36 },   // 'q''M'  +1.12px
    {  81,  46,   36 },   // 'q''N'  +1.12px
    {  81,  47,    4 },   // 'q''O'  +0.12px
    {  81,  48,   36 },   // 'q''P'  +1.12px
    {  81,  49,    4 },   // 'q''Q'  +0.12px
    {  81,  50,   36 },   // 'q''R'  +1.12px
    {  81,  51,  -28 },   // 'q''S'  -0.88px
    {  81,  52,  -60 },   // 'q''T'  -1.88px
    {  81,  53,   36 },   // 'q''U'  +1.12px
    {  81,  54,  -28 },   // 'q''V'  -0.88px
    {  81,  55,  -28 },   // 'q''W'  -0.88px
    {  81,  56,    4 },   // 'q''X'  +0.12px
    {  81,  57,  -60 },   // 'q''Y'  -1.88px
    {  81,  58,  -28 },   // 'q''Z'  -0.88px
    {  81,  65,   36 },   // 'q''a'  +1.12px
    {  81,  66,   36 },   // 'q''b'  +1.12px
    {  81,  67,    4 },   // 'q''c'  +0.12px
    {  81,  68,    4 },   // 'q''d'  +0.12px
    {  81,  69,    4 },   // 'q''e'  +0.12px
    {  81,  70,    4 },   // 'q''f'  +0.12px
    {  81,  71,    4 },   // 'q''g'  +0.12px
    {  81,  72,   36 },   // 'q''h'  +1.12px
    {  81,  73,   36 },   // 'q''i'  +1.12px
    {  81,  74,   36 },   // 'q''j'  +1.12px
    {  81,  75,   36 },   // 'q''k'  +1.12px
    {  81,  76,   36 },   // 'q''l'  +1.12px
    {  81,  77,   36 },   // 'q''m'  +1.12px
    {  81,  78,   36 },   // 'q''n'  +1.12px
    {  81,  79,    4 },   // 'q''o'  +0.12px
    {  81,  80,   36 },   // 'q''p'  +1.12px
    {  81,  81,    4 },   // 'q''q'  +0.12px
    {  81,  82,   36 },   // 'q''r'  +1.12px
    {  81,  83,   36 },   // 'q''s'  +1.12px
    {  81,  84,   36 },   // 'q''t'  +1.12px
    {  81,  85,   36 },   // 'q''u'  +1.12px
    {  81,  86,    4 },   // 'q''v'  +0.12px
    {  81,  87,    4 },   // 'q''w'  +0.12px
    {  81,  88,    4 },   // 'q''x'  +0.12px
    {  81,  89,    4 },   // 'q''y'  +0.12px
    {  81,  90,    4 },   // 'q''z'  +0.12px
    {  82,   6,   -8 },   // 'r''&'  -0.25px
    {  82,   9,    8 },   // 'r'')'  +0.25px
    {  82,  10,   22 },   // 'r''*'  +0.69px
    {  82,  12,  -13 },   // 'r'','  -0.41px
    {  82,  13,  -12 },   // 'r''-'  -0.38px
    {  82,  14,  -13 },   // 'r''.'  -0.41px
    {  82,  15,   -8 },   // 'r''/'  -0.25px
    {  82,  26,    8 },   // 'r'':'  +0.25px
    {  82,  27,    8 },   // 'r'';'  +0.25px
    {  82,  33,  -37 },   // 'r''A'  -1.16px
    {  82,  34,   -5 },   // 'r''B'  -0.16px
    {  82,  35,   -5 },   // 'r''C'  -0.16px
    {  82,  36,   -5 },   // 'r''D'  -0.16px
    {  82,  37,   -5 },   // 'r''E'  -0.16px
    {  82,  38,   -5 },   // 'r''F'  -0.16px
    {  82,  39,   -5 },   // 'r''G'  -0.16px
    {  82,  40,   -5 },   // 'r''H'  -0.16px
    {  82,  41,   -5 },   // 'r''I'  -0.16px
    {  82,  42,  -69 },   // 'r''J'  -2.16px
    {  82,  43,   -5 },   // 'r''K'  -0.16px
    {  82,  44,   -5 },   // 'r''L'  -0.16px
    {  82,  45,   -5 },   // 'r''M'  -0.16px
    {  82,  46,   -5 },   // 'r''N'  -0.16px
    {  82,  47,   -5 },   // 'r''O'  -0.16px
    {  82,  48,   -5 },   // 'r''P'  -0.16px
    {  82,  49,   -5 },   // 'r''Q'  -0.16px
    {  82,  50,   -5 },   // 'r''R'  -0.16px
    {  82,  51,   -5 },   // 'r''S'  -0.16px
    {  82,  52, -101 },   // 'r''T'  -3.16px
    {  82,  53,   -5 },   // 'r''U'  -0.16px
    {  82,  54,   -5 },   // 'r''V'  -0.16px
    {  82,  55,  -37 },   // 'r''W'  -1.16px
    {  82,  56,  -37 },   // 'r''X'  -1.16px
    {  82,  57,  -37 },   // 'r''Y'  -1.16px
    {  82,  58,  -69 },   // 'r''Z'  -2.16px
    {  82,  61,    8 },   // 'r'']'  +0.25px
    {  82,  63,  -13 },   // 'r''_'  -0.41px
    {  82,  65,   -5 },   // 'r''a'  -0.16px
    {  82,  66,   -5 },   // 'r''b'  -0.16px
    {  82,  67,  -37 },   // 'r''c'  -1.16px
    {  82,  68,  -37 },   // 'r''d'  -1.16px
    {  82,  69,  -37 },   // 'r''e'  -1.16px
    {  82,  70,   27 },   // 'r''f'  +0.84px
    {  82,  71,  -37 },   // 'r''g'  -1.16px
    {  82,  72,   -5 },   // 'r''h'  -0.16px
    {  82,  73,   -5 },   // 'r''i'  -0.16px
    {  82,  74,   -5 },   // 'r''j'  -0.16px
    {  82,  75,   -5 },   // 'r''k'  -0.16px
    {  82,  76,   -5 },   // 'r''l'  -0.16px
    {  82,  77,   -5 },   // 'r''m'  -0.16px
    {  82,  78,   -5 },   // 'r''n'  -0.16px
    {  82,  79,  -37 },   // 'r''o'  -1.16px
    {  82,  80,   -5 },   // 'r''p'  -0.16px
    {  82,  81,  -37 },   // 'r''q'  -1.16px
    {  82,  82,   -5 },   // 'r''r'  -0.16px
    {  82,  83,   -5 },   // 'r''s'  -0.16px
    {  82,  84,   27 },   // 'r''t'  +0.84px
    {  82,  85,   -5 },   // 'r''u'  -0.16px
    {  82,  86,   27 },   // 'r''v'  +0.84px
    {  82,  87,   27 },   // 'r''w'  +0.84px
    {  82,  88,   -5 },   // 'r''x'  -0.16px
    {  82,  89,   27 },   // 'r''y'  +0.84px
    {  82,  90,   -5 },   // 'r''z'  -0.16px
    {  82,  91,  -12 },   // 'r''{'  -0.38px
    {  82,  93,    8 },   // 'r''}'  +0.25px
    {  82,  95,  -12 },   // 'r''‹'  -0.38px
    {  82,  97,  -12 },   // 'r''·'  -0.38px
    {  82,  98,   19 },   // 'r''‘'  +0.59px
    {  82,  99,   19 },   // 'r''’'  +0.59px
    {  82, 100,   19 },   // 'r''“'  +0.59px
    {  82, 101,   19 },   // 'r''”'  +0.59px
    {  82, 102,  -12 },   // 'r''–'  -0.38px
    {  82, 103,  -12 },   // 'r''—'  -0.38px
    {  82, 104,  -13 },   // 'r''…'  -0.41px
    {  82, 114,   22 },   // 'r''ª'  +0.69px
    {  82, 115,  -12 },   // 'r''«'  -0.38px
    {  82, 119,   20 },   // 'r''°'  +0.62px
    {  82, 128,   22 },   // 'r''º'  +0.69px
    {  82, 195,   18 },   // 'r''ý'  +0.56px
    {  82, 197,   18 },   // 'r''ÿ'  +0.56px
    {  83,  33,   36 },   // 's''A'  +1.12px
    {  83,  34,   36 },   // 's''B'  +1.12px
    {  83,  35,   36 },   // 's''C'  +1.12px
    {  83,  36,   36 },   // 's''D'  +1.12px
    {  83,  37,   36 },   // 's''E'  +1.12px
    {  83,  38,   36 },   // 's''F'  +1.12px
    {  83,  39,   36 },   // 's''G'  +1.12px
    {  83,  40,   36 },   // 's''H'  +1.12px
    {  83,  41,   36 },   // 's''I'  +1.12px
    {  83,  42,    4 },   // 's''J'  +0.12px
    {  83,  43,   36 },   // 's''K'  +1.12px
    {  83,  44,   36 },   // 's''L'  +1.12px
    {  83,  45,   36 },   // 's''M'  +1.12px
    {  83,  46,   36 },   // 's''N'  +1.12px
    {  83,  47,   36 },   // 's''O'  +1.12px
    {  83,  48,   36 },   // 's''P'  +1.12px
    {  83,  49,   36 },   // 's''Q'  +1.12px
    {  83,  50,   36 },   // 's''R'  +1.12px
    {  83,  51,  -28 },   // 's''S'  -0.88px
    {  83,  52,  -60 },   // 's''T'  -1.88px
    {  83,  53,   36 },   // 's''U'  +1.12px
    {  83,  54,  -28 },   // 's''V'  -0.88px
    {  83,  55,  -28 },   // 's''W'  -0.88px
    {  83,  56,    4 },   // 's''X'  +0.12px
    {  83,  57,  -28 },   // 's''Y'  -0.88px
    {  83,  58,  -28 },   // 's''Z'  -0.88px
    {  83,  65,   36 },   // 's''a'  +1.12px
    {  83,  66,   36 },   // 's''b'  +1.12px
    {  83,  67,   36 },   // 's''c'  +1.12px
    {  83,  68,   36 },   // 's''d'  +1.12px
    {  83,  69,   36 },   // 's''e'  +1.12px
    {  83,  70,    4 },   // 's''f'  +0.12px
    {  83,  71,   36 },   // 's''g'  +1.12px
    {  83,  72,   36 },   // 's''h'  +1.12px
    {  83,  73,   36 },   // 's''i'  +1.12px
    {  83,  74,   36 },   // 's''j'  +1.12px
    {  83,  75,   36 },   // 's''k'  +1.12px
    {  83,  76,   36 },   // 's''l'  +1.12px
    {  83,  77,   36 },   // 's''m'  +1.12px
    {  83,  78,   36 },   // 's''n'  +1.12px
    {  83,  79,   36 },   // 's''o'  +1.12px
    {  83,  80,   36 },   // 's''p'  +1.12px
    {  83,  81,   36 },   // 's''q'  +1.12px
    {  83,  82,   36 },   // 's''r'  +1.12px
    {  83,  83,   36 },   // 's''s'  +1.12px
    {  83,  84,   36 },   // 's''t'  +1.12px
    {  83,  85,   36 },   // 's''u'  +1.12px
    {  83,  86,   36 },   // 's''v'  +1.12px
    {  83,  87,   36 },   // 's''w'  +1.12px
    {  83,  88,    4 },   // 's''x'  +0.12px
    {  83,  89,   36 },   // 's''y'  +1.12px
    {  83,  90,    4 },   // 's''z'  +0.12px
    {  83,  98,  -16 },   // 's''‘'  -0.50px
    {  83,  99,  -16 },   // 's''’'  -0.50px
    {  83, 100,  -16 },   // 's''“'  -0.50px
    {  83, 101,  -16 },   // 's''”'  -0.50px
    {  84,   9,   46 },   // 't'')'  +1.44px
    {  84,  10,   13 },   // 't''*'  +0.41px
    {  84,  12,   10 },   // 't'','  +0.31px
    {  84,  14,   10 },   // 't''.'  +0.31px
    {  84,  15,   29 },   // 't''/'  +0.91px
    {  84,  33,   32 },   // 't''A'  +1.00px
    {  84,  42,   32 },   // 't''J'  +1.00px
    {  84,  52,  -64 },   // 't''T'  -2.00px
    {  84,  55,  -32 },   // 't''W'  -1.00px
    {  84,  57,  -32 },   // 't''Y'  -1.00px
    {  84,  61,   46 },   // 't'']'  +1.44px
    {  84,  63,   10 },   // 't''_'  +0.31px
    {  84,  70,   32 },   // 't''f'  +1.00px
    {  84,  83,   32 },   // 't''s'  +1.00px
    {  84,  84,   32 },   // 't''t'  +1.00px
    {  84,  86,   32 },   // 't''v'  +1.00px
    {  84,  87,   32 },   // 't''w'  +1.00px
    {  84,  89,   32 },   // 't''y'  +1.00px
    {  84,  93,   46 },   // 't''}'  +1.44px
    {  84,  95,   -8 },   // 't''‹'  -0.25px
    {  84, 104,   10 },   // 't''…'  +0.31px
    {  84, 114,   16 },   // 't''ª'  +0.50px
    {  84, 115,   -8 },   // 't''«'  -0.25px
    {  84, 128,   16 },   // 't''º'  +0.50px
    {  85,  33,   16 },   // 'u''A'  +0.50px
    {  85,  34,   48 },   // 'u''B'  +1.50px
    {  85,  35,   16 },   // 'u''C'  +0.50px
    {  85,  36,   48 },   // 'u''D'  +1.50px
    {  85,  37,   48 },   // 'u''E'  +1.50px
    {  85,  38,   48 },   // 'u''F'  +1.50px
    {  85,  39,   16 },   // 'u''G'  +0.50px
    {  85,  40,   48 },   // 'u''H'  +1.50px
    {  85,  41,   48 },   // 'u''I'  +1.50px
    {  85,  42,   16 },   // 'u''J'  +0.50px
    {  85,  43,   48 },   // 'u''K'  +1.50px
    {  85,  44,   48 },   // 'u''L'  +1.50px
    {  85,  45,   48 },   // 'u''M'  +1.50px
    {  85,  46,   48 },   // 'u''N'  +1.50px
    {  85,  47,   16 },   // 'u''O'  +0.50px
    {  85,  48,   48 },   // 'u''P'  +1.50px
    {  85,  49,   16 },   // 'u''Q'  +0.50px
    {  85,  50,   48 },   // 'u''R'  +1.50px
    {  85,  51,  -16 },   // 'u''S'  -0.50px
    {  85,  52,  -48 },   // 'u''T'  -1.50px
    {  85,  53,   48 },   // 'u''U'  +1.50px
    {  85,  54,  -16 },   // 'u''V'  -0.50px
    {  85,  55,  -16 },   // 'u''W'  -0.50px
    {  85,  56,   16 },   // 'u''X'  +0.50px
    {  85,  57,  -48 },   // 'u''Y'  -1.50px
    {  85,  58,  -16 },   // 'u''Z'  -0.50px
    {  85,  65,   48 },   // 'u''a'  +1.50px
    {  85,  66,   48 },   // 'u''b'  +1.50px
    {  85,  67,   16 },   // 'u''c'  +0.50px
    {  85,  68,   16 },   // 'u''d'  +0.50px
    {  85,  69,   16 },   // 'u''e'  +0.50px
    {  85,  70,   16 },   // 'u''f'  +0.50px
    {  85,  71,   16 },   // 'u''g'  +0.50px
    {  85,  72,   48 },   // 'u''h'  +1.50px
    {  85,  73,   48 },   // 'u''i'  +1.50px
    {  85,  74,   48 },   // 'u''j'  +1.50px
    {  85,  75,   48 },   // 'u''k'  +1.50px
    {  85,  76,   48 },   // 'u''l'  +1.50px
    {  85,  77,   48 },   // 'u''m'  +1.50px
    {  85,  78,   48 },   // 'u''n'  +1.50px
    {  85,  79,   16 },   // 'u''o'  +0.50px
    {  85,  80,   48 },   // 'u''p'  +1.50px
    {  85,  81,   16 },   // 'u''q'  +0.50px
    {  85,  82,   48 },   // 'u''r'  +1.50px
    {  85,  83,   48 },   // 'u''s'  +1.50px
    {  85,  84,   48 },   // 'u''t'  +1.50px
    {  85,  85,   48 },   // 'u''u'  +1.50px
    {  85,  86,   16 },   // 'u''v'  +0.50px
    {  85,  87,   16 },   // 'u''w'  +0.50px
    {  85,  88,   16 },   // 'u''x'  +0.50px
    {  85,  89,   16 },   // 'u''y'  +0.50px
    {  85,  90,   16 },   // 'u''z'  +0.50px
    {  86,  10,   12 },   // 'v''*'  +0.38px
    {  86,  12,  -28 },   // 'v'','  -0.88px
    {  86,  13,  -10 },   // 'v''-'  -0.31px
    {  86,  14,  -28 },   // 'v''.'  -0.88px
    {  86,  15,  -14 },   // 'v''/'  -0.44px
    {  86,  31,  -10 },   // 'v''?'  -0.31px
    {  86,  33,   14 },   // 'v''A'  +0.44px
    {  86,  34,   14 },   // 'v''B'  +0.44px
    {  86,  35,   14 },   // 'v''C'  +0.44px
    {  86,  36,   14 },   // 'v''D'  +0.44px
    {  86,  37,   14 },   // 'v''E'  +0.44px
    {  86,  38,   14 },   // 'v''F'  +0.44px
    {  86,  39,   14 },   // 'v''G'  +0.44px
    {  86,  40,   14 },   // 'v''H'  +0.44px
    {  86,  41,   14 },   // 'v''I'  +0.44px
    {  86,  42,  -18 },   // 'v''J'  -0.56px
    {  86,  43,   14 },   // 'v''K'  +0.44px
    {  86,  44,   14 },   // 'v''L'  +0.44px
    {  86,  45,   14 },   // 'v''M'  +0.44px
    {  86,  46,   14 },   // 'v''N'  +0.44px
    {  86,  47,   14 },   // 'v''O'  +0.44px
    {  86,  48,   14 },   // 'v''P'  +0.44px
    {  86,  49,   14 },   // 'v''Q'  +0.44px
    {  86,  50,   14 },   // 'v''R'  +0.44px
    {  86,  51,  -18 },   // 'v''S'  -0.56px
    {  86,  52,  -82 },   // 'v''T'  -2.56px
    {  86,  53,   14 },   // 'v''U'  +0.44px
    {  86,  54,  -18 },   // 'v''V'  -0.56px
    {  86,  55,  -50 },   // 'v''W'  -1.56px
    {  86,  56,  -18 },   // 'v''X'  -0.56px
    {  86,  57,  -50 },   // 'v''Y'  -1.56px
    {  86,  58,  -50 },   // 'v''Z'  -1.56px
    {  86,  63,  -28 },   // 'v''_'  -0.88px
    {  86,  65,   14 },   // 'v''a'  +0.44px
    {  86,  66,   14 },   // 'v''b'  +0.44px
    {  86,  67,   14 },   // 'v''c'  +0.44px
    {  86,  68,   14 },   // 'v''d'  +0.44px
    {  86,  69,   14 },   // 'v''e'  +0.44px
    {  86,  70,   14 },   // 'v''f'  +0.44px
    {  86,  71,   14 },   // 'v''g'  +0.44px
    {  86,  72,   14 },   // 'v''h'  +0.44px
    {  86,  73,   14 },   // 'v''i'  +0.44px
    {  86,  74,   14 },   // 'v''j'  +0.44px
    {  86,  75,   14 },   // 'v''k'  +0.44px
    {  86,  76,   14 },   // 'v''l'  +0.44px
    {  86,  77,   14 },   // 'v''m'  +0.44px
    {  86,  78,   14 },   // 'v''n'  +0.44px
    {  86,  79,   14 },   // 'v''o'  +0.44px
    {  86,  80,   14 },   // 'v''p'  +0.44px
    {  86,  81,   14 },   // 'v''q'  +0.44px
    {  86,  82,   14 },   // 'v''r'  +0.44px
    {  86,  83,   14 },   // 'v''s'  +0.44px
    {  86,  84,   14 },   // 'v''t'  +0.44px
    {  86,  85,   14 },   // 'v''u'  +0.44px
    {  86,  86,   14 },   // 'v''v'  +0.44px
    {  86,  87,   14 },   // 'v''w'  +0.44px
    {  86,  88,   14 },   // 'v''x'  +0.44px
    {  86,  89,   14 },   // 'v''y'  +0.44px
    {  86,  90,  -18 },   // 'v''z'  -0.56px
    {  86,  91,  -10 },   // 'v''{'  -0.31px
    {  86,  95,  -10 },   // 'v''‹'  -0.31px
    {  86,  97,  -10 },   // 'v''·'  -0.31px
    {  86, 102,  -10 },   // 'v''–'  -0.31px
    {  86, 103,  -10 },   // 'v''—'  -0.31px
    {  86, 104,  -28 },   // 'v''…'  -0.88px
    {  86, 114,   12 },   // 'v''ª'  +0.38px
    {  86, 115,  -10 },   // 'v''«'  -0.31px
    {  86, 128,   12 },   // 'v''º'  +0.38px
    {  86, 195,   23 },   // 'v''ý'  +0.72px
    {  86, 197,   23 },   // 'v''ÿ'  +0.72px
    {  87,  10,   12 },   // 'w''*'  +0.38px
    {  87,  12,  -28 },   // 'w'','  -0.88px
    {  87,  13,  -10 },   // 'w''-'  -0.31px
    {  87,  14,  -28 },   // 'w''.'  -0.88px
    {  87,  15,  -14 },   // 'w''/'  -0.44px
    {  87,  31,  -10 },   // 'w''?'  -0.31px
    {  87,  33,  -14 },   // 'w''A'  -0.44px
    {  87,  34,   18 },   // 'w''B'  +0.56px
    {  87,  35,  -14 },   // 'w''C'  -0.44px
    {  87,  36,   18 },   // 'w''D'  +0.56px
    {  87,  37,   18 },   // 'w''E'  +0.56px
    {  87,  38,   18 },   // 'w''F'  +0.56px
    {  87,  39,  -14 },   // 'w''G'  -0.44px
    {  87,  40,   18 },   // 'w''H'  +0.56px
    {  87,  41,   18 },   // 'w''I'  +0.56px
    {  87,  42,  -14 },   // 'w''J'  -0.44px
    {  87,  43,   18 },   // 'w''K'  +0.56px
    {  87,  44,   18 },   // 'w''L'  +0.56px
    {  87,  45,   18 },   // 'w''M'  +0.56px
    {  87,  46,   18 },   // 'w''N'  +0.56px
    {  87,  47,  -14 },   // 'w''O'  -0.44px
    {  87,  48,   18 },   // 'w''P'  +0.56px
    {  87,  49,  -14 },   // 'w''Q'  -0.44px
    {  87,  50,   18 },   // 'w''R'  +0.56px
    {  87,  51,  -14 },   // 'w''S'  -0.44px
    {  87,  52,  -78 },   // 'w''T'  -2.44px
    {  87,  53,   18 },   // 'w''U'  +0.56px
    {  87,  54,  -14 },   // 'w''V'  -0.44px
    {  87,  55,  -46 },   // 'w''W'  -1.44px
    {  87,  56,  -14 },   // 'w''X'  -0.44px
    {  87,  57,  -46 },   // 'w''Y'  -1.44px
    {  87,  58,  -46 },   // 'w''Z'  -1.44px
    {  87,  63,  -28 },   // 'w''_'  -0.88px
    {  87,  65,   18 },   // 'w''a'  +0.56px
    {  87,  66,   18 },   // 'w''b'  +0.56px
    {  87,  67,   18 },   // 'w''c'  +0.56px
    {  87,  68,   18 },   // 'w''d'  +0.56px
    {  87,  69,   18 },   // 'w''e'  +0.56px
    {  87,  70,   18 },   // 'w''f'  +0.56px
    {  87,  71,   18 },   // 'w''g'  +0.56px
    {  87,  72,   18 },   // 'w''h'  +0.56px
    {  87,  73,   18 },   // 'w''i'  +0.56px
    {  87,  74,   18 },   // 'w''j'  +0.56px
    {  87,  75,   18 },   // 'w''k'  +0.56px
    {  87,  76,   18 },   // 'w''l'  +0.56px
    {  87,  77,   18 },   // 'w''m'  +0.56px
    {  87,  78,   18 },   // 'w''n'  +0.56px
    {  87,  79,   18 },   // 'w''o'  +0.56px
    {  87,  80,   18 },   // 'w''p'  +0.56px
    {  87,  81,   18 },   // 'w''q'  +0.56px
    {  87,  82,   18 },   // 'w''r'  +0.56px
    {  87,  83,   18 },   // 'w''s'  +0.56px
    {  87,  84,   18 },   // 'w''t'  +0.56px
    {  87,  85,   18 },   // 'w''u'  +0.56px
    {  87,  86,   18 },   // 'w''v'  +0.56px
    {  87,  87,   18 },   // 'w''w'  +0.56px
    {  87,  88,  -14 },   // 'w''x'  -0.44px
    {  87,  89,   18 },   // 'w''y'  +0.56px
    {  87,  90,  -14 },   // 'w''z'  -0.44px
    {  87,  91,  -10 },   // 'w''{'  -0.31px
    {  87,  95,  -10 },   // 'w''‹'  -0.31px
    {  87,  97,  -10 },   // 'w''·'  -0.31px
    {  87, 102,  -10 },   // 'w''–'  -0.31px
    {  87, 103,  -10 },   // 'w''—'  -0.31px
    {  87, 104,  -28 },   // 'w''…'  -0.88px
    {  87, 114,   12 },   // 'w''ª'  +0.38px
    {  87, 115,  -10 },   // 'w''«'  -0.31px
    {  87, 128,   12 },   // 'w''º'  +0.38px
    {  87, 195,   23 },   // 'w''ý'  +0.72px
    {  87, 197,   23 },   // 'w''ÿ'  +0.72px
    {  88,  12,    8 },   // 'x'','  +0.25px
    {  88,  13,  -14 },   // 'x''-'  -0.44px
    {  88,  14,    8 },   // 'x''.'  +0.25px
    {  88,  15,    8 },   // 'x''/'  +0.25px
    {  88,  31,  -14 },   // 'x''?'  -0.44px
    {  88,  33,    2 },   // 'x''A'  +0.06px
    {  88,  34,    2 },   // 'x''B'  +0.06px
    {  88,  35,    2 },   // 'x''C'  +0.06px
    {  88,  36,    2 },   // 'x''D'  +0.06px
    {  88,  37,    2 },   // 'x''E'  +0.06px
    {  88,  38,    2 },   // 'x''F'  +0.06px
    {  88,  39,    2 },   // 'x''G'  +0.06px
    {  88,  40,    2 },   // 'x''H'  +0.06px
    {  88,  41,    2 },   // 'x''I'  +0.06px
    {  88,  42,    2 },   // 'x''J'  +0.06px
    {  88,  43,    2 },   // 'x''K'  +0.06px
    {  88,  44,    2 },   // 'x''L'  +0.06px
    {  88,  45,    2 },   // 'x''M'  +0.06px
    {  88,  46,    2 },   // 'x''N'  +0.06px
    {  88,  47,    2 },   // 'x''O'  +0.06px
    {  88,  48,    2 },   // 'x''P'  +0.06px
    {  88,  49,    2 },   // 'x''Q'  +0.06px
    {  88,  50,    2 },   // 'x''R'  +0.06px
    {  88,  51,  -30 },   // 'x''S'  -0.94px
    {  88,  52,  -94 },   // 'x''T'  -2.94px
    {  88,  53,    2 },   // 'x''U'  +0.06px
    {  88,  54,  -30 },   // 'x''V'  -0.94px
    {  88,  55,  -30 },   // 'x''W'  -0.94px
    {  88,  56,  -30 },   // 'x''X'  -0.94px
    {  88,  57,  -62 },   // 'x''Y'  -1.94px
    {  88,  58,  -30 },   // 'x''Z'  -0.94px
    {  88,  63,    8 },   // 'x''_'  +0.25px
    {  88,  65,    2 },   // 'x''a'  +0.06px
    {  88,  66,    2 },   // 'x''b'  +0.06px
    {  88,  67,    2 },   // 'x''c'  +0.06px
    {  88,  68,    2 },   // 'x''d'  +0.06px
    {  88,  69,    2 },   // 'x''e'  +0.06px
    {  88,  70,    2 },   // 'x''f'  +0.06px
    {  88,  71,    2 },   // 'x''g'  +0.06px
    {  88,  72,    2 },   // 'x''h'  +0.06px
    {  88,  73,    2 },   // 'x''i'  +0.06px
    {  88,  74,    2 },   // 'x''j'  +0.06px
    {  88,  75,    2 },   // 'x''k'  +0.06px
    {  88,  76,    2 },   // 'x''l'  +0.06px
    {  88,  77,    2 },   // 'x''m'  +0.06px
    {  88,  78,    2 },   // 'x''n'  +0.06px
    {  88,  79,    2 },   // 'x''o'  +0.06px
    {  88,  80,    2 },   // 'x''p'  +0.06px
    {  88,  81,    2 },   // 'x''q'  +0.06px
    {  88,  82,    2 },   // 'x''r'  +0.06px
    {  88,  83,    2 },   // 'x''s'  +0.06px
    {  88,  84,    2 },   // 'x''t'  +0.06px
    {  88,  85,    2 },   // 'x''u'  +0.06px
    {  88,  86,    2 },   // 'x''v'  +0.06px
    {  88,  87,    2 },   // 'x''w'  +0.06px
    {  88,  88,    2 },   // 'x''x'  +0.06px
    {  88,  89,    2 },   // 'x''y'  +0.06px
    {  88,  90,  -30 },   // 'x''z'  -0.94px
    {  88,  91,  -14 },   // 'x''{'  -0.44px
    {  88,  95,  -16 },   // 'x''‹'  -0.50px
    {  88,  97,  -14 },   // 'x''·'  -0.44px
    {  88, 102,  -14 },   // 'x''–'  -0.44px
    {  88, 103,  -14 },   // 'x''—'  -0.44px
    {  88, 104,    8 },   // 'x''…'  +0.25px
    {  88, 114,   12 },   // 'x''ª'  +0.38px
    {  88, 115,  -16 },   // 'x''«'  -0.50px
    {  88, 128,   12 },   // 'x''º'  +0.38px
    {  89,  10,   12 },   // 'y''*'  +0.38px
    {  89,  12,  -28 },   // 'y'','  -0.88px
    {  89,  13,  -10 },   // 'y''-'  -0.31px
    {  89,  14,  -28 },   // 'y''.'  -0.88px
    {  89,  15,  -14 },   // 'y''/'  -0.44px
    {  89,  31,  -10 },   // 'y''?'  -0.31px
    {  89,  33,   14 },   // 'y''A'  +0.44px
    {  89,  34,   14 },   // 'y''B'  +0.44px
    {  89,  35,   14 },   // 'y''C'  +0.44px
    {  89,  36,   14 },   // 'y''D'  +0.44px
    {  89,  37,   14 },   // 'y''E'  +0.44px
    {  89,  38,   14 },   // 'y''F'  +0.44px
    {  89,  39,   14 },   // 'y''G'  +0.44px
    {  89,  40,   14 },   // 'y''H'  +0.44px
    {  89,  41,   14 },   // 'y''I'  +0.44px
    {  89,  42,  -18 },   // 'y''J'  -0.56px
    {  89,  43,   14 },   // 'y''K'  +0.44px
    {  89,  44,   14 },   // 'y''L'  +0.44px
    {  89,  45,   14 },   // 'y''M'  +0.44px
    {  89,  46,   14 },   // 'y''N'  +0.44px
    {  89,  47,   14 },   // 'y''O'  +0.44px
    {  89,  48,   14 },   // 'y''P'  +0.44px
    {  89,  49,   14 },   // 'y''Q'  +0.44px
    {  89,  50,   14 },   // 'y''R'  +0.44px
    {  89,  51,  -18 },   // 'y''S'  -0.56px
    {  89,  52,  -82 },   // 'y''T'  -2.56px
    {  89,  53,   14 },   // 'y''U'  +0.44px
    {  89,  54,  -18 },   // 'y''V'  -0.56px
    {  89,  55,  -50 },   // 'y''W'  -1.56px
    {  89,  56,  -18 },   // 'y''X'  -0.56px
    {  89,  57,  -50 },   // 'y''Y'  -1.56px
    {  89,  58,  -50 },   // 'y''Z'  -1.56px
    {  89,  63,  -28 },   // 'y''_'  -0.88px
    {  89,  65,   14 },   // 'y''a'  +0.44px
    {  89,  66,   14 },   // 'y''b'  +0.44px
    {  89,  67,   14 },   // 'y''c'  +0.44px
    {  89,  68,   14 },   // 'y''d'  +0.44px
    {  89,  69,   14 },   // 'y''e'  +0.44px
    {  89,  70,   14 },   // 'y''f'  +0.44px
    {  89,  71,   14 },   // 'y''g'  +0.44px
    {  89,  72,   14 },   // 'y''h'  +0.44px
    {  89,  73,   14 },   // 'y''i'  +0.44px
    {  89,  74,   14 },   // 'y''j'  +0.44px
    {  89,  75,   14 },   // 'y''k'  +0.44px
    {  89,  76,   14 },   // 'y''l'  +0.44px
    {  89,  77,   14 },   // 'y''m'  +0.44px
    {  89,  78,   14 },   // 'y''n'  +0.44px
    {  89,  79,   14 },   // 'y''o'  +0.44px
    {  89,  80,   14 },   // 'y''p'  +0.44px
    {  89,  81,   14 },   // 'y''q'  +0.44px
    {  89,  82,   14 },   // 'y''r'  +0.44px
    {  89,  83,   14 },   // 'y''s'  +0.44px
    {  89,  84,   14 },   // 'y''t'  +0.44px
    {  89,  85,   14 },   // 'y''u'  +0.44px
    {  89,  86,   14 },   // 'y''v'  +0.44px
    {  89,  87,   14 },   // 'y''w'  +0.44px
    {  89,  88,  -18 },   // 'y''x'  -0.56px
    {  89,  89,   14 },   // 'y''y'  +0.44px
    {  89,  90,  -18 },   // 'y''z'  -0.56px
    {  89,  91,  -10 },   // 'y''{'  -0.31px
    {  89,  95,  -10 },   // 'y''‹'  -0.31px
    {  89,  97,  -10 },   // 'y''·'  -0.31px
    {  89, 102,  -10 },   // 'y''–'  -0.31px
    {  89, 103,  -10 },   // 'y''—'  -0.31px
    {  89, 104,  -28 },   // 'y''…'  -0.88px
    {  89, 114,   12 },   // 'y''ª'  +0.38px
    {  89, 115,  -10 },   // 'y''«'  -0.31px
    {  89, 128,   12 },   // 'y''º'  +0.38px
    {  89, 195,   23 },   // 'y''ý'  +0.72px
    {  89, 197,   23 },   // 'y''ÿ'  +0.72px
    {  90,  13,  -19 },   // 'z''-'  -0.59px
    {  90,  31,  -14 },   // 'z''?'  -0.44px
    {  90,  33,   44 },   // 'z''A'  +1.38px
    {  90,  34,   12 },   // 'z''B'  +0.38px
    {  90,  35,   12 },   // 'z''C'  +0.38px
    {  90,  36,   12 },   // 'z''D'  +0.38px
    {  90,  37,   12 },   // 'z''E'  +0.38px
    {  90,  38,   12 },   // 'z''F'  +0.38px
    {  90,  39,   12 },   // 'z''G'  +0.38px
    {  90,  40,   12 },   // 'z''H'  +0.38px
    {  90,  41,   12 },   // 'z''I'  +0.38px
    {  90,  42,   44 },   // 'z''J'  +1.38px
    {  90,  43,   12 },   // 'z''K'  +0.38px
    {  90,  44,   12 },   // 'z''L'  +0.38px
    {  90,  45,   12 },   // 'z''M'  +0.38px
    {  90,  46,   12 },   // 'z''N'  +0.38px
    {  90,  47,   12 },   // 'z''O'  +0.38px
    {  90,  48,   12 },   // 'z''P'  +0.38px
    {  90,  49,   12 },   // 'z''Q'  +0.38px
    {  90,  50,   12 },   // 'z''R'  +0.38px
    {  90,  51,  -20 },   // 'z''S'  -0.62px
    {  90,  52,  -84 },   // 'z''T'  -2.62px
    {  90,  53,   12 },   // 'z''U'  +0.38px
    {  90,  54,  -20 },   // 'z''V'  -0.62px
    {  90,  55,  -20 },   // 'z''W'  -0.62px
    {  90,  56,   12 },   // 'z''X'  +0.38px
    {  90,  57,  -52 },   // 'z''Y'  -1.62px
    {  90,  58,   12 },   // 'z''Z'  +0.38px
    {  90,  65,   12 },   // 'z''a'  +0.38px
    {  90,  66,   12 },   // 'z''b'  +0.38px
    {  90,  67,   12 },   // 'z''c'  +0.38px
    {  90,  68,   12 },   // 'z''d'  +0.38px
    {  90,  69,   12 },   // 'z''e'  +0.38px
    {  90,  70,   12 },   // 'z''f'  +0.38px
    {  90,  71,   12 },   // 'z''g'  +0.38px
    {  90,  72,   12 },   // 'z''h'  +0.38px
    {  90,  73,   12 },   // 'z''i'  +0.38px
    {  90,  74,   12 },   // 'z''j'  +0.38px
    {  90,  75,   12 },   // 'z''k'  +0.38px
    {  90,  76,   12 },   // 'z''l'  +0.38px
    {  90,  77,   12 },   // 'z''m'  +0.38px
    {  90,  78,   12 },   // 'z''n'  +0.38px
    {  90,  79,   12 },   // 'z''o'  +0.38px
    {  90,  80,   12 },   // 'z''p'  +0.38px
    {  90,  81,   12 },   // 'z''q'  +0.38px
    {  90,  82,   12 },   // 'z''r'  +0.38px
    {  90,  83,   12 },   // 'z''s'  +0.38px
    {  90,  84,   12 },   // 'z''t'  +0.38px
    {  90,  85,   12 },   // 'z''u'  +0.38px
    {  90,  86,   12 },   // 'z''v'  +0.38px
    {  90,  87,   12 },   // 'z''w'  +0.38px
    {  90,  88,   12 },   // 'z''x'  +0.38px
    {  90,  89,   12 },   // 'z''y'  +0.38px
    {  90,  90,   12 },   // 'z''z'  +0.38px
    {  90,  91,  -19 },   // 'z''{'  -0.59px
    {  90,  95,  -19 },   // 'z''‹'  -0.59px
    {  90,  97,  -19 },   // 'z''·'  -0.59px
    {  90, 102,  -19 },   // 'z''–'  -0.59px
    {  90, 103,  -19 },   // 'z''—'  -0.59px
    {  90, 115,  -19 },   // 'z''«'  -0.59px
    {  91,   9,   23 },   // '{'')'  +0.72px
    {  91,  15,   23 },   // '{''/'  +0.72px
    {  91,  31,   18 },   // '{''?'  +0.56px
    {  91,  52,   23 },   // '{''T'  +0.72px
    {  91,  54,   18 },   // '{''V'  +0.56px
    {  91,  55,   18 },   // '{''W'  +0.56px
    {  91,  57,   20 },   // '{''Y'  +0.62px
    {  91,  58,   12 },   // '{''Z'  +0.38px
    {  91,  61,   23 },   // '{'']'  +0.72px
    {  91,  74,   46 },   // '{''j'  +1.44px
    {  91,  93,   23 },   // '{''}'  +0.72px
    {  91, 133,   12 },   // '{''¿'  +0.38px
    {  91, 163,   20 },   // '{''Ý'  +0.62px
    {  93,  10,  -38 },   // '}''*'  -1.19px
    {  93,  12,  -26 },   // '}'','  -0.81px
    {  93,  14,  -26 },   // '}''.'  -0.81px
    {  93,  26,  -10 },   // '}'':'  -0.31px
    {  93,  27,  -10 },   // '}'';'  -0.31px
    {  93,  31,  -22 },   // '}''?'  -0.69px
    {  93,  33,  -10 },   // '}''A'  -0.31px
    {  93,  42,  -16 },   // '}''J'  -0.50px
    {  93,  51,  -12 },   // '}''S'  -0.38px
    {  93,  52,  -28 },   // '}''T'  -0.88px
    {  93,  54,  -29 },   // '}''V'  -0.91px
    {  93,  55,  -29 },   // '}''W'  -0.91px
    {  93,  56,  -14 },   // '}''X'  -0.44px
    {  93,  57,  -30 },   // '}''Y'  -0.94px
    {  93,  63,  -26 },   // '}''_'  -0.81px
    {  93,  67,    8 },   // '}''c'  +0.25px
    {  93,  68,    8 },   // '}''d'  +0.25px
    {  93,  69,    8 },   // '}''e'  +0.25px
    {  93,  71,    8 },   // '}''g'  +0.25px
    {  93,  79,    8 },   // '}''o'  +0.25px
    {  93,  81,    8 },   // '}''q'  +0.25px
    {  93,  86,  -10 },   // '}''v'  -0.31px
    {  93,  87,  -10 },   // '}''w'  -0.31px
    {  93,  88,  -14 },   // '}''x'  -0.44px
    {  93,  89,  -10 },   // '}''y'  -0.31px
    {  93,  96,  -13 },   // '}''›'  -0.41px
    {  93,  98,  -26 },   // '}''‘'  -0.81px
    {  93,  99,  -26 },   // '}''’'  -0.81px
    {  93, 100,  -26 },   // '}''“'  -0.81px
    {  93, 101,  -26 },   // '}''”'  -0.81px
    {  93, 104,  -26 },   // '}''…'  -0.81px
    {  93, 114,  -29 },   // '}''ª'  -0.91px
    {  93, 119,  -32 },   // '}''°'  -1.00px
    {  93, 128,  -29 },   // '}''º'  -0.91px
    {  93, 129,  -13 },   // '}''»'  -0.41px
    {  93, 133,  -29 },   // '}''¿'  -0.91px
    {  93, 134,  -10 },   // '}''À'  -0.31px
    {  93, 135,  -10 },   // '}''Á'  -0.31px
    {  93, 136,  -10 },   // '}''Â'  -0.31px
    {  93, 137,  -10 },   // '}''Ã'  -0.31px
    {  93, 138,  -10 },   // '}''Ä'  -0.31px
    {  93, 139,  -10 },   // '}''Å'  -0.31px
    {  93, 140,  -10 },   // '}''Æ'  -0.31px
    {  93, 163,  -30 },   // '}''Ý'  -0.94px
    {  93, 173,    8 },   // '}''ç'  +0.25px
    {  93, 174,    8 },   // '}''è'  +0.25px
    {  93, 175,    8 },   // '}''é'  +0.25px
    {  93, 176,    8 },   // '}''ê'  +0.25px
    {  93, 177,    8 },   // '}''ë'  +0.25px
    {  93, 182,    8 },   // '}''ð'  +0.25px
    {  93, 184,    8 },   // '}''ò'  +0.25px
    {  93, 185,    8 },   // '}''ó'  +0.25px
    {  93, 186,    8 },   // '}''ô'  +0.25px
    {  93, 187,    8 },   // '}''õ'  +0.25px
    {  93, 188,    8 },   // '}''ö'  +0.25px
    {  93, 190,    8 },   // '}''ø'  +0.25px
    {  93, 195,  -10 },   // '}''ý'  -0.31px
    {  93, 197,  -10 },   // '}''ÿ'  -0.31px
    {  95,  10,   -8 },   // '‹''*'  -0.25px
    {  95,  13,  -13 },   // '‹''-'  -0.41px
    {  95,  31,   -8 },   // '‹''?'  -0.25px
    {  95,  52,  -34 },   // '‹''T'  -1.06px
    {  95,  54,  -29 },   // '‹''V'  -0.91px
    {  95,  55,  -29 },   // '‹''W'  -0.91px
    {  95,  57,  -34 },   // '‹''Y'  -1.06px
    {  95,  91,  -13 },   // '‹''{'  -0.41px
    {  95,  97,  -13 },   // '‹''·'  -0.41px
    {  95, 102,  -13 },   // '‹''–'  -0.41px
    {  95, 103,  -13 },   // '‹''—'  -0.41px
    {  95, 133,   12 },   // '‹''¿'  +0.38px
    {  95, 163,  -34 },   // '‹''Ý'  -1.06px
    {  96,  10,  -26 },   // '›''*'  -0.81px
    {  96,  12,  -18 },   // '›'','  -0.56px
    {  96,  14,  -18 },   // '›''.'  -0.56px
    {  96,  31,  -12 },   // '›''?'  -0.38px
    {  96,  33,  -10 },   // '›''A'  -0.31px
    {  96,  42,   -8 },   // '›''J'  -0.25px
    {  96,  52,  -36 },   // '›''T'  -1.12px
    {  96,  54,  -40 },   // '›''V'  -1.25px
    {  96,  55,  -40 },   // '›''W'  -1.25px
    {  96,  56,  -23 },   // '›''X'  -0.72px
    {  96,  57,  -43 },   // '›''Y'  -1.34px
    {  96,  63,  -18 },   // '›''_'  -0.56px
    {  96,  86,  -10 },   // '›''v'  -0.31px
    {  96,  87,  -10 },   // '›''w'  -0.31px
    {  96,  88,  -16 },   // '›''x'  -0.50px
    {  96,  89,  -10 },   // '›''y'  -0.31px
    {  96,  90,   -8 },   // '›''z'  -0.25px
    {  96, 104,  -18 },   // '›''…'  -0.56px
    {  96, 134,  -10 },   // '›''À'  -0.31px
    {  96, 135,  -10 },   // '›''Á'  -0.31px
    {  96, 136,  -10 },   // '›''Â'  -0.31px
    {  96, 137,  -10 },   // '›''Ã'  -0.31px
    {  96, 138,  -10 },   // '›''Ä'  -0.31px
    {  96, 139,  -10 },   // '›''Å'  -0.31px
    {  96, 140,  -10 },   // '›''Æ'  -0.31px
    {  96, 163,  -43 },   // '›''Ý'  -1.34px
    {  96, 195,  -10 },   // '›''ý'  -0.31px
    {  96, 197,  -10 },   // '›''ÿ'  -0.31px
    {  97,  10,  -38 },   // '·''*'  -1.19px
    {  97,  12,  -26 },   // '·'','  -0.81px
    {  97,  14,  -26 },   // '·''.'  -0.81px
    {  97,  26,  -10 },   // '·'':'  -0.31px
    {  97,  27,  -10 },   // '·'';'  -0.31px
    {  97,  31,  -22 },   // '·''?'  -0.69px
    {  97,  33,  -10 },   // '·''A'  -0.31px
    {  97,  42,  -16 },   // '·''J'  -0.50px
    {  97,  51,  -12 },   // '·''S'  -0.38px
    {  97,  52,  -28 },   // '·''T'  -0.88px
    {  97,  54,  -29 },   // '·''V'  -0.91px
    {  97,  55,  -29 },   // '·''W'  -0.91px
    {  97,  56,  -14 },   // '·''X'  -0.44px
    {  97,  57,  -30 },   // '·''Y'  -0.94px
    {  97,  63,  -26 },   // '·''_'  -0.81px
    {  97,  67,    8 },   // '·''c'  +0.25px
    {  97,  68,    8 },   // '·''d'  +0.25px
    {  97,  69,    8 },   // '·''e'  +0.25px
    {  97,  71,    8 },   // '·''g'  +0.25px
    {  97,  79,    8 },   // '·''o'  +0.25px
    {  97,  81,    8 },   // '·''q'  +0.25px
    {  97,  86,  -10 },   // '·''v'  -0.31px
    {  97,  87,  -10 },   // '·''w'  -0.31px
    {  97,  88,  -14 },   // '·''x'  -0.44px
    {  97,  89,  -10 },   // '·''y'  -0.31px
    {  97,  96,  -13 },   // '·''›'  -0.41px
    {  97,  98,  -26 },   // '·''‘'  -0.81px
    {  97,  99,  -26 },   // '·''’'  -0.81px
    {  97, 100,  -26 },   // '·''“'  -0.81px
    {  97, 101,  -26 },   // '·''”'  -0.81px
    {  97, 104,  -26 },   // '·''…'  -0.81px
    {  97, 114,  -29 },   // '·''ª'  -0.91px
    {  97, 119,  -32 },   // '·''°'  -1.00px
    {  97, 128,  -29 },   // '·''º'  -0.91px
    {  97, 129,  -13 },   // '·''»'  -0.41px
    {  97, 133,  -29 },   // '·''¿'  -0.91px
    {  97, 134,  -10 },   // '·''À'  -0.31px
    {  97, 135,  -10 },   // '·''Á'  -0.31px
    {  97, 136,  -10 },   // '·''Â'  -0.31px
    {  97, 137,  -10 },   // '·''Ã'  -0.31px
    {  97, 138,  -10 },   // '·''Ä'  -0.31px
    {  97, 139,  -10 },   // '·''Å'  -0.31px
    {  97, 140,  -10 },   // '·''Æ'  -0.31px
    {  97, 163,  -30 },   // '·''Ý'  -0.94px
    {  97, 173,    8 },   // '·''ç'  +0.25px
    {  97, 174,    8 },   // '·''è'  +0.25px
    {  97, 175,    8 },   // '·''é'  +0.25px
    {  97, 176,    8 },   // '·''ê'  +0.25px
    {  97, 177,    8 },   // '·''ë'  +0.25px
    {  97, 182,    8 },   // '·''ð'  +0.25px
    {  97, 184,    8 },   // '·''ò'  +0.25px
    {  97, 185,    8 },   // '·''ó'  +0.25px
    {  97, 186,    8 },   // '·''ô'  +0.25px
    {  97, 187,    8 },   // '·''õ'  +0.25px
    {  97, 188,    8 },   // '·''ö'  +0.25px
    {  97, 190,    8 },   // '·''ø'  +0.25px
    {  97, 195,  -10 },   // '·''ý'  -0.31px
    {  97, 197,  -10 },   // '·''ÿ'  -0.31px
    {  98,  12,  -32 },   // '‘'','  -1.00px
    {  98,  13,  -26 },   // '‘''-'  -0.81px
    {  98,  14,  -32 },   // '‘''.'  -1.00px
    {  98,  15,  -52 },   // '‘''/'  -1.62px
    {  98,  31,    8 },   // '‘''?'  +0.25px
    {  98,  33,  -34 },   // '‘''A'  -1.06px
    {  98,  42,  -38 },   // '‘''J'  -1.19px
    {  98,  63,  -32 },   // '‘''_'  -1.00px
    {  98,  66,   20 },   // '‘''b'  +0.62px
    {  98,  67,  -20 },   // '‘''c'  -0.62px
    {  98,  68,  -20 },   // '‘''d'  -0.62px
    {  98,  69,  -20 },   // '‘''e'  -0.62px
    {  98,  71,  -20 },   // '‘''g'  -0.62px
    {  98,  72,   20 },   // '‘''h'  +0.62px
    {  98,  73,   20 },   // '‘''i'  +0.62px
    {  98,  75,   20 },   // '‘''k'  +0.62px
    {  98,  76,   20 },   // '‘''l'  +0.62px
    {  98,  79,  -20 },   // '‘''o'  -0.62px
    {  98,  81,  -20 },   // '‘''q'  -0.62px
    {  98,  83,  -16 },   // '‘''s'  -0.50px
    {  98,  91,  -26 },   // '‘''{'  -0.81px
    {  98,  97,  -26 },   // '‘''·'  -0.81px
    {  98, 102,  -26 },   // '‘''–'  -0.81px
    {  98, 103,  -26 },   // '‘''—'  -0.81px
    {  98, 104,  -32 },   // '‘''…'  -1.00px
    {  98, 133,  -23 },   // '‘''¿'  -0.72px
    {  98, 134,  -34 },   // '‘''À'  -1.06px
    {  98, 135,  -34 },   // '‘''Á'  -1.06px
    {  98, 136,  -34 },   // '‘''Â'  -1.06px
    {  98, 137,  -34 },   // '‘''Ã'  -1.06px
    {  98, 138,  -34 },   // '‘''Ä'  -1.06px
    {  98, 139,  -34 },   // '‘''Å'  -1.06px
    {  98, 140,  -34 },   // '‘''Æ'  -1.06px
    {  98, 165,   20 },   // '‘''ß'  +0.62px
    {  98, 173,  -20 },   // '‘''ç'  -0.62px
    {  98, 174,  -20 },   // '‘''è'  -0.62px
    {  98, 175,  -20 },   // '‘''é'  -0.62px
    {  98, 176,  -20 },   // '‘''ê'  -0.62px
    {  98, 177,  -20 },   // '‘''ë'  -0.62px
    {  98, 178,   20 },   // '‘''ì'  +0.62px
    {  98, 179,   20 },   // '‘''í'  +0.62px
    {  98, 180,   20 },   // '‘''î'  +0.62px
    {  98, 181,   20 },   // '‘''ï'  +0.62px
    {  98, 182,  -20 },   // '‘''ð'  -0.62px
    {  98, 184,  -20 },   // '‘''ò'  -0.62px
    {  98, 185,  -20 },   // '‘''ó'  -0.62px
    {  98, 186,  -20 },   // '‘''ô'  -0.62px
    {  98, 187,  -20 },   // '‘''õ'  -0.62px
    {  98, 188,  -20 },   // '‘''ö'  -0.62px
    {  98, 190,  -20 },   // '‘''ø'  -0.62px
    {  98, 196,   20 },   // '‘''þ'  +0.62px
    {  99,  12,  -32 },   // '’'','  -1.00px
    {  99,  13,  -26 },   // '’''-'  -0.81px
    {  99,  14,  -32 },   // '’''.'  -1.00px
    {  99,  15,  -52 },   // '’''/'  -1.62px
    {  99,  31,    8 },   // '’''?'  +0.25px
    {  99,  33,  -34 },   // '’''A'  -1.06px
    {  99,  42,  -38 },   // '’''J'  -1.19px
    {  99,  63,  -32 },   // '’''_'  -1.00px
    {  99,  66,   20 },   // '’''b'  +0.62px
    {  99,  67,  -20 },   // '’''c'  -0.62px
    {  99,  68,  -20 },   // '’''d'  -0.62px
    {  99,  69,  -20 },   // '’''e'  -0.62px
    {  99,  71,  -20 },   // '’''g'  -0.62px
    {  99,  72,   20 },   // '’''h'  +0.62px
    {  99,  73,   20 },   // '’''i'  +0.62px
    {  99,  75,   20 },   // '’''k'  +0.62px
    {  99,  76,   20 },   // '’''l'  +0.62px
    {  99,  79,  -20 },   // '’''o'  -0.62px
    {  99,  81,  -20 },   // '’''q'  -0.62px
    {  99,  83,  -16 },   // '’''s'  -0.50px
    {  99,  91,  -26 },   // '’''{'  -0.81px
    {  99,  97,  -26 },   // '’''·'  -0.81px
    {  99, 102,  -26 },   // '’''–'  -0.81px
    {  99, 103,  -26 },   // '’''—'  -0.81px
    {  99, 104,  -32 },   // '’''…'  -1.00px
    {  99, 133,  -23 },   // '’''¿'  -0.72px
    {  99, 134,  -34 },   // '’''À'  -1.06px
    {  99, 135,  -34 },   // '’''Á'  -1.06px
    {  99, 136,  -34 },   // '’''Â'  -1.06px
    {  99, 137,  -34 },   // '’''Ã'  -1.06px
    {  99, 138,  -34 },   // '’''Ä'  -1.06px
    {  99, 139,  -34 },   // '’''Å'  -1.06px
    {  99, 140,  -34 },   // '’''Æ'  -1.06px
    {  99, 165,   20 },   // '’''ß'  +0.62px
    {  99, 173,  -20 },   // '’''ç'  -0.62px
    {  99, 174,  -20 },   // '’''è'  -0.62px
    {  99, 175,  -20 },   // '’''é'  -0.62px
    {  99, 176,  -20 },   // '’''ê'  -0.62px
    {  99, 177,  -20 },   // '’''ë'  -0.62px
    {  99, 178,   20 },   // '’''ì'  +0.62px
    {  99, 179,   20 },   // '’''í'  +0.62px
    {  99, 180,   20 },   // '’''î'  +0.62px
    {  99, 181,   20 },   // '’''ï'  +0.62px
    {  99, 182,  -20 },   // '’''ð'  -0.62px
    {  99, 184,  -20 },   // '’''ò'  -0.62px
    {  99, 185,  -20 },   // '’''ó'  -0.62px
    {  99, 186,  -20 },   // '’''ô'  -0.62px
    {  99, 187,  -20 },   // '’''õ'  -0.62px
    {  99, 188,  -20 },   // '’''ö'  -0.62px
    {  99, 190,  -20 },   // '’''ø'  -0.62px
    {  99, 196,   20 },   // '’''þ'  +0.62px
    { 100,  12,  -32 },   // '“'','  -1.00px
    { 100,  13,  -26 },   // '“''-'  -0.81px
    { 100,  14,  -32 },   // '“''.'  -1.00px
    { 100,  15,  -52 },   // '“''/'  -1.62px
    { 100,  31,    8 },   // '“''?'  +0.25px
    { 100,  33,  -34 },   // '“''A'  -1.06px
    { 100,  42,  -38 },   // '“''J'  -1.19px
    { 100,  63,  -32 },   // '“''_'  -1.00px
    { 100,  66,   20 },   // '“''b'  +0.62px
    { 100,  67,  -20 },   // '“''c'  -0.62px
    { 100,  68,  -20 },   // '“''d'  -0.62px
    { 100,  69,  -20 },   // '“''e'  -0.62px
    { 100,  71,  -20 },   // '“''g'  -0.62px
    { 100,  72,   20 },   // '“''h'  +0.62px
    { 100,  73,   20 },   // '“''i'  +0.62px
    { 100,  75,   20 },   // '“''k'  +0.62px
    { 100,  76,   20 },   // '“''l'  +0.62px
    { 100,  79,  -20 },   // '“''o'  -0.62px
    { 100,  81,  -20 },   // '“''q'  -0.62px
    { 100,  83,  -16 },   // '“''s'  -0.50px
    { 100,  91,  -26 },   // '“''{'  -0.81px
    { 100,  97,  -26 },   // '“''·'  -0.81px
    { 100, 102,  -26 },   // '“''–'  -0.81px
    { 100, 103,  -26 },   // '“''—'  -0.81px
    { 100, 104,  -32 },   // '“''…'  -1.00px
    { 100, 133,  -23 },   // '“''¿'  -0.72px
    { 100, 134,  -34 },   // '“''À'  -1.06px
    { 100, 135,  -34 },   // '“''Á'  -1.06px
    { 100, 136,  -34 },   // '“''Â'  -1.06px
    { 100, 137,  -34 },   // '“''Ã'  -1.06px
    { 100, 138,  -34 },   // '“''Ä'  -1.06px
    { 100, 139,  -34 },   // '“''Å'  -1.06px
    { 100, 140,  -34 },   // '“''Æ'  -1.06px
    { 100, 165,   20 },   // '“''ß'  +0.62px
    { 100, 173,  -20 },   // '“''ç'  -0.62px
    { 100, 174,  -20 },   // '“''è'  -0.62px
    { 100, 175,  -20 },   // '“''é'  -0.62px
    { 100, 176,  -20 },   // '“''ê'  -0.62px
    { 100, 177,  -20 },   // '“''ë'  -0.62px
    { 100, 178,   20 },   // '“''ì'  +0.62px
    { 100, 179,   20 },   // '“''í'  +0.62px
    { 100, 180,   20 },   // '“''î'  +0.62px
    { 100, 181,   20 },   // '“''ï'  +0.62px
    { 100, 182,  -20 },   // '“''ð'  -0.62px
    { 100, 184,  -20 },   // '“''ò'  -0.62px
    { 100, 185,  -20 },   // '“''ó'  -0.62px
    { 100, 186,  -20 },   // '“''ô'  -0.62px
    { 100, 187,  -20 },   // '“''õ'  -0.62px
    { 100, 188,  -20 },   // '“''ö'  -0.62px
    { 100, 190,  -20 },   // '“''ø'  -0.62px
    { 100, 196,   20 },   // '“''þ'  +0.62px
    { 101,  12,  -32 },   // '”'','  -1.00px
    { 101,  13,  -26 },   // '”''-'  -0.81px
    { 101,  14,  -32 },   // '”''.'  -1.00px
    { 101,  15,  -52 },   // '”''/'  -1.62px
    { 101,  31,    8 },   // '”''?'  +0.25px
    { 101,  33,  -34 },   // '”''A'  -1.06px
    { 101,  42,  -38 },   // '”''J'  -1.19px
    { 101,  63,  -32 },   // '”''_'  -1.00px
    { 101,  66,   20 },   // '”''b'  +0.62px
    { 101,  67,  -20 },   // '”''c'  -0.62px
    { 101,  68,  -20 },   // '”''d'  -0.62px
    { 101,  69,  -20 },   // '”''e'  -0.62px
    { 101,  71,  -20 },   // '”''g'  -0.62px
    { 101,  72,   20 },   // '”''h'  +0.62px
    { 101,  73,   20 },   // '”''i'  +0.62px
    { 101,  75,   20 },   // '”''k'  +0.62px
    { 101,  76,   20 },   // '”''l'  +0.62px
    { 101,  79,  -20 },   // '”''o'  -0.62px
    { 101,  81,  -20 },   // '”''q'  -0.62px
    { 101,  83,  -16 },   // '”''s'  -0.50px
    { 101,  91,  -26 },   // '”''{'  -0.81px
    { 101,  97,  -26 },   // '”''·'  -0.81px
    { 101, 102,  -26 },   // '”''–'  -0.81px
    { 101, 103,  -26 },   // '”''—'  -0.81px
    { 101, 104,  -32 },   // '”''…'  -1.00px
    { 101, 133,  -23 },   // '”''¿'  -0.72px
    { 101, 134,  -34 },   // '”''À'  -1.06px
    { 101, 135,  -34 },   // '”''Á'  -1.06px
    { 101, 136,  -34 },   // '”''Â'  -1.06px
    { 101, 137,  -34 },   // '”''Ã'  -1.06px
    { 101, 138,  -34 },   // '”''Ä'  -1.06px
    { 101, 139,  -34 },   // '”''Å'  -1.06px
    { 101, 140,  -34 },   // '”''Æ'  -1.06px
    { 101, 165,   20 },   // '”''ß'  +0.62px
    { 101, 173,  -20 },   // '”''ç'  -0.62px
    { 101, 174,  -20 },   // '”''è'  -0.62px
    { 101, 175,  -20 },   // '”''é'  -0.62px
    { 101, 176,  -20 },   // '”''ê'  -0.62px
    { 101, 177,  -20 },   // '”''ë'  -0.62px
    { 101, 178,   20 },   // '”''ì'  +0.62px
    { 101, 179,   20 },   // '”''í'  +0.62px
    { 101, 180,   20 },   // '”''î'  +0.62px
    { 101, 181,   20 },   // '”''ï'  +0.62px
    { 101, 182,  -20 },   // '”''ð'  -0.62px
    { 101, 184,  -20 },   // '”''ò'  -0.62px
    { 101, 185,  -20 },   // '”''ó'  -0.62px
    { 101, 186,  -20 },   // '”''ô'  -0.62px
    { 101, 187,  -20 },   // '”''õ'  -0.62px
    { 101, 188,  -20 },   // '”''ö'  -0.62px
    { 101, 190,  -20 },   // '”''ø'  -0.62px
    { 101, 196,   20 },   // '”''þ'  +0.62px
    { 102,  10,  -38 },   // '–''*'  -1.19px
    { 102,  12,  -26 },   // '–'','  -0.81px
    { 102,  14,  -26 },   // '–''.'  -0.81px
    { 102,  26,  -10 },   // '–'':'  -0.31px
    { 102,  27,  -10 },   // '–'';'  -0.31px
    { 102,  31,  -22 },   // '–''?'  -0.69px
    { 102,  33,  -10 },   // '–''A'  -0.31px
    { 102,  42,  -16 },   // '–''J'  -0.50px
    { 102,  51,  -12 },   // '–''S'  -0.38px
    { 102,  52,  -28 },   // '–''T'  -0.88px
    { 102,  54,  -29 },   // '–''V'  -0.91px
    { 102,  55,  -29 },   // '–''W'  -0.91px
    { 102,  56,  -14 },   // '–''X'  -0.44px
    { 102,  57,  -30 },   // '–''Y'  -0.94px
    { 102,  63,  -26 },   // '–''_'  -0.81px
    { 102,  67,    8 },   // '–''c'  +0.25px
    { 102,  68,    8 },   // '–''d'  +0.25px
    { 102,  69,    8 },   // '–''e'  +0.25px
    { 102,  71,    8 },   // '–''g'  +0.25px
    { 102,  79,    8 },   // '–''o'  +0.25px
    { 102,  81,    8 },   // '–''q'  +0.25px
    { 102,  86,  -10 },   // '–''v'  -0.31px
    { 102,  87,  -10 },   // '–''w'  -0.31px
    { 102,  88,  -14 },   // '–''x'  -0.44px
    { 102,  89,  -10 },   // '–''y'  -0.31px
    { 102,  96,  -13 },   // '–''›'  -0.41px
    { 102,  98,  -26 },   // '–''‘'  -0.81px
    { 102,  99,  -26 },   // '–''’'  -0.81px
    { 102, 100,  -26 },   // '–''“'  -0.81px
    { 102, 101,  -26 },   // '–''”'  -0.81px
    { 102, 104,  -26 },   // '–''…'  -0.81px
    { 102, 114,  -29 },   // '–''ª'  -0.91px
    { 102, 119,  -32 },   // '–''°'  -1.00px
    { 102, 128,  -29 },   // '–''º'  -0.91px
    { 102, 129,  -13 },   // '–''»'  -0.41px
    { 102, 133,  -29 },   // '–''¿'  -0.91px
    { 102, 134,  -10 },   // '–''À'  -0.31px
    { 102, 135,  -10 },   // '–''Á'  -0.31px
    { 102, 136,  -10 },   // '–''Â'  -0.31px
    { 102, 137,  -10 },   // '–''Ã'  -0.31px
    { 102, 138,  -10 },   // '–''Ä'  -0.31px
    { 102, 139,  -10 },   // '–''Å'  -0.31px
    { 102, 140,  -10 },   // '–''Æ'  -0.31px
    { 102, 163,  -30 },   // '–''Ý'  -0.94px
    { 102, 173,    8 },   // '–''ç'  +0.25px
    { 102, 174,    8 },   // '–''è'  +0.25px
    { 102, 175,    8 },   // '–''é'  +0.25px
    { 102, 176,    8 },   // '–''ê'  +0.25px
    { 102, 177,    8 },   // '–''ë'  +0.25px
    { 102, 182,    8 },   // '–''ð'  +0.25px
    { 102, 184,    8 },   // '–''ò'  +0.25px
    { 102, 185,    8 },   // '–''ó'  +0.25px
    { 102, 186,    8 },   // '–''ô'  +0.25px
    { 102, 187,    8 },   // '–''õ'  +0.25px
    { 102, 188,    8 },   // '–''ö'  +0.25px
    { 102, 190,    8 },   // '–''ø'  +0.25px
    { 102, 195,  -10 },   // '–''ý'  -0.31px
    { 102, 197,  -10 },   // '–''ÿ'  -0.31px
    { 103,  10,  -38 },   // '—''*'  -1.19px
    { 103,  12,  -26 },   // '—'','  -0.81px
    { 103,  14,  -26 },   // '—''.'  -0.81px
    { 103,  26,  -10 },   // '—'':'  -0.31px
    { 103,  27,  -10 },   // '—'';'  -0.31px
    { 103,  31,  -22 },   // '—''?'  -0.69px
    { 103,  33,  -10 },   // '—''A'  -0.31px
    { 103,  42,  -16 },   // '—''J'  -0.50px
    { 103,  51,  -12 },   // '—''S'  -0.38px
    { 103,  52,  -28 },   // '—''T'  -0.88px
    { 103,  54,  -29 },   // '—''V'  -0.91px
    { 103,  55,  -29 },   // '—''W'  -0.91px
    { 103,  56,  -14 },   // '—''X'  -0.44px
    { 103,  57,  -30 },   // '—''Y'  -0.94px
    { 103,  63,  -26 },   // '—''_'  -0.81px
    { 103,  67,    8 },   // '—''c'  +0.25px
    { 103,  68,    8 },   // '—''d'  +0.25px
    { 103,  69,    8 },   // '—''e'  +0.25px
    { 103,  71,    8 },   // '—''g'  +0.25px
    { 103,  79,    8 },   // '—''o'  +0.25px
    { 103,  81,    8 },   // '—''q'  +0.25px
    { 103,  86,  -10 },   // '—''v'  -0.31px
    { 103,  87,  -10 },   // '—''w'  -0.31px
    { 103,  88,  -14 },   // '—''x'  -0.44px
    { 103,  89,  -10 },   // '—''y'  -0.31px
    { 103,  96,  -13 },   // '—''›'  -0.41px
    { 103,  98,  -26 },   // '—''‘'  -0.81px
    { 103,  99,  -26 },   // '—''’'  -0.81px
    { 103, 100,  -26 },   // '—''“'  -0.81px
    { 103, 101,  -26 },   // '—''”'  -0.81px
    { 103, 104,  -26 },   // '—''…'  -0.81px
    { 103, 114,  -29 },   // '—''ª'  -0.91px
    { 103, 119,  -32 },   // '—''°'  -1.00px
    { 103, 128,  -29 },   // '—''º'  -0.91px
    { 103, 129,  -13 },   // '—''»'  -0.41px
    { 103, 133,  -29 },   // '—''¿'  -0.91px
    { 103, 134,  -10 },   // '—''À'  -0.31px
    { 103, 135,  -10 },   // '—''Á'  -0.31px
    { 103, 136,  -10 },   // '—''Â'  -0.31px
    { 103, 137,  -10 },   // '—''Ã'  -0.31px
    { 103, 138,  -10 },   // '—''Ä'  -0.31px
    { 103, 139,  -10 },   // '—''Å'  -0.31px
    { 103, 140,  -10 },   // '—''Æ'  -0.31px
    { 103, 163,  -30 },   // '—''Ý'  -0.94px
    { 103, 173,    8 },   // '—''ç'  +0.25px
    { 103, 174,    8 },   // '—''è'  +0.25px
    { 103, 175,    8 },   // '—''é'  +0.25px
    { 103, 176,    8 },   // '—''ê'  +0.25px
    { 103, 177,    8 },   // '—''ë'  +0.25px
    { 103, 182,    8 },   // '—''ð'  +0.25px
    { 103, 184,    8 },   // '—''ò'  +0.25px
    { 103, 185,    8 },   // '—''ó'  +0.25px
    { 103, 186,    8 },   // '—''ô'  +0.25px
    { 103, 187,    8 },   // '—''õ'  +0.25px
    { 103, 188,    8 },   // '—''ö'  +0.25px
    { 103, 190,    8 },   // '—''ø'  +0.25px
    { 103, 195,  -10 },   // '—''ý'  -0.31px
    { 103, 197,  -10 },   // '—''ÿ'  -0.31px
    { 104,  10,  -32 },   // '…''*'  -1.00px
    { 104,  13,  -26 },   // '…''-'  -0.81px
    { 104,  15,   38 },   // '…''/'  +1.19px
    { 104,  31,  -42 },   // '…''?'  -1.31px
    { 104,  32,  -22 },   // '…''@'  -0.69px
    { 104,  33,   12 },   // '…''A'  +0.38px
    { 104,  35,  -22 },   // '…''C'  -0.69px
    { 104,  39,  -22 },   // '…''G'  -0.69px
    { 104,  42,   20 },   // '…''J'  +0.62px
    { 104,  47,  -22 },   // '…''O'  -0.69px
    { 104,  49,  -22 },   // '…''Q'  -0.69px
    { 104,  52,  -38 },   // '…''T'  -1.19px
    { 104,  53,  -12 },   // '…''U'  -0.38px
    { 104,  54,  -32 },   // '…''V'  -1.00px
    { 104,  55,  -32 },   // '…''W'  -1.00px
    { 104,  57,  -39 },   // '…''Y'  -1.22px
    { 104,  67,  -10 },   // '…''c'  -0.31px
    { 104,  68,  -10 },   // '…''d'  -0.31px
    { 104,  69,  -10 },   // '…''e'  -0.31px
    { 104,  70,  -12 },   // '…''f'  -0.38px
    { 104,  71,  -10 },   // '…''g'  -0.31px
    { 104,  74,   12 },   // '…''j'  +0.38px
    { 104,  79,  -10 },   // '…''o'  -0.31px
    { 104,  81,  -10 },   // '…''q'  -0.31px
    { 104,  84,  -18 },   // '…''t'  -0.56px
    { 104,  86,  -28 },   // '…''v'  -0.88px
    { 104,  87,  -28 },   // '…''w'  -0.88px
    { 104,  88,    8 },   // '…''x'  +0.25px
    { 104,  89,  -28 },   // '…''y'  -0.88px
    { 104,  91,  -26 },   // '…''{'  -0.81px
    { 104,  95,  -18 },   // '…''‹'  -0.56px
    { 104,  97,  -26 },   // '…''·'  -0.81px
    { 104,  98,  -32 },   // '…''‘'  -1.00px
    { 104,  99,  -32 },   // '…''’'  -1.00px
    { 104, 100,  -32 },   // '…''“'  -1.00px
    { 104, 101,  -32 },   // '…''”'  -1.00px
    { 104, 102,  -26 },   // '…''–'  -0.81px
    { 104, 103,  -26 },   // '…''—'  -0.81px
    { 104, 113,  -22 },   // '…''©'  -0.69px
    { 104, 114,  -32 },   // '…''ª'  -1.00px
    { 104, 115,  -18 },   // '…''«'  -0.56px
    { 104, 117,  -22 },   // '…''®'  -0.69px
    { 104, 119,  -38 },   // '…''°'  -1.19px
    { 104, 128,  -32 },   // '…''º'  -1.00px
    { 104, 134,   12 },   // '…''À'  +0.38px
    { 104, 135,   12 },   // '…''Á'  +0.38px
    { 104, 136,   12 },   // '…''Â'  +0.38px
    { 104, 137,   12 },   // '…''Ã'  +0.38px
    { 104, 138,   12 },   // '…''Ä'  +0.38px
    { 104, 139,   12 },   // '…''Å'  +0.38px
    { 104, 140,   12 },   // '…''Æ'  +0.38px
    { 104, 141,  -22 },   // '…''Ç'  -0.69px
    { 104, 152,  -22 },   // '…''Ò'  -0.69px
    { 104, 153,  -22 },   // '…''Ó'  -0.69px
    { 104, 154,  -22 },   // '…''Ô'  -0.69px
    { 104, 155,  -22 },   // '…''Õ'  -0.69px
    { 104, 156,  -22 },   // '…''Ö'  -0.69px
    { 104, 158,  -22 },   // '…''Ø'  -0.69px
    { 104, 159,  -12 },   // '…''Ù'  -0.38px
    { 104, 160,  -12 },   // '…''Ú'  -0.38px
    { 104, 161,  -12 },   // '…''Û'  -0.38px
    { 104, 162,  -12 },   // '…''Ü'  -0.38px
    { 104, 163,  -39 },   // '…''Ý'  -1.22px
    { 104, 173,  -10 },   // '…''ç'  -0.31px
    { 104, 174,  -10 },   // '…''è'  -0.31px
    { 104, 175,  -10 },   // '…''é'  -0.31px
    { 104, 176,  -10 },   // '…''ê'  -0.31px
    { 104, 177,  -10 },   // '…''ë'  -0.31px
    { 104, 182,  -10 },   // '…''ð'  -0.31px
    { 104, 184,  -10 },   // '…''ò'  -0.31px
    { 104, 185,  -10 },   // '…''ó'  -0.31px
    { 104, 186,  -10 },   // '…''ô'  -0.31px
    { 104, 187,  -10 },   // '…''õ'  -0.31px
    { 104, 188,  -10 },   // '…''ö'  -0.31px
    { 104, 190,  -10 },   // '…''ø'  -0.31px
    { 104, 195,  -28 },   // '…''ý'  -0.88px
    { 104, 197,  -28 },   // '…''ÿ'  -0.88px
    { 105,  15,    8 },   // '¡''/'  +0.25px
    { 105,  42,   18 },   // '¡''J'  +0.56px
    { 105,  57,  -12 },   // '¡''Y'  -0.38px
    { 105,  74,   29 },   // '¡''j'  +0.91px
    { 105, 163,  -12 },   // '¡''Ý'  -0.38px
    { 113,  12,  -22 },   // '©'','  -0.69px
    { 113,  14,  -22 },   // '©''.'  -0.69px
    { 113,  33,   -8 },   // '©''A'  -0.25px
    { 113,  42,  -19 },   // '©''J'  -0.59px
    { 113,  52,  -25 },   // '©''T'  -0.78px
    { 113,  54,  -10 },   // '©''V'  -0.31px
    { 113,  55,  -10 },   // '©''W'  -0.31px
    { 113,  56,  -16 },   // '©''X'  -0.50px
    { 113,  57,  -25 },   // '©''Y'  -0.78px
    { 113,  58,   -8 },   // '©''Z'  -0.25px
    { 113,  63,  -22 },   // '©''_'  -0.69px
    { 113,  74,   12 },   // '©''j'  +0.38px
    { 113, 104,  -22 },   // '©''…'  -0.69px
    { 113, 134,   -8 },   // '©''À'  -0.25px
    { 113, 135,   -8 },   // '©''Á'  -0.25px
    { 113, 136,   -8 },   // '©''Â'  -0.25px
    { 113, 137,   -8 },   // '©''Ã'  -0.25px
    { 113, 138,   -8 },   // '©''Ä'  -0.25px
    { 113, 139,   -8 },   // '©''Å'  -0.25px
    { 113, 140,   -8 },   // '©''Æ'  -0.25px
    { 113, 163,  -25 },   // '©''Ý'  -0.78px
    { 114,  10,   12 },   // 'ª''*'  +0.38px
    { 114,  12,  -32 },   // 'ª'','  -1.00px
    { 114,  13,  -29 },   // 'ª''-'  -0.91px
    { 114,  14,  -32 },   // 'ª''.'  -1.00px
    { 114,  15,  -64 },   // 'ª''/'  -2.00px
    { 114,  31,   23 },   // 'ª''?'  +0.72px
    { 114,  33,  -50 },   // 'ª''A'  -1.56px
    { 114,  42,  -34 },   // 'ª''J'  -1.06px
    { 114,  52,   12 },   // 'ª''T'  +0.38px
    { 114,  54,   12 },   // 'ª''V'  +0.38px
    { 114,  55,   12 },   // 'ª''W'  +0.38px
    { 114,  57,   19 },   // 'ª''Y'  +0.59px
    { 114,  63,  -32 },   // 'ª''_'  -1.00px
    { 114,  67,  -16 },   // 'ª''c'  -0.50px
    { 114,  68,  -16 },   // 'ª''d'  -0.50px
    { 114,  69,  -16 },   // 'ª''e'  -0.50px
    { 114,  70,   26 },   // 'ª''f'  +0.81px
    { 114,  71,  -16 },   // 'ª''g'  -0.50px
    { 114,  79,  -16 },   // 'ª''o'  -0.50px
    { 114,  81,  -16 },   // 'ª''q'  -0.50px
    { 114,  84,   26 },   // 'ª''t'  +0.81px
    { 114,  86,   12 },   // 'ª''v'  +0.38px
    { 114,  87,   12 },   // 'ª''w'  +0.38px
    { 114,  89,   12 },   // 'ª''y'  +0.38px
    { 114,  91,  -29 },   // 'ª''{'  -0.91px
    { 114,  97,  -29 },   // 'ª''·'  -0.91px
    { 114, 102,  -29 },   // 'ª''–'  -0.91px
    { 114, 103,  -29 },   // 'ª''—'  -0.91px
    { 114, 104,  -32 },   // 'ª''…'  -1.00px
    { 114, 133,  -29 },   // 'ª''¿'  -0.91px
    { 114, 134,  -50 },   // 'ª''À'  -1.56px
    { 114, 135,  -50 },   // 'ª''Á'  -1.56px
    { 114, 136,  -50 },   // 'ª''Â'  -1.56px
    { 114, 137,  -50 },   // 'ª''Ã'  -1.56px
    { 114, 138,  -50 },   // 'ª''Ä'  -1.56px
    { 114, 139,  -50 },   // 'ª''Å'  -1.56px
    { 114, 140,  -50 },   // 'ª''Æ'  -1.56px
    { 114, 163,   19 },   // 'ª''Ý'  +0.59px
    { 114, 173,  -16 },   // 'ª''ç'  -0.50px
    { 114, 174,  -16 },   // 'ª''è'  -0.50px
    { 114, 175,  -16 },   // 'ª''é'  -0.50px
    { 114, 176,  -16 },   // 'ª''ê'  -0.50px
    { 114, 177,  -16 },   // 'ª''ë'  -0.50px
    { 114, 182,  -16 },   // 'ª''ð'  -0.50px
    { 114, 184,  -16 },   // 'ª''ò'  -0.50px
    { 114, 185,  -16 },   // 'ª''ó'  -0.50px
    { 114, 186,  -16 },   // 'ª''ô'  -0.50px
    { 114, 187,  -16 },   // 'ª''õ'  -0.50px
    { 114, 188,  -16 },   // 'ª''ö'  -0.50px
    { 114, 190,  -16 },   // 'ª''ø'  -0.50px
    { 114, 195,   12 },   // 'ª''ý'  +0.38px
    { 114, 197,   12 },   // 'ª''ÿ'  +0.38px
    { 115,  10,   -8 },   // '«''*'  -0.25px
    { 115,  13,  -13 },   // '«''-'  -0.41px
    { 115,  31,   -8 },   // '«''?'  -0.25px
    { 115,  52,  -34 },   // '«''T'  -1.06px
    { 115,  54,  -29 },   // '«''V'  -0.91px
    { 115,  55,  -29 },   // '«''W'  -0.91px
    { 115,  57,  -34 },   // '«''Y'  -1.06px
    { 115,  91,  -13 },   // '«''{'  -0.41px
    { 115,  97,  -13 },   // '«''·'  -0.41px
    { 115, 102,  -13 },   // '«''–'  -0.41px
    { 115, 103,  -13 },   // '«''—'  -0.41px
    { 115, 133,   12 },   // '«''¿'  +0.38px
    { 115, 163,  -34 },   // '«''Ý'  -1.06px
    { 117,  12,  -22 },   // '®'','  -0.69px
    { 117,  14,  -22 },   // '®''.'  -0.69px
    { 117,  33,   -8 },   // '®''A'  -0.25px
    { 117,  42,  -19 },   // '®''J'  -0.59px
    { 117,  52,  -25 },   // '®''T'  -0.78px
    { 117,  54,  -10 },   // '®''V'  -0.31px
    { 117,  55,  -10 },   // '®''W'  -0.31px
    { 117,  56,  -16 },   // '®''X'  -0.50px
    { 117,  57,  -25 },   // '®''Y'  -0.78px
    { 117,  58,   -8 },   // '®''Z'  -0.25px
    { 117,  63,  -22 },   // '®''_'  -0.69px
    { 117,  74,   12 },   // '®''j'  +0.38px
    { 117, 104,  -22 },   // '®''…'  -0.69px
    { 117, 134,   -8 },   // '®''À'  -0.25px
    { 117, 135,   -8 },   // '®''Á'  -0.25px
    { 117, 136,   -8 },   // '®''Â'  -0.25px
    { 117, 137,   -8 },   // '®''Ã'  -0.25px
    { 117, 138,   -8 },   // '®''Ä'  -0.25px
    { 117, 139,   -8 },   // '®''Å'  -0.25px
    { 117, 140,   -8 },   // '®''Æ'  -0.25px
    { 117, 163,  -25 },   // '®''Ý'  -0.78px
    { 119,  12,  -38 },   // '°'','  -1.19px
    { 119,  13,  -32 },   // '°''-'  -1.00px
    { 119,  14,  -38 },   // '°''.'  -1.19px
    { 119,  15,  -71 },   // '°''/'  -2.22px
    { 119,  31,   14 },   // '°''?'  +0.44px
    { 119,  33,  -49 },   // '°''A'  -1.53px
    { 119,  42,  -38 },   // '°''J'  -1.19px
    { 119,  52,    8 },   // '°''T'  +0.25px
    { 119,  54,    8 },   // '°''V'  +0.25px
    { 119,  55,    8 },   // '°''W'  +0.25px
    { 119,  57,   10 },   // '°''Y'  +0.31px
    { 119,  63,  -38 },   // '°''_'  -1.19px
    { 119,  67,  -19 },   // '°''c'  -0.59px
    { 119,  68,  -19 },   // '°''d'  -0.59px
    { 119,  69,  -19 },   // '°''e'  -0.59px
    { 119,  71,  -19 },   // '°''g'  -0.59px
    { 119,  79,  -19 },   // '°''o'  -0.59px
    { 119,  81,  -19 },   // '°''q'  -0.59px
    { 119,  83,  -12 },   // '°''s'  -0.38px
    { 119,  91,  -32 },   // '°''{'  -1.00px
    { 119,  97,  -32 },   // '°''·'  -1.00px
    { 119, 102,  -32 },   // '°''–'  -1.00px
    { 119, 103,  -32 },   // '°''—'  -1.00px
    { 119, 104,  -38 },   // '°''…'  -1.19px
    { 119, 133,  -34 },   // '°''¿'  -1.06px
    { 119, 134,  -49 },   // '°''À'  -1.53px
    { 119, 135,  -49 },   // '°''Á'  -1.53px
    { 119, 136,  -49 },   // '°''Â'  -1.53px
    { 119, 137,  -49 },   // '°''Ã'  -1.53px
    { 119, 138,  -49 },   // '°''Ä'  -1.53px
    { 119, 139,  -49 },   // '°''Å'  -1.53px
    { 119, 140,  -49 },   // '°''Æ'  -1.53px
    { 119, 163,   10 },   // '°''Ý'  +0.31px
    { 119, 173,  -19 },   // '°''ç'  -0.59px
    { 119, 174,  -19 },   // '°''è'  -0.59px
    { 119, 175,  -19 },   // '°''é'  -0.59px
    { 119, 176,  -19 },   // '°''ê'  -0.59px
    { 119, 177,  -19 },   // '°''ë'  -0.59px
    { 119, 182,  -19 },   // '°''ð'  -0.59px
    { 119, 184,  -19 },   // '°''ò'  -0.59px
    { 119, 185,  -19 },   // '°''ó'  -0.59px
    { 119, 186,  -19 },   // '°''ô'  -0.59px
    { 119, 187,  -19 },   // '°''õ'  -0.59px
    { 119, 188,  -19 },   // '°''ö'  -0.59px
    { 119, 190,  -19 },   // '°''ø'  -0.59px
    { 128,  10,   12 },   // 'º''*'  +0.38px
    { 128,  12,  -32 },   // 'º'','  -1.00px
    { 128,  13,  -29 },   // 'º''-'  -0.91px
    { 128,  14,  -32 },   // 'º''.'  -1.00px
    { 128,  15,  -64 },   // 'º''/'  -2.00px
    { 128,  31,   23 },   // 'º''?'  +0.72px
    { 128,  33,  -50 },   // 'º''A'  -1.56px
    { 128,  42,  -34 },   // 'º''J'  -1.06px
    { 128,  52,   12 },   // 'º''T'  +0.38px
    { 128,  54,   12 },   // 'º''V'  +0.38px
    { 128,  55,   12 },   // 'º''W'  +0.38px
    { 128,  57,   19 },   // 'º''Y'  +0.59px
    { 128,  63,  -32 },   // 'º''_'  -1.00px
    { 128,  67,  -16 },   // 'º''c'  -0.50px
    { 128,  68,  -16 },   // 'º''d'  -0.50px
    { 128,  69,  -16 },   // 'º''e'  -0.50px
    { 128,  70,   26 },   // 'º''f'  +0.81px
    { 128,  71,  -16 },   // 'º''g'  -0.50px
    { 128,  79,  -16 },   // 'º''o'  -0.50px
    { 128,  81,  -16 },   // 'º''q'  -0.50px
    { 128,  84,   26 },   // 'º''t'  +0.81px
    { 128,  86,   12 },   // 'º''v'  +0.38px
    { 128,  87,   12 },   // 'º''w'  +0.38px
    { 128,  89,   12 },   // 'º''y'  +0.38px
    { 128,  91,  -29 },   // 'º''{'  -0.91px
    { 128,  97,  -29 },   // 'º''·'  -0.91px
    { 128, 102,  -29 },   // 'º''–'  -0.91px
    { 128, 103,  -29 },   // 'º''—'  -0.91px
    { 128, 104,  -32 },   // 'º''…'  -1.00px
    { 128, 133,  -29 },   // 'º''¿'  -0.91px
    { 128, 134,  -50 },   // 'º''À'  -1.56px
    { 128, 135,  -50 },   // 'º''Á'  -1.56px
    { 128, 136,  -50 },   // 'º''Â'  -1.56px
    { 128, 137,  -50 },   // 'º''Ã'  -1.56px
    { 128, 138,  -50 },   // 'º''Ä'  -1.56px
    { 128, 139,  -50 },   // 'º''Å'  -1.56px
    { 128, 140,  -50 },   // 'º''Æ'  -1.56px
    { 128, 163,   19 },   // 'º''Ý'  +0.59px
    { 128, 173,  -16 },   // 'º''ç'  -0.50px
    { 128, 174,  -16 },   // 'º''è'  -0.50px
    { 128, 175,  -16 },   // 'º''é'  -0.50px
    { 128, 176,  -16 },   // 'º''ê'  -0.50px
    { 128, 177,  -16 },   // 'º''ë'  -0.50px
    { 128, 182,  -16 },   // 'º''ð'  -0.50px
    { 128, 184,  -16 },   // 'º''ò'  -0.50px
    { 128, 185,  -16 },   // 'º''ó'  -0.50px
    { 128, 186,  -16 },   // 'º''ô'  -0.50px
    { 128, 187,  -16 },   // 'º''õ'  -0.50px
    { 128, 188,  -16 },   // 'º''ö'  -0.50px
    { 128, 190,  -16 },   // 'º''ø'  -0.50px
    { 128, 195,   12 },   // 'º''ý'  +0.38px
    { 128, 197,   12 },   // 'º''ÿ'  +0.38px
    { 129,  10,  -26 },   // '»''*'  -0.81px
    { 129,  12,  -18 },   // '»'','  -0.56px
    { 129,  14,  -18 },   // '»''.'  -0.56px
    { 129,  31,  -12 },   // '»''?'  -0.38px
    { 129,  33,  -10 },   // '»''A'  -0.31px
    { 129,  42,   -8 },   // '»''J'  -0.25px
    { 129,  52,  -36 },   // '»''T'  -1.12px
    { 129,  54,  -40 },   // '»''V'  -1.25px
    { 129,  55,  -40 },   // '»''W'  -1.25px
    { 129,  56,  -23 },   // '»''X'  -0.72px
    { 129,  57,  -43 },   // '»''Y'  -1.34px
    { 129,  63,  -18 },   // '»''_'  -0.56px
    { 129,  86,  -10 },   // '»''v'  -0.31px
    { 129,  87,  -10 },   // '»''w'  -0.31px
    { 129,  88,  -16 },   // '»''x'  -0.50px
    { 129,  89,  -10 },   // '»''y'  -0.31px
    { 129,  90,   -8 },   // '»''z'  -0.25px
    { 129, 104,  -18 },   // '»''…'  -0.56px
    { 129, 134,  -10 },   // '»''À'  -0.31px
    { 129, 135,  -10 },   // '»''Á'  -0.31px
    { 129, 136,  -10 },   // '»''Â'  -0.31px
    { 129, 137,  -10 },   // '»''Ã'  -0.31px
    { 129, 138,  -10 },   // '»''Ä'  -0.31px
    { 129, 139,  -10 },   // '»''Å'  -0.31px
    { 129, 140,  -10 },   // '»''Æ'  -0.31px
    { 129, 163,  -43 },   // '»''Ý'  -1.34px
    { 129, 195,  -10 },   // '»''ý'  -0.31px
    { 129, 197,  -10 },   // '»''ÿ'  -0.31px
    { 133,   9,   20 },   // '¿'')'  +0.62px
    { 133,  10,  -25 },   // '¿''*'  -0.78px
    { 133,  13,  -29 },   // '¿''-'  -0.91px
    { 133,  15,   34 },   // '¿''/'  +1.06px
    { 133,  31,  -26 },   // '¿''?'  -0.81px
    { 133,  32,  -26 },   // '¿''@'  -0.81px
    { 133,  35,  -26 },   // '¿''C'  -0.81px
    { 133,  39,  -26 },   // '¿''G'  -0.81px
    { 133,  42,   23 },   // '¿''J'  +0.72px
    { 133,  47,  -26 },   // '¿''O'  -0.81px
    { 133,  49,  -26 },   // '¿''Q'  -0.81px
    { 133,  51,  -10 },   // '¿''S'  -0.31px
    { 133,  52,  -36 },   // '¿''T'  -1.12px
    { 133,  53,  -10 },   // '¿''U'  -0.31px
    { 133,  54,  -36 },   // '¿''V'  -1.12px
    { 133,  55,  -36 },   // '¿''W'  -1.12px
    { 133,  57,  -36 },   // '¿''Y'  -1.12px
    { 133,  61,   20 },   // '¿'']'  +0.62px
    { 133,  66,   58 },   // '¿''b'  +1.81px
    { 133,  67,  -13 },   // '¿''c'  -0.41px
    { 133,  68,  -13 },   // '¿''d'  -0.41px
    { 133,  69,  -13 },   // '¿''e'  -0.41px
    { 133,  71,  -13 },   // '¿''g'  -0.41px
    { 133,  72,   58 },   // '¿''h'  +1.81px
    { 133,  73,   58 },   // '¿''i'  +1.81px
    { 133,  74,   58 },   // '¿''j'  +1.81px
    { 133,  75,   58 },   // '¿''k'  +1.81px
    { 133,  76,   58 },   // '¿''l'  +1.81px
    { 133,  79,  -13 },   // '¿''o'  -0.41px
    { 133,  81,  -13 },   // '¿''q'  -0.41px
    { 133,  86,  -12 },   // '¿''v'  -0.38px
    { 133,  87,  -12 },   // '¿''w'  -0.38px
    { 133,  89,  -12 },   // '¿''y'  -0.38px
    { 133,  91,  -29 },   // '¿''{'  -0.91px
    { 133,  93,   20 },   // '¿''}'  +0.62px
    { 133,  97,  -29 },   // '¿''·'  -0.91px
    { 133,  98,  -18 },   // '¿''‘'  -0.56px
    { 133,  99,  -18 },   // '¿''’'  -0.56px
    { 133, 100,  -18 },   // '¿''“'  -0.56px
    { 133, 101,  -18 },   // '¿''”'  -0.56px
    { 133, 102,  -29 },   // '¿''–'  -0.91px
    { 133, 103,  -29 },   // '¿''—'  -0.91px
    { 133, 113,  -26 },   // '¿''©'  -0.81px
    { 133, 114,  -23 },   // '¿''ª'  -0.72px
    { 133, 117,  -26 },   // '¿''®'  -0.81px
    { 133, 119,  -26 },   // '¿''°'  -0.81px
    { 133, 128,  -23 },   // '¿''º'  -0.72px
    { 133, 141,  -26 },   // '¿''Ç'  -0.81px
    { 133, 152,  -26 },   // '¿''Ò'  -0.81px
    { 133, 153,  -26 },   // '¿''Ó'  -0.81px
    { 133, 154,  -26 },   // '¿''Ô'  -0.81px
    { 133, 155,  -26 },   // '¿''Õ'  -0.81px
    { 133, 156,  -26 },   // '¿''Ö'  -0.81px
    { 133, 158,  -26 },   // '¿''Ø'  -0.81px
    { 133, 159,  -10 },   // '¿''Ù'  -0.31px
    { 133, 160,  -10 },   // '¿''Ú'  -0.31px
    { 133, 161,  -10 },   // '¿''Û'  -0.31px
    { 133, 162,  -10 },   // '¿''Ü'  -0.31px
    { 133, 163,  -36 },   // '¿''Ý'  -1.12px
    { 133, 165,   58 },   // '¿''ß'  +1.81px
    { 133, 173,  -13 },   // '¿''ç'  -0.41px
    { 133, 174,  -13 },   // '¿''è'  -0.41px
    { 133, 175,  -13 },   // '¿''é'  -0.41px
    { 133, 176,  -13 },   // '¿''ê'  -0.41px
    { 133, 177,  -13 },   // '¿''ë'  -0.41px
    { 133, 178,   58 },   // '¿''ì'  +1.81px
    { 133, 179,   58 },   // '¿''í'  +1.81px
    { 133, 180,   58 },   // '¿''î'  +1.81px
    { 133, 181,   58 },   // '¿''ï'  +1.81px
    { 133, 182,  -13 },   // '¿''ð'  -0.41px
    { 133, 184,  -13 },   // '¿''ò'  -0.41px
    { 133, 185,  -13 },   // '¿''ó'  -0.41px
    { 133, 186,  -13 },   // '¿''ô'  -0.41px
    { 133, 187,  -13 },   // '¿''õ'  -0.41px
    { 133, 188,  -13 },   // '¿''ö'  -0.41px
    { 133, 190,  -13 },   // '¿''ø'  -0.41px
    { 133, 195,  -12 },   // '¿''ý'  -0.38px
    { 133, 196,   58 },   // '¿''þ'  +1.81px
    { 133, 197,  -12 },   // '¿''ÿ'  -0.38px
    { 134,  10,  -42 },   // 'À''*'  -1.31px
    { 134,  12,   12 },   // 'À'','  +0.38px
    { 134,  13,  -10 },   // 'À''-'  -0.31px
    { 134,  14,   12 },   // 'À''.'  +0.38px
    { 134,  15,   18 },   // 'À''/'  +0.56px
    { 134,  31,  -32 },   // 'À''?'  -1.00px
    { 134,  32,   -8 },   // 'À''@'  -0.25px
    { 134,  35,   -8 },   // 'À''C'  -0.25px
    { 134,  39,   -8 },   // 'À''G'  -0.25px
    { 134,  42,   12 },   // 'À''J'  +0.38px
    { 134,  47,   -8 },   // 'À''O'  -0.25px
    { 134,  49,   -8 },   // 'À''Q'  -0.25px
    { 134,  52,  -45 },   // 'À''T'  -1.41px
    { 134,  54,  -34 },   // 'À''V'  -1.06px
    { 134,  55,  -34 },   // 'À''W'  -1.06px
    { 134,  56,   -8 },   // 'À''X'  -0.25px
    { 134,  57,  -38 },   // 'À''Y'  -1.19px
    { 134,  63,   12 },   // 'À''_'  +0.38px
    { 134,  84,   -8 },   // 'À''t'  -0.25px
    { 134,  86,  -16 },   // 'À''v'  -0.50px
    { 134,  87,  -16 },   // 'À''w'  -0.50px
    { 134,  88,  -13 },   // 'À''x'  -0.41px
    { 134,  89,  -16 },   // 'À''y'  -0.50px
    { 134,  91,  -10 },   // 'À''{'  -0.31px
    { 134,  95,  -10 },   // 'À''‹'  -0.31px
    { 134,  97,  -10 },   // 'À''·'  -0.31px
    { 134,  98,  -34 },   // 'À''‘'  -1.06px
    { 134,  99,  -34 },   // 'À''’'  -1.06px
    { 134, 100,  -34 },   // 'À''“'  -1.06px
    { 134, 101,  -34 },   // 'À''”'  -1.06px
    { 134, 102,  -10 },   // 'À''–'  -0.31px
    { 134, 103,  -10 },   // 'À''—'  -0.31px
    { 134, 104,   12 },   // 'À''…'  +0.38px
    { 134, 113,   -8 },   // 'À''©'  -0.25px
    { 134, 114,  -50 },   // 'À''ª'  -1.56px
    { 134, 115,  -10 },   // 'À''«'  -0.31px
    { 134, 117,   -8 },   // 'À''®'  -0.25px
    { 134, 119,  -49 },   // 'À''°'  -1.53px
    { 134, 128,  -50 },   // 'À''º'  -1.56px
    { 134, 141,   -8 },   // 'À''Ç'  -0.25px
    { 134, 152,   -8 },   // 'À''Ò'  -0.25px
    { 134, 153,   -8 },   // 'À''Ó'  -0.25px
    { 134, 154,   -8 },   // 'À''Ô'  -0.25px
    { 134, 155,   -8 },   // 'À''Õ'  -0.25px
    { 134, 156,   -8 },   // 'À''Ö'  -0.25px
    { 134, 158,   -8 },   // 'À''Ø'  -0.25px
    { 134, 163,  -38 },   // 'À''Ý'  -1.19px
    { 134, 195,  -16 },   // 'À''ý'  -0.50px
    { 134, 197,  -16 },   // 'À''ÿ'  -0.50px
    { 135,  10,  -42 },   // 'Á''*'  -1.31px
    { 135,  12,   12 },   // 'Á'','  +0.38px
    { 135,  13,  -10 },   // 'Á''-'  -0.31px
    { 135,  14,   12 },   // 'Á''.'  +0.38px
    { 135,  15,   18 },   // 'Á''/'  +0.56px
    { 135,  31,  -32 },   // 'Á''?'  -1.00px
    { 135,  32,   -8 },   // 'Á''@'  -0.25px
    { 135,  35,   -8 },   // 'Á''C'  -0.25px
    { 135,  39,   -8 },   // 'Á''G'  -0.25px
    { 135,  42,   12 },   // 'Á''J'  +0.38px
    { 135,  47,   -8 },   // 'Á''O'  -0.25px
    { 135,  49,   -8 },   // 'Á''Q'  -0.25px
    { 135,  52,  -45 },   // 'Á''T'  -1.41px
    { 135,  54,  -34 },   // 'Á''V'  -1.06px
    { 135,  55,  -34 },   // 'Á''W'  -1.06px
    { 135,  56,   -8 },   // 'Á''X'  -0.25px
    { 135,  57,  -38 },   // 'Á''Y'  -1.19px
    { 135,  63,   12 },   // 'Á''_'  +0.38px
    { 135,  84,   -8 },   // 'Á''t'  -0.25px
    { 135,  86,  -16 },   // 'Á''v'  -0.50px
    { 135,  87,  -16 },   // 'Á''w'  -0.50px
    { 135,  88,  -13 },   // 'Á''x'  -0.41px
    { 135,  89,  -16 },   // 'Á''y'  -0.50px
    { 135,  91,  -10 },   // 'Á''{'  -0.31px
    { 135,  95,  -10 },   // 'Á''‹'  -0.31px
    { 135,  97,  -10 },   // 'Á''·'  -0.31px
    { 135,  98,  -34 },   // 'Á''‘'  -1.06px
    { 135,  99,  -34 },   // 'Á''’'  -1.06px
    { 135, 100,  -34 },   // 'Á''“'  -1.06px
    { 135, 101,  -34 },   // 'Á''”'  -1.06px
    { 135, 102,  -10 },   // 'Á''–'  -0.31px
    { 135, 103,  -10 },   // 'Á''—'  -0.31px
    { 135, 104,   12 },   // 'Á''…'  +0.38px
    { 135, 113,   -8 },   // 'Á''©'  -0.25px
    { 135, 114,  -50 },   // 'Á''ª'  -1.56px
    { 135, 115,  -10 },   // 'Á''«'  -0.31px
    { 135, 117,   -8 },   // 'Á''®'  -0.25px
    { 135, 119,  -49 },   // 'Á''°'  -1.53px
    { 135, 128,  -50 },   // 'Á''º'  -1.56px
    { 135, 141,   -8 },   // 'Á''Ç'  -0.25px
    { 135, 152,   -8 },   // 'Á''Ò'  -0.25px
    { 135, 153,   -8 },   // 'Á''Ó'  -0.25px
    { 135, 154,   -8 },   // 'Á''Ô'  -0.25px
    { 135, 155,   -8 },   // 'Á''Õ'  -0.25px
    { 135, 156,   -8 },   // 'Á''Ö'  -0.25px
    { 135, 158,   -8 },   // 'Á''Ø'  -0.25px
    { 135, 163,  -38 },   // 'Á''Ý'  -1.19px
    { 135, 195,  -16 },   // 'Á''ý'  -0.50px
    { 135, 197,  -16 },   // 'Á''ÿ'  -0.50px
    { 136,  10,  -42 },   // 'Â''*'  -1.31px
    { 136,  12,   12 },   // 'Â'','  +0.38px
    { 136,  13,  -10 },   // 'Â''-'  -0.31px
    { 136,  14,   12 },   // 'Â''.'  +0.38px
    { 136,  15,   18 },   // 'Â''/'  +0.56px
    { 136,  31,  -32 },   // 'Â''?'  -1.00px
    { 136,  32,   -8 },   // 'Â''@'  -0.25px
    { 136,  35,   -8 },   // 'Â''C'  -0.25px
    { 136,  39,   -8 },   // 'Â''G'  -0.25px
    { 136,  42,   12 },   // 'Â''J'  +0.38px
    { 136,  47,   -8 },   // 'Â''O'  -0.25px
    { 136,  49,   -8 },   // 'Â''Q'  -0.25px
    { 136,  52,  -45 },   // 'Â''T'  -1.41px
    { 136,  54,  -34 },   // 'Â''V'  -1.06px
    { 136,  55,  -34 },   // 'Â''W'  -1.06px
    { 136,  56,   -8 },   // 'Â''X'  -0.25px
    { 136,  57,  -38 },   // 'Â''Y'  -1.19px
    { 136,  63,   12 },   // 'Â''_'  +0.38px
    { 136,  84,   -8 },   // 'Â''t'  -0.25px
    { 136,  86,  -16 },   // 'Â''v'  -0.50px
    { 136,  87,  -16 },   // 'Â''w'  -0.50px
    { 136,  88,  -13 },   // 'Â''x'  -0.41px
    { 136,  89,  -16 },   // 'Â''y'  -0.50px
    { 136,  91,  -10 },   // 'Â''{'  -0.31px
    { 136,  95,  -10 },   // 'Â''‹'  -0.31px
    { 136,  97,  -10 },   // 'Â''·'  -0.31px
    { 136,  98,  -34 },   // 'Â''‘'  -1.06px
    { 136,  99,  -34 },   // 'Â''’'  -1.06px
    { 136, 100,  -34 },   // 'Â''“'  -1.06px
    { 136, 101,  -34 },   // 'Â''”'  -1.06px
    { 136, 102,  -10 },   // 'Â''–'  -0.31px
    { 136, 103,  -10 },   // 'Â''—'  -0.31px
    { 136, 104,   12 },   // 'Â''…'  +0.38px
    { 136, 113,   -8 },   // 'Â''©'  -0.25px
    { 136, 114,  -50 },   // 'Â''ª'  -1.56px
    { 136, 115,  -10 },   // 'Â''«'  -0.31px
    { 136, 117,   -8 },   // 'Â''®'  -0.25px
    { 136, 119,  -49 },   // 'Â''°'  -1.53px
    { 136, 128,  -50 },   // 'Â''º'  -1.56px
    { 136, 141,   -8 },   // 'Â''Ç'  -0.25px
    { 136, 152,   -8 },   // 'Â''Ò'  -0.25px
    { 136, 153,   -8 },   // 'Â''Ó'  -0.25px
    { 136, 154,   -8 },   // 'Â''Ô'  -0.25px
    { 136, 155,   -8 },   // 'Â''Õ'  -0.25px
    { 136, 156,   -8 },   // 'Â''Ö'  -0.25px
    { 136, 158,   -8 },   // 'Â''Ø'  -0.25px
    { 136, 163,  -38 },   // 'Â''Ý'  -1.19px
    { 136, 195,  -16 },   // 'Â''ý'  -0.50px
    { 136, 197,  -16 },   // 'Â''ÿ'  -0.50px
    { 137,  10,  -42 },   // 'Ã''*'  -1.31px
    { 137,  12,   12 },   // 'Ã'','  +0.38px
    { 137,  13,  -10 },   // 'Ã''-'  -0.31px
    { 137,  14,   12 },   // 'Ã''.'  +0.38px
    { 137,  15,   18 },   // 'Ã''/'  +0.56px
    { 137,  31,  -32 },   // 'Ã''?'  -1.00px
    { 137,  32,   -8 },   // 'Ã''@'  -0.25px
    { 137,  35,   -8 },   // 'Ã''C'  -0.25px
    { 137,  39,   -8 },   // 'Ã''G'  -0.25px
    { 137,  42,   12 },   // 'Ã''J'  +0.38px
    { 137,  47,   -8 },   // 'Ã''O'  -0.25px
    { 137,  49,   -8 },   // 'Ã''Q'  -0.25px
    { 137,  52,  -45 },   // 'Ã''T'  -1.41px
    { 137,  54,  -34 },   // 'Ã''V'  -1.06px
    { 137,  55,  -34 },   // 'Ã''W'  -1.06px
    { 137,  56,   -8 },   // 'Ã''X'  -0.25px
    { 137,  57,  -38 },   // 'Ã''Y'  -1.19px
    { 137,  63,   12 },   // 'Ã''_'  +0.38px
    { 137,  84,   -8 },   // 'Ã''t'  -0.25px
    { 137,  86,  -16 },   // 'Ã''v'  -0.50px
    { 137,  87,  -16 },   // 'Ã''w'  -0.50px
    { 137,  88,  -13 },   // 'Ã''x'  -0.41px
    { 137,  89,  -16 },   // 'Ã''y'  -0.50px
    { 137,  91,  -10 },   // 'Ã''{'  -0.31px
    { 137,  95,  -10 },   // 'Ã''‹'  -0.31px
    { 137,  97,  -10 },   // 'Ã''·'  -0.31px
    { 137,  98,  -34 },   // 'Ã''‘'  -1.06px
    { 137,  99,  -34 },   // 'Ã''’'  -1.06px
    { 137, 100,  -34 },   // 'Ã''“'  -1.06px
    { 137, 101,  -34 },   // 'Ã''”'  -1.06px
    { 137, 102,  -10 },   // 'Ã''–'  -0.31px
    { 137, 103,  -10 },   // 'Ã''—'  -0.31px
    { 137, 104,   12 },   // 'Ã''…'  +0.38px
    { 137, 113,   -8 },   // 'Ã''©'  -0.25px
    { 137, 114,  -50 },   // 'Ã''ª'  -1.56px
    { 137, 115,  -10 },   // 'Ã''«'  -0.31px
    { 137, 117,   -8 },   // 'Ã''®'  -0.25px
    { 137, 119,  -49 },   // 'Ã''°'  -1.53px
    { 137, 128,  -50 },   // 'Ã''º'  -1.56px
    { 137, 141,   -8 },   // 'Ã''Ç'  -0.25px
    { 137, 152,   -8 },   // 'Ã''Ò'  -0.25px
    { 137, 153,   -8 },   // 'Ã''Ó'  -0.25px
    { 137, 154,   -8 },   // 'Ã''Ô'  -0.25px
    { 137, 155,   -8 },   // 'Ã''Õ'  -0.25px
    { 137, 156,   -8 },   // 'Ã''Ö'  -0.25px
    { 137, 158,   -8 },   // 'Ã''Ø'  -0.25px
    { 137, 163,  -38 },   // 'Ã''Ý'  -1.19px
    { 137, 195,  -16 },   // 'Ã''ý'  -0.50px
    { 137, 197,  -16 },   // 'Ã''ÿ'  -0.50px
    { 138,  10,  -42 },   // 'Ä''*'  -1.31px
    { 138,  12,   12 },   // 'Ä'','  +0.38px
    { 138,  13,  -10 },   // 'Ä''-'  -0.31px
    { 138,  14,   12 },   // 'Ä''.'  +0.38px
    { 138,  15,   18 },   // 'Ä''/'  +0.56px
    { 138,  31,  -32 },   // 'Ä''?'  -1.00px
    { 138,  32,   -8 },   // 'Ä''@'  -0.25px
    { 138,  35,   -8 },   // 'Ä''C'  -0.25px
    { 138,  39,   -8 },   // 'Ä''G'  -0.25px
    { 138,  42,   12 },   // 'Ä''J'  +0.38px
    { 138,  47,   -8 },   // 'Ä''O'  -0.25px
    { 138,  49,   -8 },   // 'Ä''Q'  -0.25px
    { 138,  52,  -45 },   // 'Ä''T'  -1.41px
    { 138,  54,  -34 },   // 'Ä''V'  -1.06px
    { 138,  55,  -34 },   // 'Ä''W'  -1.06px
    { 138,  56,   -8 },   // 'Ä''X'  -0.25px
    { 138,  57,  -38 },   // 'Ä''Y'  -1.19px
    { 138,  63,   12 },   // 'Ä''_'  +0.38px
    { 138,  84,   -8 },   // 'Ä''t'  -0.25px
    { 138,  86,  -16 },   // 'Ä''v'  -0.50px
    { 138,  87,  -16 },   // 'Ä''w'  -0.50px
    { 138,  88,  -13 },   // 'Ä''x'  -0.41px
    { 138,  89,  -16 },   // 'Ä''y'  -0.50px
    { 138,  91,  -10 },   // 'Ä''{'  -0.31px
    { 138,  95,  -10 },   // 'Ä''‹'  -0.31px
    { 138,  97,  -10 },   // 'Ä''·'  -0.31px
    { 138,  98,  -34 },   // 'Ä''‘'  -1.06px
    { 138,  99,  -34 },   // 'Ä''’'  -1.06px
    { 138, 100,  -34 },   // 'Ä''“'  -1.06px
    { 138, 101,  -34 },   // 'Ä''”'  -1.06px
    { 138, 102,  -10 },   // 'Ä''–'  -0.31px
    { 138, 103,  -10 },   // 'Ä''—'  -0.31px
    { 138, 104,   12 },   // 'Ä''…'  +0.38px
    { 138, 113,   -8 },   // 'Ä''©'  -0.25px
    { 138, 114,  -50 },   // 'Ä''ª'  -1.56px
    { 138, 115,  -10 },   // 'Ä''«'  -0.31px
    { 138, 117,   -8 },   // 'Ä''®'  -0.25px
    { 138, 119,  -49 },   // 'Ä''°'  -1.53px
    { 138, 128,  -50 },   // 'Ä''º'  -1.56px
    { 138, 141,   -8 },   // 'Ä''Ç'  -0.25px
    { 138, 152,   -8 },   // 'Ä''Ò'  -0.25px
    { 138, 153,   -8 },   // 'Ä''Ó'  -0.25px
    { 138, 154,   -8 },   // 'Ä''Ô'  -0.25px
    { 138, 155,   -8 },   // 'Ä''Õ'  -0.25px
    { 138, 156,   -8 },   // 'Ä''Ö'  -0.25px
    { 138, 158,   -8 },   // 'Ä''Ø'  -0.25px
    { 138, 163,  -38 },   // 'Ä''Ý'  -1.19px
    { 138, 195,  -16 },   // 'Ä''ý'  -0.50px
    { 138, 197,  -16 },   // 'Ä''ÿ'  -0.50px
    { 139,  10,  -42 },   // 'Å''*'  -1.31px
    { 139,  12,   12 },   // 'Å'','  +0.38px
    { 139,  13,  -10 },   // 'Å''-'  -0.31px
    { 139,  14,   12 },   // 'Å''.'  +0.38px
    { 139,  15,   18 },   // 'Å''/'  +0.56px
    { 139,  31,  -32 },   // 'Å''?'  -1.00px
    { 139,  32,   -8 },   // 'Å''@'  -0.25px
    { 139,  35,   -8 },   // 'Å''C'  -0.25px
    { 139,  39,   -8 },   // 'Å''G'  -0.25px
    { 139,  42,   12 },   // 'Å''J'  +0.38px
    { 139,  47,   -8 },   // 'Å''O'  -0.25px
    { 139,  49,   -8 },   // 'Å''Q'  -0.25px
    { 139,  52,  -45 },   // 'Å''T'  -1.41px
    { 139,  54,  -34 },   // 'Å''V'  -1.06px
    { 139,  55,  -34 },   // 'Å''W'  -1.06px
    { 139,  56,   -8 },   // 'Å''X'  -0.25px
    { 139,  57,  -38 },   // 'Å''Y'  -1.19px
    { 139,  63,   12 },   // 'Å''_'  +0.38px
    { 139,  84,   -8 },   // 'Å''t'  -0.25px
    { 139,  86,  -16 },   // 'Å''v'  -0.50px
    { 139,  87,  -16 },   // 'Å''w'  -0.50px
    { 139,  88,  -13 },   // 'Å''x'  -0.41px
    { 139,  89,  -16 },   // 'Å''y'  -0.50px
    { 139,  91,  -10 },   // 'Å''{'  -0.31px
    { 139,  95,  -10 },   // 'Å''‹'  -0.31px
    { 139,  97,  -10 },   // 'Å''·'  -0.31px
    { 139,  98,  -34 },   // 'Å''‘'  -1.06px
    { 139,  99,  -34 },   // 'Å''’'  -1.06px
    { 139, 100,  -34 },   // 'Å''“'  -1.06px
    { 139, 101,  -34 },   // 'Å''”'  -1.06px
    { 139, 102,  -10 },   // 'Å''–'  -0.31px
    { 139, 103,  -10 },   // 'Å''—'  -0.31px
    { 139, 104,   12 },   // 'Å''…'  +0.38px
    { 139, 113,   -8 },   // 'Å''©'  -0.25px
    { 139, 114,  -50 },   // 'Å''ª'  -1.56px
    { 139, 115,  -10 },   // 'Å''«'  -0.31px
    { 139, 117,   -8 },   // 'Å''®'  -0.25px
    { 139, 119,  -49 },   // 'Å''°'  -1.53px
    { 139, 128,  -50 },   // 'Å''º'  -1.56px
    { 139, 141,   -8 },   // 'Å''Ç'  -0.25px
    { 139, 152,   -8 },   // 'Å''Ò'  -0.25px
    { 139, 153,   -8 },   // 'Å''Ó'  -0.25px
    { 139, 154,   -8 },   // 'Å''Ô'  -0.25px
    { 139, 155,   -8 },   // 'Å''Õ'  -0.25px
    { 139, 156,   -8 },   // 'Å''Ö'  -0.25px
    { 139, 158,   -8 },   // 'Å''Ø'  -0.25px
    { 139, 163,  -38 },   // 'Å''Ý'  -1.19px
    { 139, 195,  -16 },   // 'Å''ý'  -0.50px
    { 139, 197,  -16 },   // 'Å''ÿ'  -0.50px
    { 140,  15,   19 },   // 'Æ''/'  +0.59px
    { 141,   6,  -13 },   // 'Ç''&'  -0.41px
    { 141,  13,  -19 },   // 'Ç''-'  -0.59px
    { 141,  15,   10 },   // 'Ç''/'  +0.31px
    { 141,  31,   12 },   // 'Ç''?'  +0.38px
    { 141,  32,  -13 },   // 'Ç''@'  -0.41px
    { 141,  33,   -8 },   // 'Ç''A'  -0.25px
    { 141,  35,  -13 },   // 'Ç''C'  -0.41px
    { 141,  39,  -13 },   // 'Ç''G'  -0.41px
    { 141,  47,  -13 },   // 'Ç''O'  -0.41px
    { 141,  49,  -13 },   // 'Ç''Q'  -0.41px
    { 141,  51,   -8 },   // 'Ç''S'  -0.25px
    { 141,  54,  -10 },   // 'Ç''V'  -0.31px
    { 141,  55,  -10 },   // 'Ç''W'  -0.31px
    { 141,  56,   -8 },   // 'Ç''X'  -0.25px
    { 141,  57,   -8 },   // 'Ç''Y'  -0.25px
    { 141,  65,  -10 },   // 'Ç''a'  -0.31px
    { 141,  67,  -20 },   // 'Ç''c'  -0.62px
    { 141,  68,  -20 },   // 'Ç''d'  -0.62px
    { 141,  69,  -20 },   // 'Ç''e'  -0.62px
    { 141,  70,  -13 },   // 'Ç''f'  -0.41px
    { 141,  71,  -20 },   // 'Ç''g'  -0.62px
    { 141,  79,  -20 },   // 'Ç''o'  -0.62px
    { 141,  81,  -20 },   // 'Ç''q'  -0.62px
    { 141,  84,  -13 },   // 'Ç''t'  -0.41px
    { 141,  86,  -14 },   // 'Ç''v'  -0.44px
    { 141,  87,  -14 },   // 'Ç''w'  -0.44px
    { 141,  89,  -14 },   // 'Ç''y'  -0.44px
    { 141,  90,  -10 },   // 'Ç''z'  -0.31px
    { 141,  91,  -19 },   // 'Ç''{'  -0.59px
    { 141,  95,  -13 },   // 'Ç''‹'  -0.41px
    { 141,  97,  -19 },   // 'Ç''·'  -0.59px
    { 141, 102,  -19 },   // 'Ç''–'  -0.59px
    { 141, 103,  -19 },   // 'Ç''—'  -0.59px
    { 141, 113,  -13 },   // 'Ç''©'  -0.41px
    { 141, 115,  -13 },   // 'Ç''«'  -0.41px
    { 141, 117,  -13 },   // 'Ç''®'  -0.41px
    { 141, 134,   -8 },   // 'Ç''À'  -0.25px
    { 141, 135,   -8 },   // 'Ç''Á'  -0.25px
    { 141, 136,   -8 },   // 'Ç''Â'  -0.25px
    { 141, 137,   -8 },   // 'Ç''Ã'  -0.25px
    { 141, 138,   -8 },   // 'Ç''Ä'  -0.25px
    { 141, 139,   -8 },   // 'Ç''Å'  -0.25px
    { 141, 140,   -8 },   // 'Ç''Æ'  -0.25px
    { 141, 141,  -13 },   // 'Ç''Ç'  -0.41px
    { 141, 152,  -13 },   // 'Ç''Ò'  -0.41px
    { 141, 153,  -13 },   // 'Ç''Ó'  -0.41px
    { 141, 154,  -13 },   // 'Ç''Ô'  -0.41px
    { 141, 155,  -13 },   // 'Ç''Õ'  -0.41px
    { 141, 156,  -13 },   // 'Ç''Ö'  -0.41px
    { 141, 158,  -13 },   // 'Ç''Ø'  -0.41px
    { 141, 163,   -8 },   // 'Ç''Ý'  -0.25px
    { 141, 172,  -10 },   // 'Ç''æ'  -0.31px
    { 141, 173,  -20 },   // 'Ç''ç'  -0.62px
    { 141, 174,  -20 },   // 'Ç''è'  -0.62px
    { 141, 175,  -20 },   // 'Ç''é'  -0.62px
    { 141, 176,  -20 },   // 'Ç''ê'  -0.62px
    { 141, 177,  -20 },   // 'Ç''ë'  -0.62px
    { 141, 182,  -20 },   // 'Ç''ð'  -0.62px
    { 141, 184,  -20 },   // 'Ç''ò'  -0.62px
    { 141, 185,  -20 },   // 'Ç''ó'  -0.62px
    { 141, 186,  -20 },   // 'Ç''ô'  -0.62px
    { 141, 187,  -20 },   // 'Ç''õ'  -0.62px
    { 141, 188,  -20 },   // 'Ç''ö'  -0.62px
    { 141, 190,  -20 },   // 'Ç''ø'  -0.62px
    { 141, 195,  -14 },   // 'Ç''ý'  -0.44px
    { 141, 197,  -14 },   // 'Ç''ÿ'  -0.44px
    { 142,  15,   19 },   // 'È''/'  +0.59px
    { 143,  15,   19 },   // 'É''/'  +0.59px
    { 144,  15,   19 },   // 'Ê''/'  +0.59px
    { 145,  15,   19 },   // 'Ë''/'  +0.59px
    { 150,  12,  -22 },   // 'Ð'','  -0.69px
    { 150,  14,  -22 },   // 'Ð''.'  -0.69px
    { 150,  33,   -8 },   // 'Ð''A'  -0.25px
    { 150,  42,  -19 },   // 'Ð''J'  -0.59px
    { 150,  52,  -25 },   // 'Ð''T'  -0.78px
    { 150,  54,  -10 },   // 'Ð''V'  -0.31px
    { 150,  55,  -10 },   // 'Ð''W'  -0.31px
    { 150,  56,  -16 },   // 'Ð''X'  -0.50px
    { 150,  57,  -25 },   // 'Ð''Y'  -0.78px
    { 150,  58,   -8 },   // 'Ð''Z'  -0.25px
    { 150,  63,  -22 },   // 'Ð''_'  -0.69px
    { 150,  74,   12 },   // 'Ð''j'  +0.38px
    { 150, 104,  -22 },   // 'Ð''…'  -0.69px
    { 150, 134,   -8 },   // 'Ð''À'  -0.25px
    { 150, 135,   -8 },   // 'Ð''Á'  -0.25px
    { 150, 136,   -8 },   // 'Ð''Â'  -0.25px
    { 150, 137,   -8 },   // 'Ð''Ã'  -0.25px
    { 150, 138,   -8 },   // 'Ð''Ä'  -0.25px
    { 150, 139,   -8 },   // 'Ð''Å'  -0.25px
    { 150, 140,   -8 },   // 'Ð''Æ'  -0.25px
    { 150, 163,  -25 },   // 'Ð''Ý'  -0.78px
    { 152,  12,  -22 },   // 'Ò'','  -0.69px
    { 152,  14,  -22 },   // 'Ò''.'  -0.69px
    { 152,  33,   -8 },   // 'Ò''A'  -0.25px
    { 152,  42,  -19 },   // 'Ò''J'  -0.59px
    { 152,  52,  -25 },   // 'Ò''T'  -0.78px
    { 152,  54,  -10 },   // 'Ò''V'  -0.31px
    { 152,  55,  -10 },   // 'Ò''W'  -0.31px
    { 152,  56,  -16 },   // 'Ò''X'  -0.50px
    { 152,  57,  -25 },   // 'Ò''Y'  -0.78px
    { 152,  58,   -8 },   // 'Ò''Z'  -0.25px
    { 152,  63,  -22 },   // 'Ò''_'  -0.69px
    { 152,  74,   12 },   // 'Ò''j'  +0.38px
    { 152, 104,  -22 },   // 'Ò''…'  -0.69px
    { 152, 134,   -8 },   // 'Ò''À'  -0.25px
    { 152, 135,   -8 },   // 'Ò''Á'  -0.25px
    { 152, 136,   -8 },   // 'Ò''Â'  -0.25px
    { 152, 137,   -8 },   // 'Ò''Ã'  -0.25px
    { 152, 138,   -8 },   // 'Ò''Ä'  -0.25px
    { 152, 139,   -8 },   // 'Ò''Å'  -0.25px
    { 152, 140,   -8 },   // 'Ò''Æ'  -0.25px
    { 152, 163,  -25 },   // 'Ò''Ý'  -0.78px
    { 153,  12,  -22 },   // 'Ó'','  -0.69px
    { 153,  14,  -22 },   // 'Ó''.'  -0.69px
    { 153,  33,   -8 },   // 'Ó''A'  -0.25px
    { 153,  42,  -19 },   // 'Ó''J'  -0.59px
    { 153,  52,  -25 },   // 'Ó''T'  -0.78px
    { 153,  54,  -10 },   // 'Ó''V'  -0.31px
    { 153,  55,  -10 },   // 'Ó''W'  -0.31px
    { 153,  56,  -16 },   // 'Ó''X'  -0.50px
    { 153,  57,  -25 },   // 'Ó''Y'  -0.78px
    { 153,  58,   -8 },   // 'Ó''Z'  -0.25px
    { 153,  63,  -22 },   // 'Ó''_'  -0.69px
    { 153,  74,   12 },   // 'Ó''j'  +0.38px
    { 153, 104,  -22 },   // 'Ó''…'  -0.69px
    { 153, 134,   -8 },   // 'Ó''À'  -0.25px
    { 153, 135,   -8 },   // 'Ó''Á'  -0.25px
    { 153, 136,   -8 },   // 'Ó''Â'  -0.25px
    { 153, 137,   -8 },   // 'Ó''Ã'  -0.25px
    { 153, 138,   -8 },   // 'Ó''Ä'  -0.25px
    { 153, 139,   -8 },   // 'Ó''Å'  -0.25px
    { 153, 140,   -8 },   // 'Ó''Æ'  -0.25px
    { 153, 163,  -25 },   // 'Ó''Ý'  -0.78px
    { 154,  12,  -22 },   // 'Ô'','  -0.69px
    { 154,  14,  -22 },   // 'Ô''.'  -0.69px
    { 154,  33,   -8 },   // 'Ô''A'  -0.25px
    { 154,  42,  -19 },   // 'Ô''J'  -0.59px
    { 154,  52,  -25 },   // 'Ô''T'  -0.78px
    { 154,  54,  -10 },   // 'Ô''V'  -0.31px
    { 154,  55,  -10 },   // 'Ô''W'  -0.31px
    { 154,  56,  -16 },   // 'Ô''X'  -0.50px
    { 154,  57,  -25 },   // 'Ô''Y'  -0.78px
    { 154,  58,   -8 },   // 'Ô''Z'  -0.25px
    { 154,  63,  -22 },   // 'Ô''_'  -0.69px
    { 154,  74,   12 },   // 'Ô''j'  +0.38px
    { 154, 104,  -22 },   // 'Ô''…'  -0.69px
    { 154, 134,   -8 },   // 'Ô''À'  -0.25px
    { 154, 135,   -8 },   // 'Ô''Á'  -0.25px
    { 154, 136,   -8 },   // 'Ô''Â'  -0.25px
    { 154, 137,   -8 },   // 'Ô''Ã'  -0.25px
    { 154, 138,   -8 },   // 'Ô''Ä'  -0.25px
    { 154, 139,   -8 },   // 'Ô''Å'  -0.25px
    { 154, 140,   -8 },   // 'Ô''Æ'  -0.25px
    { 154, 163,  -25 },   // 'Ô''Ý'  -0.78px
    { 155,  12,  -22 },   // 'Õ'','  -0.69px
    { 155,  14,  -22 },   // 'Õ''.'  -0.69px
    { 155,  33,   -8 },   // 'Õ''A'  -0.25px
    { 155,  42,  -19 },   // 'Õ''J'  -0.59px
    { 155,  52,  -25 },   // 'Õ''T'  -0.78px
    { 155,  54,  -10 },   // 'Õ''V'  -0.31px
    { 155,  55,  -10 },   // 'Õ''W'  -0.31px
    { 155,  56,  -16 },   // 'Õ''X'  -0.50px
    { 155,  57,  -25 },   // 'Õ''Y'  -0.78px
    { 155,  58,   -8 },   // 'Õ''Z'  -0.25px
    { 155,  63,  -22 },   // 'Õ''_'  -0.69px
    { 155,  74,   12 },   // 'Õ''j'  +0.38px
    { 155, 104,  -22 },   // 'Õ''…'  -0.69px
    { 155, 134,   -8 },   // 'Õ''À'  -0.25px
    { 155, 135,   -8 },   // 'Õ''Á'  -0.25px
    { 155, 136,   -8 },   // 'Õ''Â'  -0.25px
    { 155, 137,   -8 },   // 'Õ''Ã'  -0.25px
    { 155, 138,   -8 },   // 'Õ''Ä'  -0.25px
    { 155, 139,   -8 },   // 'Õ''Å'  -0.25px
    { 155, 140,   -8 },   // 'Õ''Æ'  -0.25px
    { 155, 163,  -25 },   // 'Õ''Ý'  -0.78px
    { 156,  12,  -22 },   // 'Ö'','  -0.69px
    { 156,  14,  -22 },   // 'Ö''.'  -0.69px
    { 156,  33,   -8 },   // 'Ö''A'  -0.25px
    { 156,  42,  -19 },   // 'Ö''J'  -0.59px
    { 156,  52,  -25 },   // 'Ö''T'  -0.78px
    { 156,  54,  -10 },   // 'Ö''V'  -0.31px
    { 156,  55,  -10 },   // 'Ö''W'  -0.31px
    { 156,  56,  -16 },   // 'Ö''X'  -0.50px
    { 156,  57,  -25 },   // 'Ö''Y'  -0.78px
    { 156,  58,   -8 },   // 'Ö''Z'  -0.25px
    { 156,  63,  -22 },   // 'Ö''_'  -0.69px
    { 156,  74,   12 },   // 'Ö''j'  +0.38px
    { 156, 104,  -22 },   // 'Ö''…'  -0.69px
    { 156, 134,   -8 },   // 'Ö''À'  -0.25px
    { 156, 135,   -8 },   // 'Ö''Á'  -0.25px
    { 156, 136,   -8 },   // 'Ö''Â'  -0.25px
    { 156, 137,   -8 },   // 'Ö''Ã'  -0.25px
    { 156, 138,   -8 },   // 'Ö''Ä'  -0.25px
    { 156, 139,   -8 },   // 'Ö''Å'  -0.25px
    { 156, 140,   -8 },   // 'Ö''Æ'  -0.25px
    { 156, 163,  -25 },   // 'Ö''Ý'  -0.78px
    { 158,  12,  -22 },   // 'Ø'','  -0.69px
    { 158,  14,  -22 },   // 'Ø''.'  -0.69px
    { 158,  33,   -8 },   // 'Ø''A'  -0.25px
    { 158,  42,  -19 },   // 'Ø''J'  -0.59px
    { 158,  52,  -25 },   // 'Ø''T'  -0.78px
    { 158,  54,  -10 },   // 'Ø''V'  -0.31px
    { 158,  55,  -10 },   // 'Ø''W'  -0.31px
    { 158,  56,  -16 },   // 'Ø''X'  -0.50px
    { 158,  57,  -25 },   // 'Ø''Y'  -0.78px
    { 158,  58,   -8 },   // 'Ø''Z'  -0.25px
    { 158,  63,  -22 },   // 'Ø''_'  -0.69px
    { 158,  74,   12 },   // 'Ø''j'  +0.38px
    { 158, 104,  -22 },   // 'Ø''…'  -0.69px
    { 158, 134,   -8 },   // 'Ø''À'  -0.25px
    { 158, 135,   -8 },   // 'Ø''Á'  -0.25px
    { 158, 136,   -8 },   // 'Ø''Â'  -0.25px
    { 158, 137,   -8 },   // 'Ø''Ã'  -0.25px
    { 158, 138,   -8 },   // 'Ø''Ä'  -0.25px
    { 158, 139,   -8 },   // 'Ø''Å'  -0.25px
    { 158, 140,   -8 },   // 'Ø''Æ'  -0.25px
    { 158, 163,  -25 },   // 'Ø''Ý'  -0.78px
    { 159,  12,  -12 },   // 'Ù'','  -0.38px
    { 159,  14,  -12 },   // 'Ù''.'  -0.38px
    { 159,  42,  -14 },   // 'Ù''J'  -0.44px
    { 159,  63,  -12 },   // 'Ù''_'  -0.38px
    { 159, 104,  -12 },   // 'Ù''…'  -0.38px
    { 160,  12,  -12 },   // 'Ú'','  -0.38px
    { 160,  14,  -12 },   // 'Ú''.'  -0.38px
    { 160,  42,  -14 },   // 'Ú''J'  -0.44px
    { 160,  63,  -12 },   // 'Ú''_'  -0.38px
    { 160, 104,  -12 },   // 'Ú''…'  -0.38px
    { 161,  12,  -12 },   // 'Û'','  -0.38px
    { 161,  14,  -12 },   // 'Û''.'  -0.38px
    { 161,  42,  -14 },   // 'Û''J'  -0.44px
    { 161,  63,  -12 },   // 'Û''_'  -0.38px
    { 161, 104,  -12 },   // 'Û''…'  -0.38px
    { 162,  12,  -12 },   // 'Ü'','  -0.38px
    { 162,  14,  -12 },   // 'Ü''.'  -0.38px
    { 162,  42,  -14 },   // 'Ü''J'  -0.44px
    { 162,  63,  -12 },   // 'Ü''_'  -0.38px
    { 162, 104,  -12 },   // 'Ü''…'  -0.38px
    { 163,   1,   24 },   // 'Ý''!'  +0.75px
    { 163,   9,   20 },   // 'Ý'')'  +0.62px
    { 163,  10,   12 },   // 'Ý''*'  +0.38px
    { 163,  12,  -39 },   // 'Ý'','  -1.22px
    { 163,  13,  -30 },   // 'Ý''-'  -0.94px
    { 163,  14,  -39 },   // 'Ý''.'  -1.22px
    { 163,  15,  -14 },   // 'Ý''/'  -0.44px
    { 163,  26,  -22 },   // 'Ý'':'  -0.69px
    { 163,  27,  -22 },   // 'Ý'';'  -0.69px
    { 163,  31,   20 },   // 'Ý''?'  +0.62px
    { 163,  32,  -25 },   // 'Ý''@'  -0.78px
    { 163,  33,  -38 },   // 'Ý''A'  -1.19px
    { 163,  34,   20 },   // 'Ý''B'  +0.62px
    { 163,  35,  -25 },   // 'Ý''C'  -0.78px
    { 163,  36,   20 },   // 'Ý''D'  +0.62px
    { 163,  37,   20 },   // 'Ý''E'  +0.62px
    { 163,  38,   20 },   // 'Ý''F'  +0.62px
    { 163,  39,  -25 },   // 'Ý''G'  -0.78px
    { 163,  40,   20 },   // 'Ý''H'  +0.62px
    { 163,  41,   20 },   // 'Ý''I'  +0.62px
    { 163,  42,  -26 },   // 'Ý''J'  -0.81px
    { 163,  43,   20 },   // 'Ý''K'  +0.62px
    { 163,  44,   20 },   // 'Ý''L'  +0.62px
    { 163,  45,   20 },   // 'Ý''M'  +0.62px
    { 163,  46,   20 },   // 'Ý''N'  +0.62px
    { 163,  47,  -25 },   // 'Ý''O'  -0.78px
    { 163,  48,   20 },   // 'Ý''P'  +0.62px
    { 163,  49,  -25 },   // 'Ý''Q'  -0.78px
    { 163,  50,   20 },   // 'Ý''R'  +0.62px
    { 163,  51,  -13 },   // 'Ý''S'  -0.41px
    { 163,  52,   10 },   // 'Ý''T'  +0.31px
    { 163,  61,   20 },   // 'Ý'']'  +0.62px
    { 163,  63,  -39 },   // 'Ý''_'  -1.22px
    { 163,  65,  -45 },   // 'Ý''a'  -1.41px
    { 163,  67,  -48 },   // 'Ý''c'  -1.50px
    { 163,  68,  -48 },   // 'Ý''d'  -1.50px
    { 163,  69,  -48 },   // 'Ý''e'  -1.50px
    { 163,  70,  -19 },   // 'Ý''f'  -0.59px
    { 163,  71,  -48 },   // 'Ý''g'  -1.50px
    { 163,  77,  -45 },   // 'Ý''m'  -1.41px
    { 163,  78,  -45 },   // 'Ý''n'  -1.41px
    { 163,  79,  -48 },   // 'Ý''o'  -1.50px
    { 163,  80,  -45 },   // 'Ý''p'  -1.41px
    { 163,  81,  -48 },   // 'Ý''q'  -1.50px
    { 163,  82,  -45 },   // 'Ý''r'  -1.41px
    { 163,  83,  -46 },   // 'Ý''s'  -1.44px
    { 163,  84,  -22 },   // 'Ý''t'  -0.69px
    { 163,  85,  -43 },   // 'Ý''u'  -1.34px
    { 163,  86,  -42 },   // 'Ý''v'  -1.31px
    { 163,  87,  -42 },   // 'Ý''w'  -1.31px
    { 163,  88,  -46 },   // 'Ý''x'  -1.44px
    { 163,  89,  -42 },   // 'Ý''y'  -1.31px
    { 163,  90,  -46 },   // 'Ý''z'  -1.44px
    { 163,  91,  -30 },   // 'Ý''{'  -0.94px
    { 163,  92,   20 },   // 'Ý''|'  +0.62px
    { 163,  93,   20 },   // 'Ý''}'  +0.62px
    { 163,  95,  -43 },   // 'Ý''‹'  -1.34px
    { 163,  96,  -34 },   // 'Ý''›'  -1.06px
    { 163,  97,  -30 },   // 'Ý''·'  -0.94px
    { 163, 102,  -30 },   // 'Ý''–'  -0.94px
    { 163, 103,  -30 },   // 'Ý''—'  -0.94px
    { 163, 104,  -39 },   // 'Ý''…'  -1.22px
    { 163, 110,   20 },   // 'Ý''¦'  +0.62px
    { 163, 113,  -25 },   // 'Ý''©'  -0.78px
    { 163, 114,   19 },   // 'Ý''ª'  +0.59px
    { 163, 115,  -43 },   // 'Ý''«'  -1.34px
    { 163, 117,  -25 },   // 'Ý''®'  -0.78px
    { 163, 119,   10 },   // 'Ý''°'  +0.31px
    { 163, 124,  -45 },   // 'Ý''µ'  -1.41px
    { 163, 128,   19 },   // 'Ý''º'  +0.59px
    { 163, 129,  -34 },   // 'Ý''»'  -1.06px
    { 163, 134,  -38 },   // 'Ý''À'  -1.19px
    { 163, 135,  -38 },   // 'Ý''Á'  -1.19px
    { 163, 136,  -38 },   // 'Ý''Â'  -1.19px
    { 163, 137,  -38 },   // 'Ý''Ã'  -1.19px
    { 163, 138,  -38 },   // 'Ý''Ä'  -1.19px
    { 163, 139,  -38 },   // 'Ý''Å'  -1.19px
    { 163, 140,  -38 },   // 'Ý''Æ'  -1.19px
    { 163, 141,  -25 },   // 'Ý''Ç'  -0.78px
    { 163, 142,   20 },   // 'Ý''È'  +0.62px
    { 163, 143,   20 },   // 'Ý''É'  +0.62px
    { 163, 144,   20 },   // 'Ý''Ê'  +0.62px
    { 163, 145,   20 },   // 'Ý''Ë'  +0.62px
    { 163, 146,   20 },   // 'Ý''Ì'  +0.62px
    { 163, 147,   20 },   // 'Ý''Í'  +0.62px
    { 163, 148,   20 },   // 'Ý''Î'  +0.62px
    { 163, 149,   20 },   // 'Ý''Ï'  +0.62px
    { 163, 150,   20 },   // 'Ý''Ð'  +0.62px
    { 163, 151,   20 },   // 'Ý''Ñ'  +0.62px
    { 163, 152,  -25 },   // 'Ý''Ò'  -0.78px
    { 163, 153,  -25 },   // 'Ý''Ó'  -0.78px
    { 163, 154,  -25 },   // 'Ý''Ô'  -0.78px
    { 163, 155,  -25 },   // 'Ý''Õ'  -0.78px
    { 163, 156,  -25 },   // 'Ý''Ö'  -0.78px
    { 163, 158,  -25 },   // 'Ý''Ø'  -0.78px
    { 163, 164,   20 },   // 'Ý''Þ'  +0.62px
    { 163, 172,  -45 },   // 'Ý''æ'  -1.41px
    { 163, 173,  -48 },   // 'Ý''ç'  -1.50px
    { 163, 174,  -48 },   // 'Ý''è'  -1.50px
    { 163, 175,  -48 },   // 'Ý''é'  -1.50px
    { 163, 176,  -48 },   // 'Ý''ê'  -1.50px
    { 163, 177,  -48 },   // 'Ý''ë'  -1.50px
    { 163, 182,  -48 },   // 'Ý''ð'  -1.50px
    { 163, 183,  -45 },   // 'Ý''ñ'  -1.41px
    { 163, 184,  -48 },   // 'Ý''ò'  -1.50px
    { 163, 185,  -48 },   // 'Ý''ó'  -1.50px
    { 163, 186,  -48 },   // 'Ý''ô'  -1.50px
    { 163, 187,  -48 },   // 'Ý''õ'  -1.50px
    { 163, 188,  -48 },   // 'Ý''ö'  -1.50px
    { 163, 190,  -48 },   // 'Ý''ø'  -1.50px
    { 163, 191,  -43 },   // 'Ý''ù'  -1.34px
    { 163, 192,  -43 },   // 'Ý''ú'  -1.34px
    { 163, 193,  -43 },   // 'Ý''û'  -1.34px
    { 163, 194,  -43 },   // 'Ý''ü'  -1.34px
    { 163, 195,  -42 },   // 'Ý''ý'  -1.31px
    { 163, 197,  -42 },   // 'Ý''ÿ'  -1.31px
    { 164,   9,   -8 },   // 'Þ'')'  -0.25px
    { 164,  12,  -25 },   // 'Þ'','  -0.78px
    { 164,  14,  -25 },   // 'Þ''.'  -0.78px
    { 164,  31,  -12 },   // 'Þ''?'  -0.38px
    { 164,  33,  -16 },   // 'Þ''A'  -0.50px
    { 164,  42,  -28 },   // 'Þ''J'  -0.88px
    { 164,  52,  -49 },   // 'Þ''T'  -1.53px
    { 164,  54,  -12 },   // 'Þ''V'  -0.38px
    { 164,  55,  -12 },   // 'Þ''W'  -0.38px
    { 164,  56,  -23 },   // 'Þ''X'  -0.72px
    { 164,  57,  -25 },   // 'Þ''Y'  -0.78px
    { 164,  58,  -18 },   // 'Þ''Z'  -0.56px
    { 164,  61,   -8 },   // 'Þ'']'  -0.25px
    { 164,  63,  -25 },   // 'Þ''_'  -0.78px
    { 164,  93,   -8 },   // 'Þ''}'  -0.25px
    { 164, 104,  -25 },   // 'Þ''…'  -0.78px
    { 164, 134,  -16 },   // 'Þ''À'  -0.50px
    { 164, 135,  -16 },   // 'Þ''Á'  -0.50px
    { 164, 136,  -16 },   // 'Þ''Â'  -0.50px
    { 164, 137,  -16 },   // 'Þ''Ã'  -0.50px
    { 164, 138,  -16 },   // 'Þ''Ä'  -0.50px
    { 164, 139,  -16 },   // 'Þ''Å'  -0.50px
    { 164, 140,  -16 },   // 'Þ''Æ'  -0.50px
    { 164, 163,  -25 },   // 'Þ''Ý'  -0.78px
    { 165,  10,  -28 },   // 'ß''*'  -0.88px
    { 165,  31,  -23 },   // 'ß''?'  -0.72px
    { 165,  84,  -10 },   // 'ß''t'  -0.31px
    { 165,  86,  -16 },   // 'ß''v'  -0.50px
    { 165,  87,  -16 },   // 'ß''w'  -0.50px
    { 165,  89,  -16 },   // 'ß''y'  -0.50px
    { 165,  98,  -11 },   // 'ß''‘'  -0.34px
    { 165,  99,  -11 },   // 'ß''’'  -0.34px
    { 165, 100,  -11 },   // 'ß''“'  -0.34px
    { 165, 101,  -11 },   // 'ß''”'  -0.34px
    { 165, 195,  -16 },   // 'ß''ý'  -0.50px
    { 165, 197,  -16 },   // 'ß''ÿ'  -0.50px
    { 172,  10,  -10 },   // 'æ''*'  -0.31px
    { 172,  98,  -16 },   // 'æ''‘'  -0.50px
    { 172,  99,  -16 },   // 'æ''’'  -0.50px
    { 172, 100,  -16 },   // 'æ''“'  -0.50px
    { 172, 101,  -16 },   // 'æ''”'  -0.50px
    { 172, 114,  -10 },   // 'æ''ª'  -0.31px
    { 172, 119,  -16 },   // 'æ''°'  -0.50px
    { 172, 128,  -10 },   // 'æ''º'  -0.31px
    { 173,  88,    8 },   // 'ç''x'  +0.25px
    { 174,  10,  -10 },   // 'è''*'  -0.31px
    { 174,  98,  -16 },   // 'è''‘'  -0.50px
    { 174,  99,  -16 },   // 'è''’'  -0.50px
    { 174, 100,  -16 },   // 'è''“'  -0.50px
    { 174, 101,  -16 },   // 'è''”'  -0.50px
    { 174, 114,  -10 },   // 'è''ª'  -0.31px
    { 174, 119,  -16 },   // 'è''°'  -0.50px
    { 174, 128,  -10 },   // 'è''º'  -0.31px
    { 175,  10,  -10 },   // 'é''*'  -0.31px
    { 175,  98,  -16 },   // 'é''‘'  -0.50px
    { 175,  99,  -16 },   // 'é''’'  -0.50px
    { 175, 100,  -16 },   // 'é''“'  -0.50px
    { 175, 101,  -16 },   // 'é''”'  -0.50px
    { 175, 114,  -10 },   // 'é''ª'  -0.31px
    { 175, 119,  -16 },   // 'é''°'  -0.50px
    { 175, 128,  -10 },   // 'é''º'  -0.31px
    { 176,  10,  -10 },   // 'ê''*'  -0.31px
    { 176,  98,  -16 },   // 'ê''‘'  -0.50px
    { 176,  99,  -16 },   // 'ê''’'  -0.50px
    { 176, 100,  -16 },   // 'ê''“'  -0.50px
    { 176, 101,  -16 },   // 'ê''”'  -0.50px
    { 176, 114,  -10 },   // 'ê''ª'  -0.31px
    { 176, 119,  -16 },   // 'ê''°'  -0.50px
    { 176, 128,  -10 },   // 'ê''º'  -0.31px
    { 177,  10,  -10 },   // 'ë''*'  -0.31px
    { 177,  98,  -16 },   // 'ë''‘'  -0.50px
    { 177,  99,  -16 },   // 'ë''’'  -0.50px
    { 177, 100,  -16 },   // 'ë''“'  -0.50px
    { 177, 101,  -16 },   // 'ë''”'  -0.50px
    { 177, 114,  -10 },   // 'ë''ª'  -0.31px
    { 177, 119,  -16 },   // 'ë''°'  -0.50px
    { 177, 128,  -10 },   // 'ë''º'  -0.31px
    { 178,  10,   14 },   // 'ì''*'  +0.44px
    { 178,  98,   20 },   // 'ì''‘'  +0.62px
    { 178,  99,   20 },   // 'ì''’'  +0.62px
    { 178, 100,   20 },   // 'ì''“'  +0.62px
    { 178, 101,   20 },   // 'ì''”'  +0.62px
    { 179,   9,   38 },   // 'í'')'  +1.19px
    { 179,  10,   14 },   // 'í''*'  +0.44px
    { 179,  61,   38 },   // 'í'']'  +1.19px
    { 179,  66,   18 },   // 'í''b'  +0.56px
    { 179,  72,   18 },   // 'í''h'  +0.56px
    { 179,  73,   18 },   // 'í''i'  +0.56px
    { 179,  75,   18 },   // 'í''k'  +0.56px
    { 179,  76,   18 },   // 'í''l'  +0.56px
    { 179,  93,   38 },   // 'í''}'  +1.19px
    { 179,  98,   20 },   // 'í''‘'  +0.62px
    { 179,  99,   20 },   // 'í''’'  +0.62px
    { 179, 100,   20 },   // 'í''“'  +0.62px
    { 179, 101,   20 },   // 'í''”'  +0.62px
    { 179, 165,   18 },   // 'í''ß'  +0.56px
    { 179, 178,   18 },   // 'í''ì'  +0.56px
    { 179, 179,   18 },   // 'í''í'  +0.56px
    { 179, 180,   18 },   // 'í''î'  +0.56px
    { 179, 181,   18 },   // 'í''ï'  +0.56px
    { 179, 196,   18 },   // 'í''þ'  +0.56px
    { 180,   9,   16 },   // 'î'')'  +0.50px
    { 180,  10,   29 },   // 'î''*'  +0.91px
    { 180,  61,   16 },   // 'î'']'  +0.50px
    { 180,  66,   20 },   // 'î''b'  +0.62px
    { 180,  72,   20 },   // 'î''h'  +0.62px
    { 180,  73,   20 },   // 'î''i'  +0.62px
    { 180,  75,   20 },   // 'î''k'  +0.62px
    { 180,  76,   20 },   // 'î''l'  +0.62px
    { 180,  93,   16 },   // 'î''}'  +0.50px
    { 180,  98,   20 },   // 'î''‘'  +0.62px
    { 180,  99,   20 },   // 'î''’'  +0.62px
    { 180, 100,   20 },   // 'î''“'  +0.62px
    { 180, 101,   20 },   // 'î''”'  +0.62px
    { 180, 165,   20 },   // 'î''ß'  +0.62px
    { 180, 178,   20 },   // 'î''ì'  +0.62px
    { 180, 179,   20 },   // 'î''í'  +0.62px
    { 180, 180,   20 },   // 'î''î'  +0.62px
    { 180, 181,   20 },   // 'î''ï'  +0.62px
    { 180, 196,   20 },   // 'î''þ'  +0.62px
    { 181,   9,   29 },   // 'ï'')'  +0.91px
    { 181,  10,   18 },   // 'ï''*'  +0.56px
    { 181,  61,   29 },   // 'ï'']'  +0.91px
    { 181,  93,   29 },   // 'ï''}'  +0.91px
    { 181,  98,   26 },   // 'ï''‘'  +0.81px
    { 181,  99,   26 },   // 'ï''’'  +0.81px
    { 181, 100,   26 },   // 'ï''“'  +0.81px
    { 181, 101,   26 },   // 'ï''”'  +0.81px
    { 182,  10,  -13 },   // 'ð''*'  -0.41px
    { 182,  12,  -10 },   // 'ð'','  -0.31px
    { 182,  13,    8 },   // 'ð''-'  +0.25px
    { 182,  14,  -10 },   // 'ð''.'  -0.31px
    { 182,  31,  -13 },   // 'ð''?'  -0.41px
    { 182,  63,  -10 },   // 'ð''_'  -0.31px
    { 182,  91,    8 },   // 'ð''{'  +0.25px
    { 182,  97,    8 },   // 'ð''·'  +0.25px
    { 182,  98,  -20 },   // 'ð''‘'  -0.62px
    { 182,  99,  -20 },   // 'ð''’'  -0.62px
    { 182, 100,  -20 },   // 'ð''“'  -0.62px
    { 182, 101,  -20 },   // 'ð''”'  -0.62px
    { 182, 102,    8 },   // 'ð''–'  +0.25px
    { 182, 103,    8 },   // 'ð''—'  +0.25px
    { 182, 104,  -10 },   // 'ð''…'  -0.31px
    { 182, 114,  -16 },   // 'ð''ª'  -0.50px
    { 182, 119,  -19 },   // 'ð''°'  -0.59px
    { 182, 128,  -16 },   // 'ð''º'  -0.50px
    { 183,  10,   -8 },   // 'ñ''*'  -0.25px
    { 183,  98,  -10 },   // 'ñ''‘'  -0.31px
    { 183,  99,  -10 },   // 'ñ''’'  -0.31px
    { 183, 100,  -10 },   // 'ñ''“'  -0.31px
    { 183, 101,  -10 },   // 'ñ''”'  -0.31px
    { 183, 114,  -12 },   // 'ñ''ª'  -0.38px
    { 183, 119,  -16 },   // 'ñ''°'  -0.50px
    { 183, 128,  -12 },   // 'ñ''º'  -0.38px
    { 184,  10,  -13 },   // 'ò''*'  -0.41px
    { 184,  12,  -10 },   // 'ò'','  -0.31px
    { 184,  13,    8 },   // 'ò''-'  +0.25px
    { 184,  14,  -10 },   // 'ò''.'  -0.31px
    { 184,  31,  -13 },   // 'ò''?'  -0.41px
    { 184,  63,  -10 },   // 'ò''_'  -0.31px
    { 184,  91,    8 },   // 'ò''{'  +0.25px
    { 184,  97,    8 },   // 'ò''·'  +0.25px
    { 184,  98,  -20 },   // 'ò''‘'  -0.62px
    { 184,  99,  -20 },   // 'ò''’'  -0.62px
    { 184, 100,  -20 },   // 'ò''“'  -0.62px
    { 184, 101,  -20 },   // 'ò''”'  -0.62px
    { 184, 102,    8 },   // 'ò''–'  +0.25px
    { 184, 103,    8 },   // 'ò''—'  +0.25px
    { 184, 104,  -10 },   // 'ò''…'  -0.31px
    { 184, 114,  -16 },   // 'ò''ª'  -0.50px
    { 184, 119,  -19 },   // 'ò''°'  -0.59px
    { 184, 128,  -16 },   // 'ò''º'  -0.50px
    { 185,  10,  -13 },   // 'ó''*'  -0.41px
    { 185,  12,  -10 },   // 'ó'','  -0.31px
    { 185,  13,    8 },   // 'ó''-'  +0.25px
    { 185,  14,  -10 },   // 'ó''.'  -0.31px
    { 185,  31,  -13 },   // 'ó''?'  -0.41px
    { 185,  63,  -10 },   // 'ó''_'  -0.31px
    { 185,  91,    8 },   // 'ó''{'  +0.25px
    { 185,  97,    8 },   // 'ó''·'  +0.25px
    { 185,  98,  -20 },   // 'ó''‘'  -0.62px
    { 185,  99,  -20 },   // 'ó''’'  -0.62px
    { 185, 100,  -20 },   // 'ó''“'  -0.62px
    { 185, 101,  -20 },   // 'ó''”'  -0.62px
    { 185, 102,    8 },   // 'ó''–'  +0.25px
    { 185, 103,    8 },   // 'ó''—'  +0.25px
    { 185, 104,  -10 },   // 'ó''…'  -0.31px
    { 185, 114,  -16 },   // 'ó''ª'  -0.50px
    { 185, 119,  -19 },   // 'ó''°'  -0.59px
    { 185, 128,  -16 },   // 'ó''º'  -0.50px
    { 186,  10,  -13 },   // 'ô''*'  -0.41px
    { 186,  12,  -10 },   // 'ô'','  -0.31px
    { 186,  13,    8 },   // 'ô''-'  +0.25px
    { 186,  14,  -10 },   // 'ô''.'  -0.31px
    { 186,  31,  -13 },   // 'ô''?'  -0.41px
    { 186,  63,  -10 },   // 'ô''_'  -0.31px
    { 186,  91,    8 },   // 'ô''{'  +0.25px
    { 186,  97,    8 },   // 'ô''·'  +0.25px
    { 186,  98,  -20 },   // 'ô''‘'  -0.62px
    { 186,  99,  -20 },   // 'ô''’'  -0.62px
    { 186, 100,  -20 },   // 'ô''“'  -0.62px
    { 186, 101,  -20 },   // 'ô''”'  -0.62px
    { 186, 102,    8 },   // 'ô''–'  +0.25px
    { 186, 103,    8 },   // 'ô''—'  +0.25px
    { 186, 104,  -10 },   // 'ô''…'  -0.31px
    { 186, 114,  -16 },   // 'ô''ª'  -0.50px
    { 186, 119,  -19 },   // 'ô''°'  -0.59px
    { 186, 128,  -16 },   // 'ô''º'  -0.50px
    { 187,  10,  -13 },   // 'õ''*'  -0.41px
    { 187,  12,  -10 },   // 'õ'','  -0.31px
    { 187,  13,    8 },   // 'õ''-'  +0.25px
    { 187,  14,  -10 },   // 'õ''.'  -0.31px
    { 187,  31,  -13 },   // 'õ''?'  -0.41px
    { 187,  63,  -10 },   // 'õ''_'  -0.31px
    { 187,  91,    8 },   // 'õ''{'  +0.25px
    { 187,  97,    8 },   // 'õ''·'  +0.25px
    { 187,  98,  -20 },   // 'õ''‘'  -0.62px
    { 187,  99,  -20 },   // 'õ''’'  -0.62px
    { 187, 100,  -20 },   // 'õ''“'  -0.62px
    { 187, 101,  -20 },   // 'õ''”'  -0.62px
    { 187, 102,    8 },   // 'õ''–'  +0.25px
    { 187, 103,    8 },   // 'õ''—'  +0.25px
    { 187, 104,  -10 },   // 'õ''…'  -0.31px
    { 187, 114,  -16 },   // 'õ''ª'  -0.50px
    { 187, 119,  -19 },   // 'õ''°'  -0.59px
    { 187, 128,  -16 },   // 'õ''º'  -0.50px
    { 188,  10,  -13 },   // 'ö''*'  -0.41px
    { 188,  12,  -10 },   // 'ö'','  -0.31px
    { 188,  13,    8 },   // 'ö''-'  +0.25px
    { 188,  14,  -10 },   // 'ö''.'  -0.31px
    { 188,  31,  -13 },   // 'ö''?'  -0.41px
    { 188,  63,  -10 },   // 'ö''_'  -0.31px
    { 188,  91,    8 },   // 'ö''{'  +0.25px
    { 188,  97,    8 },   // 'ö''·'  +0.25px
    { 188,  98,  -20 },   // 'ö''‘'  -0.62px
    { 188,  99,  -20 },   // 'ö''’'  -0.62px
    { 188, 100,  -20 },   // 'ö''“'  -0.62px
    { 188, 101,  -20 },   // 'ö''”'  -0.62px
    { 188, 102,    8 },   // 'ö''–'  +0.25px
    { 188, 103,    8 },   // 'ö''—'  +0.25px
    { 188, 104,  -10 },   // 'ö''…'  -0.31px
    { 188, 114,  -16 },   // 'ö''ª'  -0.50px
    { 188, 119,  -19 },   // 'ö''°'  -0.59px
    { 188, 128,  -16 },   // 'ö''º'  -0.50px
    { 190,  10,  -13 },   // 'ø''*'  -0.41px
    { 190,  12,  -10 },   // 'ø'','  -0.31px
    { 190,  13,    8 },   // 'ø''-'  +0.25px
    { 190,  14,  -10 },   // 'ø''.'  -0.31px
    { 190,  31,  -13 },   // 'ø''?'  -0.41px
    { 190,  63,  -10 },   // 'ø''_'  -0.31px
    { 190,  91,    8 },   // 'ø''{'  +0.25px
    { 190,  97,    8 },   // 'ø''·'  +0.25px
    { 190,  98,  -20 },   // 'ø''‘'  -0.62px
    { 190,  99,  -20 },   // 'ø''’'  -0.62px
    { 190, 100,  -20 },   // 'ø''“'  -0.62px
    { 190, 101,  -20 },   // 'ø''”'  -0.62px
    { 190, 102,    8 },   // 'ø''–'  +0.25px
    { 190, 103,    8 },   // 'ø''—'  +0.25px
    { 190, 104,  -10 },   // 'ø''…'  -0.31px
    { 190, 114,  -16 },   // 'ø''ª'  -0.50px
    { 190, 119,  -19 },   // 'ø''°'  -0.59px
    { 190, 128,  -16 },   // 'ø''º'  -0.50px
    { 195,  10,   12 },   // 'ý''*'  +0.38px
    { 195,  12,  -28 },   // 'ý'','  -0.88px
    { 195,  13,  -10 },   // 'ý''-'  -0.31px
    { 195,  14,  -28 },   // 'ý''.'  -0.88px
    { 195,  15,  -14 },   // 'ý''/'  -0.44px
    { 195,  31,  -10 },   // 'ý''?'  -0.31px
    { 195,  63,  -28 },   // 'ý''_'  -0.88px
    { 195,  84,    8 },   // 'ý''t'  +0.25px
    { 195,  86,   23 },   // 'ý''v'  +0.72px
    { 195,  87,   23 },   // 'ý''w'  +0.72px
    { 195,  89,   23 },   // 'ý''y'  +0.72px
    { 195,  91,  -10 },   // 'ý''{'  -0.31px
    { 195,  95,  -10 },   // 'ý''‹'  -0.31px
    { 195,  97,  -10 },   // 'ý''·'  -0.31px
    { 195, 102,  -10 },   // 'ý''–'  -0.31px
    { 195, 103,  -10 },   // 'ý''—'  -0.31px
    { 195, 104,  -28 },   // 'ý''…'  -0.88px
    { 195, 114,   12 },   // 'ý''ª'  +0.38px
    { 195, 115,  -10 },   // 'ý''«'  -0.31px
    { 195, 128,   12 },   // 'ý''º'  +0.38px
    { 195, 195,   23 },   // 'ý''ý'  +0.72px
    { 195, 197,   23 },   // 'ý''ÿ'  +0.72px
    { 196,  10,  -13 },   // 'þ''*'  -0.41px
    { 196,  12,  -10 },   // 'þ'','  -0.31px
    { 196,  13,    8 },   // 'þ''-'  +0.25px
    { 196,  14,  -10 },   // 'þ''.'  -0.31px
    { 196,  31,  -13 },   // 'þ''?'  -0.41px
    { 196,  63,  -10 },   // 'þ''_'  -0.31px
    { 196,  91,    8 },   // 'þ''{'  +0.25px
    { 196,  97,    8 },   // 'þ''·'  +0.25px
    { 196,  98,  -20 },   // 'þ''‘'  -0.62px
    { 196,  99,  -20 },   // 'þ''’'  -0.62px
    { 196, 100,  -20 },   // 'þ''“'  -0.62px
    { 196, 101,  -20 },   // 'þ''”'  -0.62px
    { 196, 102,    8 },   // 'þ''–'  +0.25px
    { 196, 103,    8 },   // 'þ''—'  +0.25px
    { 196, 104,  -10 },   // 'þ''…'  -0.31px
    { 196, 114,  -16 },   // 'þ''ª'  -0.50px
    { 196, 119,  -19 },   // 'þ''°'  -0.59px
    { 196, 128,  -16 },   // 'þ''º'  -0.50px
    { 197,  10,   12 },   // 'ÿ''*'  +0.38px
    { 197,  12,  -28 },   // 'ÿ'','  -0.88px
    { 197,  13,  -10 },   // 'ÿ''-'  -0.31px
    { 197,  14,  -28 },   // 'ÿ''.'  -0.88px
    { 197,  15,  -14 },   // 'ÿ''/'  -0.44px
    { 197,  31,  -10 },   // 'ÿ''?'  -0.31px
    { 197,  63,  -28 },   // 'ÿ''_'  -0.88px
    { 197,  84,    8 },   // 'ÿ''t'  +0.25px
    { 197,  86,   23 },   // 'ÿ''v'  +0.72px
    { 197,  87,   23 },   // 'ÿ''w'  +0.72px
    { 197,  89,   23 },   // 'ÿ''y'  +0.72px
    { 197,  91,  -10 },   // 'ÿ''{'  -0.31px
    { 197,  95,  -10 },   // 'ÿ''‹'  -0.31px
    { 197,  97,  -10 },   // 'ÿ''·'  -0.31px
    { 197, 102,  -10 },   // 'ÿ''–'  -0.31px
    { 197, 103,  -10 },   // 'ÿ''—'  -0.31px
    { 197, 104,  -28 },   // 'ÿ''…'  -0.88px
    { 197, 114,   12 },   // 'ÿ''ª'  +0.38px
    { 197, 115,  -10 },   // 'ÿ''«'  -0.31px
    { 197, 128,   12 },   // 'ÿ''º'  +0.38px
    { 197, 195,   23 },   // 'ÿ''ý'  +0.72px
    { 197, 197,   23 },   // 'ÿ''ÿ'  +0.72px
};

const atlas_t NUNITO_BOLD_18 = {
    .glyphs      = NUNITO_BOLD_18_GLYPHS,
    .data        = NUNITO_BOLD_18_DATA,
    .kern        = NUNITO_BOLD_18_KERN,
    .kern_n      = 5916,
    .tracking    = 6,   // +0.09px letter-spacing
    .ascent      = 19,
    .descent     = 7,
    .line_height = 26,
};
